location,code,region,income,year,Health Expenditure % of GDP,Health Expenditure Per Capita (USD),Govt Share of Health Expenditure (%),Private Share of Health Expenditure (%),Out-of-Pocket Share of Health Expenditure (%),Voluntary Health Insurance Share of Health Expenditure (%),External Aid Share of Health Expenditure (%),Social Health Insurance Share of Health Expenditure (%),Social Health Insurance Funds Per Capita (Local Currency),Voluntary Health Insurance Per Capita (Local Currency),Voluntary Health Insurance Per Capita (Local Currency),Ministry of Health Per Capita (Local Currency),GDP Per Capita (USD),General Govt Expenditure % of GDP,Govt Health Expenditure % of GDP,Total Population
Antigua and Barbuda,ATG,AMR,High,2000,4.3,520,57.8,41.8,22.2,19.6,0.3,21.7,275,5,312,512,"12,029",21.1,2.5,75
Antigua and Barbuda,ATG,AMR,High,2001,5.0,572,59.1,40.8,22.7,18.1,0.1,20.9,280,1,351,591,"11,539",24.2,2.9,76
Antigua and Barbuda,ATG,AMR,High,2002,4.8,559,58.4,41.4,22.7,18.7,0.1,17.1,282,2,343,626,"11,659",26.3,2.8,77
Antigua and Barbuda,ATG,AMR,High,2003,5.0,614,59.9,40.1,23.2,16.9,0.0,16.5,280,0,385,720,"12,174",24.3,3.0,78
Antigua and Barbuda,ATG,AMR,High,2004,4.6,598,58.0,41.9,24.3,17.6,0.0,16.9,285,0,392,664,"13,037",21.9,2.7,79
Antigua and Barbuda,ATG,AMR,High,2005,4.5,641,55.6,44.2,27.1,17.1,0.2,16.5,300,0,469,677,"14,371",21.5,2.5,80
Antigua and Barbuda,ATG,AMR,High,2006,4.1,665,53.0,46.9,30.3,16.6,0.1,14.6,300,0,544,689,"16,174",26.0,2.2,81
Antigua and Barbuda,ATG,AMR,High,2007,3.9,714,51.3,48.5,32.5,16.0,0.1,15.3,311,1,627,695,"18,205",23.8,2.0,82
Antigua and Barbuda,ATG,AMR,High,2008,3.7,694,50.8,49.0,31.9,17.1,0.2,18.7,325,0,598,601,"18,788",23.2,1.9,83
Antigua and Barbuda,ATG,AMR,High,2009,3.7,610,54.9,45.1,25.3,19.8,0.0,20.5,326,0,416,567,"16,474",32.1,2.0,84
Antigua and Barbuda,ATG,AMR,High,2010,4.8,724,58.3,41.6,24.7,16.9,0.1,22.4,332,0,483,703,"15,219",20.0,2.8,85
Antigua and Barbuda,ATG,AMR,High,2011,4.8,717,56.9,43.0,25.8,17.2,0.1,22.5,334,1,499,668,"14,912",21.1,2.7,86
Antigua and Barbuda,ATG,AMR,High,2012,4.8,754,56.3,43.7,26.9,16.8,0.0,23.4,342,0,547,668,"15,641",18.5,2.7,87
Antigua and Barbuda,ATG,AMR,High,2013,4.9,739,56.1,43.7,26.8,16.9,0.2,24.8,342,0,534,625,"15,052",20.7,2.8,88
Antigua and Barbuda,ATG,AMR,High,2014,5.3,827,59.2,40.8,25.3,15.5,0.0,23.5,346,0,566,795,"15,534",20.8,3.1,89
Antigua and Barbuda,ATG,AMR,High,2015,4.9,789,59.8,40.2,23.5,16.7,0.0,26.5,356,0,501,708,"16,077",24.8,2.9,89
Antigua and Barbuda,ATG,AMR,High,2016,4.9,818,55.8,44.1,27.5,16.6,0.0,28.9,367,0,608,596,"16,557",23.8,2.8,90
Antigua and Barbuda,ATG,AMR,High,2017,4.7,791,56.2,43.8,26.6,17.2,0.0,28.5,369,0,568,591,"16,965",22.6,2.6,90
Antigua and Barbuda,ATG,AMR,High,2018,4.7,856,60.1,39.8,23.7,16.2,0.1,29.3,376,0,547,712,"18,273",21.5,2.8,91
Antigua and Barbuda,ATG,AMR,High,2019,4.3,808,58.4,41.5,24.3,17.2,0.0,29.0,377,0,529,642,"18,895",22.1,2.5,91
Antigua and Barbuda,ATG,AMR,High,2020,5.7,874,63.0,36.9,21.1,15.8,0.1,30.1,376,0,497,775,"15,368",26.0,3.6,92
Antigua and Barbuda,ATG,AMR,High,2021,4.8,835,63.6,36.2,20.6,15.6,0.1,32.6,355,0,465,701,"17,350",23.4,3.1,92
Antigua and Barbuda,ATG,AMR,High,2022,4.4,891,64.3,35.5,18.0,17.5,0.2,31.0,425,0,433,801,"20,106",20.7,2.9,93
Antigua and Barbuda,ATG,AMR,High,2023,3.9,841,59.0,41.0,20.8,20.2,0.0,32.5,459,0,473,601,"21,496",18.8,2.3,93
Argentina,ARG,AMR,Upper-middle,2000,8.2,702,54.7,45.2,29.1,13.4,0.0,31.5,113,0,204,163,"8,543",25.2,4.5,"37,214"
Argentina,ARG,AMR,Upper-middle,2001,8.3,661,54.1,45.7,29.8,12.9,0.2,31.5,105,1,197,150,"7,989",26.4,4.5,"37,625"
Argentina,ARG,AMR,Upper-middle,2002,7.3,220,52.9,45.1,30.2,12.6,2.0,31.2,107,7,204,153,"3,000",21.9,3.9,"38,029"
Argentina,ARG,AMR,Upper-middle,2003,6.9,261,54.3,45.4,28.1,13.7,0.3,30.4,131,2,213,183,"3,771",22.0,3.8,"38,424"
Argentina,ARG,AMR,Upper-middle,2004,7.1,303,48.5,45.1,28.2,13.9,6.4,30.3,155,53,250,214,"4,275",23.0,3.4,"38,816"
Argentina,ARG,AMR,Upper-middle,2005,7.7,396,50.8,48.0,32.5,12.4,1.1,29.0,178,13,374,264,"5,116",24.4,3.9,"39,217"
Argentina,ARG,AMR,Upper-middle,2006,7.7,456,52.5,47.2,32.1,12.0,0.3,29.4,211,4,447,325,"5,916",26.6,4.0,"39,622"
Argentina,ARG,AMR,Upper-middle,2007,7.9,569,54.0,45.8,31.2,11.5,0.2,30.4,257,4,549,420,"7,241",29.6,4.2,"40,017"
Argentina,ARG,AMR,Upper-middle,2008,8.2,745,54.3,44.7,30.0,11.8,0.9,31.6,347,19,704,552,"9,045",30.8,4.5,"40,424"
Argentina,ARG,AMR,Upper-middle,2009,9.6,788,60.1,39.7,25.9,11.3,0.3,35.8,406,5,756,713,"8,233",34.5,5.7,"40,855"
Argentina,ARG,AMR,Upper-middle,2010,9.5,980,58.7,41.0,26.7,11.8,0.3,35.5,550,8,"1,018",895,"10,329",33.4,5.6,"41,289"
Argentina,ARG,AMR,Upper-middle,2011,9.5,"1,208",60.1,39.3,26.6,10.2,0.6,36.3,637,20,"1,323","1,206","12,704",34.9,5.7,"41,731"
Argentina,ARG,AMR,Upper-middle,2012,9.9,"1,363",62.1,37.3,25.9,9.0,0.5,37.7,715,22,"1,604","1,535","13,790",36.8,6.1,"42,162"
Argentina,ARG,AMR,Upper-middle,2013,9.9,"1,429",63.5,36.1,26.4,7.1,0.4,38.3,755,34,"2,063","1,999","14,403",37.6,6.3,"42,582"
Argentina,ARG,AMR,Upper-middle,2014,9.8,"1,291",65.4,34.1,26.7,5.0,0.5,39.6,790,36,"2,784","2,723","13,180",38.9,6.4,"43,024"
Argentina,ARG,AMR,Upper-middle,2015,10.3,"1,524",66.2,33.5,25.8,5.2,0.3,39.4,"1,080",40,"3,633","3,819","14,833",41.4,6.8,"43,477"
Argentina,ARG,AMR,Upper-middle,2016,10.1,"1,277",65.4,34.3,26.5,5.3,0.3,39.2,"1,474",51,"4,989","5,002","12,700",41.5,6.6,"43,900"
Argentina,ARG,AMR,Upper-middle,2017,10.3,"1,491",65.1,34.4,20.7,11.6,0.4,39.1,"3,379",108,"5,124","6,537","14,533",41.1,6.7,"44,289"
Argentina,ARG,AMR,Upper-middle,2018,10.2,"1,196",60.1,39.6,24.0,13.5,0.3,35.6,"5,247",94,"8,071","8,298","11,753",38.9,6.1,"44,655"
Argentina,ARG,AMR,Upper-middle,2019,10.1,"1,007",61.5,38.3,23.3,13.0,0.2,36.7,"7,296",108,"11,290","12,107","9,956",38.1,6.2,"44,973"
Argentina,ARG,AMR,Upper-middle,2020,10.7,911,65.5,34.3,20.9,11.7,0.2,37.5,"8,646",124,"13,399","18,104","8,536",42.5,7.0,"45,192"
Argentina,ARG,AMR,Upper-middle,2021,11.0,"1,182",57.7,41.2,25.6,14.3,1.1,31.1,"17,554","1,242","28,746","31,053","10,738",37.9,6.3,"45,312"
Argentina,ARG,AMR,Upper-middle,2022,10.2,"1,416",58.6,40.2,25.2,14.1,1.2,33.0,"27,694","2,175","46,625","49,572","13,936",37.7,6.0,"45,408"
Argentina,ARG,AMR,Upper-middle,2023,10.3,"1,457",60.2,38.9,24.5,13.7,0.8,34.6,"62,419","3,640","105,622","114,347","14,187",37.8,6.2,"45,538"
Bahamas,BHS,AMR,High,2000,3.8,949,39.6,59.8,27.2,32.5,0.7,1.5,315,0,258,362,"24,939",11.3,1.5,324
Bahamas,BHS,AMR,High,2001,3.9,996,39.9,59.5,28.2,31.2,0.6,2.6,317,0,281,372,"25,372",11.2,1.6,328
Bahamas,BHS,AMR,High,2002,3.8,"1,021",39.6,59.8,28.8,31.0,0.6,2.1,323,0,294,383,"26,781",11.3,1.5,332
Bahamas,BHS,AMR,High,2003,4.0,"1,062",40.5,58.9,28.6,30.3,0.6,1.7,328,0,304,412,"26,429",11.8,1.6,336
Bahamas,BHS,AMR,High,2004,4.0,"1,078",39.8,59.6,29.6,30.0,0.5,2.2,330,0,319,405,"26,649",12.4,1.6,340
Bahamas,BHS,AMR,High,2005,4.0,"1,153",39.4,60.1,30.4,29.8,0.5,2.2,349,0,350,429,"28,602",12.3,1.6,344
Bahamas,BHS,AMR,High,2006,4.3,"1,258",38.5,60.9,29.4,31.5,0.7,2.5,405,0,369,452,"29,184",13.0,1.7,348
Bahamas,BHS,AMR,High,2007,4.5,"1,351",40.0,59.3,28.7,30.6,0.6,2.4,422,0,388,509,"30,051",13.3,1.8,353
Bahamas,BHS,AMR,High,2008,4.9,"1,429",42.9,56.5,27.8,28.7,0.6,2.7,419,0,397,574,"29,392",14.4,2.1,358
Bahamas,BHS,AMR,High,2009,5.2,"1,417",45.6,53.9,27.0,26.8,0.6,2.4,388,0,383,611,"27,513",15.6,2.3,363
Bahamas,BHS,AMR,High,2010,5.3,"1,444",45.1,54.4,27.6,26.8,0.6,2.8,395,0,399,611,"27,474",15.3,2.4,367
Bahamas,BHS,AMR,High,2011,5.3,"1,442",44.6,54.8,28.0,26.9,0.6,1.7,396,0,403,618,"27,090",17.1,2.4,372
Bahamas,BHS,AMR,High,2012,5.3,"1,519",43.5,55.9,28.7,27.2,0.6,2.0,422,0,437,631,"28,551",16.5,2.3,375
Bahamas,BHS,AMR,High,2013,5.7,"1,559",45.6,53.8,27.9,25.9,0.5,2.9,412,0,436,667,"27,433",18.5,2.6,379
Bahamas,BHS,AMR,High,2014,5.6,"1,619",45.0,54.5,28.3,26.2,0.6,4.2,433,0,459,659,"28,705",17.8,2.5,382
Bahamas,BHS,AMR,High,2015,5.2,"1,589",44.4,55.1,30.4,24.7,0.6,4.3,401,0,483,636,"30,290",18.1,2.3,385
Bahamas,BHS,AMR,High,2016,5.7,"1,712",48.1,51.4,28.3,26.5,0.6,4.7,463,0,484,684,"30,266",19.6,2.7,388
Bahamas,BHS,AMR,High,2017,6.6,"2,069",54.2,45.4,24.9,30.0,0.5,3.3,631,0,516,855,"31,338",22.9,3.6,390
Bahamas,BHS,AMR,High,2018,5.8,"1,876",47.9,51.6,28.7,31.6,0.5,3.6,603,,538,667,"32,125",19.5,2.8,393
Bahamas,BHS,AMR,High,2019,5.7,"1,881",50.4,49.1,27.6,28.1,0.5,4.5,538,0,519,740,"32,979",20.3,2.9,395
Bahamas,BHS,AMR,High,2020,7.4,"1,861",59.1,40.5,22.7,27.1,0.4,4.9,513,0,423,834,"25,155",29.3,4.4,396
Bahamas,BHS,AMR,High,2021,6.8,"1,946",51.8,47.7,26.8,28.7,0.5,5.9,568,0,521,742,"28,683",28.5,3.5,396
Bahamas,BHS,AMR,High,2022,7.0,"2,327",56.7,42.9,24.1,32.7,0.4,6.0,771,0,560,856,"33,043",25.3,4.0,398
Bahamas,BHS,AMR,High,2023,6.3,"2,262",50.6,48.9,27.5,29.3,0.5,6.4,675,0,622,821,"35,895",23.6,3.2,399
Barbados,BRB,AMR,High,2000,4.9,622,51.9,48.1,39.4,8.5,0.0,0.2,119,0,490,633,"12,636",20.8,2.6,262
Barbados,BRB,AMR,High,2001,5.1,643,53.3,46.7,38.1,8.4,0.0,0.2,121,0,490,673,"12,600",22.0,2.7,262
Barbados,BRB,AMR,High,2002,5.4,689,53.5,44.4,36.5,7.7,2.1,0.1,119,29,503,755,"12,733",31.0,2.9,264
Barbados,BRB,AMR,High,2003,6.2,808,56.3,41.9,35.9,6.1,1.8,0.2,110,30,580,922,"13,090",29.9,3.5,266
Barbados,BRB,AMR,High,2004,6.7,942,59.4,39.4,33.6,6.0,1.2,0.0,128,23,633,"1,123","14,042",28.5,4.0,267
Barbados,BRB,AMR,High,2005,6.1,963,57.2,41.6,35.0,6.6,1.2,0.2,144,23,675,"1,104","15,677",28.7,3.5,269
Barbados,BRB,AMR,High,2006,5.9,"1,028",56.3,42.2,35.4,6.9,1.5,0.1,158,31,728,"1,169","17,417",27.2,3.3,270
Barbados,BRB,AMR,High,2007,5.4,"1,043",54.5,43.6,36.8,6.8,2.0,0.1,160,40,769,"1,156","19,437",27.8,2.9,271
Barbados,BRB,AMR,High,2008,5.7,"1,137",55.3,41.6,35.5,6.3,3.1,0.1,170,62,806,"1,294","19,806",28.1,3.2,273
Barbados,BRB,AMR,High,2009,6.3,"1,164",54.6,42.0,36.3,5.9,3.5,0.1,159,77,846,"1,321","18,472",29.5,3.4,274
Barbados,BRB,AMR,High,2010,6.0,"1,114",53.4,44.3,38.1,6.2,2.3,0.1,161,46,849,"1,216","18,665",29.7,3.2,275
Barbados,BRB,AMR,High,2011,6.1,"1,163",48.5,48.5,42.2,6.3,3.0,0.1,168,66,982,"1,174","19,199",27.7,2.9,276
Barbados,BRB,AMR,High,2012,6.9,"1,295",55.3,44.3,38.6,5.9,0.4,0.1,176,7,"1,000","1,412","18,896",30.6,3.8,277
Barbados,BRB,AMR,High,2013,6.5,"1,246",51.4,46.8,40.4,6.2,1.8,0.1,176,42,"1,007","1,308","19,223",30.8,3.3,278
Barbados,BRB,AMR,High,2014,6.1,"1,175",47.1,50.6,43.6,6.7,2.3,0.1,177,50,"1,026","1,147","19,278",29.0,2.9,278
Barbados,BRB,AMR,High,2015,6.1,"1,155",46.8,51.5,44.4,6.8,1.7,0.0,177,36,"1,026","1,106","18,954",31.4,2.8,279
Barbados,BRB,AMR,High,2016,6.2,"1,181",46.0,52.3,45.1,6.9,1.7,0.1,184,37,"1,064","1,113","19,067",30.7,2.9,280
Barbados,BRB,AMR,High,2017,6.0,"1,182",45.1,52.9,45.6,7.0,2.0,0.0,182,47,"1,077","1,105","19,693",29.8,2.7,280
Barbados,BRB,AMR,High,2018,5.8,"1,169",45.5,53.3,45.9,7.0,1.2,0.0,179,28,"1,073","1,085","20,056",26.9,2.7,281
Barbados,BRB,AMR,High,2019,5.7,"1,168",44.9,54.2,46.7,7.1,0.9,0.2,184,21,"1,091","1,057","20,584",23.9,2.5,281
Barbados,BRB,AMR,High,2020,6.7,"1,234",49.4,49.9,42.9,6.6,0.8,0.0,178,19,"1,060","1,230","18,348",30.3,3.3,282
Barbados,BRB,AMR,High,2021,7.4,"1,391",54.3,45.0,38.8,5.9,0.7,0.0,181,19,"1,079","1,522","18,696",32.5,4.0,282
Barbados,BRB,AMR,High,2022,5.9,"1,302",45.0,54.3,46.7,7.1,0.7,0.1,204,18,"1,217","1,182","22,165",30.3,2.6,282
Barbados,BRB,AMR,High,2023,5.4,"1,286",41.6,57.5,49.5,7.5,0.9,0.0,214,23,"1,273","1,085","23,803",28.8,2.3,282
Belize,BLZ,AMR,Upper-middle,2000,2.9,139,46.0,47.5,38.1,9.3,6.5,2.1,43,1,106,124,"4,730",23.1,1.4,241
Belize,BLZ,AMR,Upper-middle,2001,3.5,163,51.1,42.3,34.0,8.3,6.6,5.6,47,1,111,150,"4,723",25.8,1.8,248
Belize,BLZ,AMR,Upper-middle,2002,3.6,173,51.5,42.2,33.9,8.3,6.3,9.3,48,2,117,148,"4,861",24.3,1.8,256
Belize,BLZ,AMR,Upper-middle,2003,3.5,175,49.7,42.7,34.3,8.4,7.6,7.0,48,8,120,157,"4,962",24.6,1.8,264
Belize,BLZ,AMR,Upper-middle,2004,3.4,176,50.0,42.6,34.3,8.4,7.3,6.5,48,7,121,161,"5,157",21.7,1.7,272
Belize,BLZ,AMR,Upper-middle,2005,3.4,181,51.9,41.2,33.1,8.1,6.9,6.2,51,4,120,169,"5,273",21.4,1.8,280
Belize,BLZ,AMR,Upper-middle,2006,3.5,196,55.6,37.5,30.2,7.4,6.9,7.2,46,10,118,199,"5,527",21.2,2.0,288
Belize,BLZ,AMR,Upper-middle,2007,4.1,234,58.6,32.5,26.1,6.4,8.9,7.8,47,25,122,262,"5,765",22.1,2.4,296
Belize,BLZ,AMR,Upper-middle,2008,4.5,258,64.6,30.2,24.2,5.9,5.3,7.8,50,8,125,300,"5,714",21.8,2.9,304
Belize,BLZ,AMR,Upper-middle,2009,4.5,243,64.2,30.3,24.3,5.9,5.5,8.7,48,7,118,278,"5,401",23.2,2.9,313
Belize,BLZ,AMR,Upper-middle,2010,4.5,244,66.6,30.6,24.6,6.0,2.8,9.9,40,3,120,279,"5,451",23.3,3.0,320
Belize,BLZ,AMR,Upper-middle,2011,4.5,253,66.0,29.9,24.0,5.9,4.1,9.3,46,4,122,291,"5,582",23.5,3.0,327
Belize,BLZ,AMR,Upper-middle,2012,4.3,248,66.0,31.3,25.2,6.2,2.7,8.7,43,1,125,285,"5,710",22.2,2.9,334
Belize,BLZ,AMR,Upper-middle,2013,4.4,263,66.2,31.6,25.4,6.2,2.3,8.3,44,0,133,305,"5,951",23.8,2.9,342
Belize,BLZ,AMR,Upper-middle,2014,4.9,299,62.3,28.4,22.8,5.6,9.3,8.0,88,1,136,326,"6,129",24.8,3.0,349
Belize,BLZ,AMR,Upper-middle,2015,4.7,287,68.1,29.0,23.3,5.7,3.0,9.8,42,8,134,342,"6,154",28.0,3.2,356
Belize,BLZ,AMR,Upper-middle,2016,4.8,293,70.2,28.1,22.6,5.5,1.7,8.5,40,3,132,364,"6,142",27.7,3.4,365
Belize,BLZ,AMR,Upper-middle,2017,4.6,281,69.6,28.8,23.1,5.7,1.6,8.5,40,1,130,343,"6,073",27.7,3.2,373
Belize,BLZ,AMR,Upper-middle,2018,4.8,287,68.9,28.6,23.0,5.6,2.5,8.3,45,2,132,350,"6,032",26.8,3.3,380
Belize,BLZ,AMR,Upper-middle,2019,4.8,298,68.8,28.2,22.7,5.5,3.0,7.9,49,1,135,365,"6,191",27.4,3.3,386
Belize,BLZ,AMR,Upper-middle,2020,5.3,279,71.2,25.9,20.8,5.1,2.9,7.2,32,13,116,370,"5,228",33.2,3.8,391
Belize,BLZ,AMR,Upper-middle,2021,5.0,309,69.7,27.4,22.0,5.4,2.9,6.0,40,12,136,405,"6,122",25.8,3.5,395
Belize,BLZ,AMR,Upper-middle,2022,4.2,298,62.0,33.4,26.8,6.6,4.6,7.2,58,8,160,335,"7,068",22.8,2.6,403
Belize,BLZ,AMR,Upper-middle,2023,4.1,309,65.1,33.3,26.8,6.5,1.6,8.0,44,6,166,359,"7,460",24.8,2.7,411
Bolivia (Plurinational State of),BOL,AMR,Lower-middle,2000,4.4,43,55.3,38.4,33.5,4.1,6.3,32.4,17,10,89,73,976,29.3,2.4,"8,606"
Bolivia (Plurinational State of),BOL,AMR,Lower-middle,2001,4.8,45,54.2,39.4,33.1,4.6,6.4,32.3,21,12,98,78,930,32.0,2.6,"8,753"
Bolivia (Plurinational State of),BOL,AMR,Lower-middle,2002,4.9,43,53.1,39.9,33.9,4.2,7.0,31.5,20,15,106,84,888,33.3,2.6,"8,900"
Bolivia (Plurinational State of),BOL,AMR,Lower-middle,2003,5.2,46,53.0,38.1,32.0,4.3,8.9,30.2,21,27,114,110,893,32.0,2.8,"9,051"
Bolivia (Plurinational State of),BOL,AMR,Lower-middle,2004,4.9,46,52.1,38.7,32.6,4.1,9.2,29.5,25,25,120,110,953,32.3,2.5,"9,204"
Bolivia (Plurinational State of),BOL,AMR,Lower-middle,2005,5.1,52,54.3,38.1,32.0,4.1,7.6,30.0,24,26,134,130,"1,020",33.2,2.8,"9,361"
Bolivia (Plurinational State of),BOL,AMR,Lower-middle,2006,4.7,56,56.0,38.2,32.3,4.1,5.7,28.9,25,20,145,144,"1,203",29.8,2.6,"9,522"
Bolivia (Plurinational State of),BOL,AMR,Lower-middle,2007,4.7,64,59.1,36.3,30.8,3.8,4.6,28.1,29,14,154,171,"1,355",32.7,2.8,"9,686"
Bolivia (Plurinational State of),BOL,AMR,Lower-middle,2008,4.6,78,58.7,35.4,30.4,3.4,5.9,26.6,34,19,171,202,"1,693",35.3,2.7,"9,851"
Bolivia (Plurinational State of),BOL,AMR,Lower-middle,2009,5.2,90,61.0,35.0,30.1,3.5,4.0,27.0,32,16,189,233,"1,731",33.2,3.2,"10,016"
Bolivia (Plurinational State of),BOL,AMR,Lower-middle,2010,5.2,100,58.8,37.6,33.3,3.1,3.6,26.9,35,13,234,240,"1,930",31.5,3.1,"10,182"
Bolivia (Plurinational State of),BOL,AMR,Lower-middle,2011,5.2,120,58.4,37.0,32.5,2.9,4.7,25.3,51,15,270,292,"2,316",35.4,3.0,"10,349"
Bolivia (Plurinational State of),BOL,AMR,Lower-middle,2012,5.3,135,57.0,38.5,34.4,2.8,4.4,25.0,55,16,321,318,"2,576",36.0,3.0,"10,516"
Bolivia (Plurinational State of),BOL,AMR,Lower-middle,2013,5.6,160,58.5,37.9,34.0,2.7,3.5,25.0,56,15,376,389,"2,870",35.4,3.3,"10,683"
Bolivia (Plurinational State of),BOL,AMR,Lower-middle,2014,5.9,179,62.6,34.7,30.9,2.7,2.7,25.4,56,12,383,478,"3,041",41.2,3.7,"10,849"
Bolivia (Plurinational State of),BOL,AMR,Lower-middle,2015,6.6,196,65.7,31.2,27.3,2.8,3.1,27.5,67,13,371,536,"2,996",44.5,4.3,"11,015"
Bolivia (Plurinational State of),BOL,AMR,Lower-middle,2016,6.8,207,64.8,31.9,28.0,2.9,3.2,27.3,71,18,402,559,"3,036",40.0,4.4,"11,180"
Bolivia (Plurinational State of),BOL,AMR,Lower-middle,2017,6.5,215,68.5,29.2,25.1,2.9,2.3,29.2,73,5,372,592,"3,306",38.6,4.4,"11,345"
Bolivia (Plurinational State of),BOL,AMR,Lower-middle,2018,6.6,231,72.7,25.7,22.1,2.7,1.6,29.7,66,3,353,693,"3,501",37.7,4.8,"11,508"
Bolivia (Plurinational State of),BOL,AMR,Lower-middle,2019,6.9,241,71.1,27.8,24.0,2.9,1.1,29.2,65,2,400,705,"3,504",36.1,4.9,"11,671"
Bolivia (Plurinational State of),BOL,AMR,Lower-middle,2020,8.0,249,72.3,24.9,20.9,3.0,2.8,30.1,62,38,359,768,"3,100",36.8,5.8,"11,816"
Bolivia (Plurinational State of),BOL,AMR,Lower-middle,2021,8.2,276,72.1,26.5,22.7,2.8,1.5,28.9,67,14,434,845,"3,385",34.8,5.9,"11,937"
Bolivia (Plurinational State of),BOL,AMR,Lower-middle,2022,7.2,261,64.5,29.7,25.8,3.1,5.8,28.7,81,79,464,729,"3,644",36.0,4.6,"12,077"
Bolivia (Plurinational State of),BOL,AMR,Lower-middle,2023,6.9,255,67.3,31.5,27.3,3.2,1.2,28.1,74,4,481,699,"3,686",38.7,4.7,"12,244"
Brazil,BRA,AMR,Upper-middle,2000,8.3,314,41.6,58.0,36.6,20.5,0.3,0.0,125,0,210,239,"3,767",35.9,3.5,"174,018"
Brazil,BRA,AMR,Upper-middle,2001,8.5,272,41.1,58.6,37.8,19.7,0.3,0.0,135,0,241,262,"3,176",39.8,3.5,"176,301"
Brazil,BRA,AMR,Upper-middle,2002,8.7,248,42.4,57.3,36.4,19.8,0.3,0.0,154,0,264,307,"2,856",44.5,3.7,"178,503"
Brazil,BRA,AMR,Upper-middle,2003,8.2,253,42.9,56.9,35.5,20.4,0.2,,169,0,276,334,"3,091",41.3,3.5,"180,623"
Brazil,BRA,AMR,Upper-middle,2004,8.1,298,42.7,56.8,35.4,20.5,0.5,,191,0,308,372,"3,664",39.7,3.5,"182,675"
Brazil,BRA,AMR,Upper-middle,2005,8.0,388,41.6,58.3,35.9,21.4,0.1,,212,0,339,393,"4,828",41.9,3.3,"184,688"
Brazil,BRA,AMR,Upper-middle,2006,8.2,490,42.9,57.0,34.4,21.4,0.1,,242,0,366,457,"5,934",42.6,3.5,"186,653"
Brazil,BRA,AMR,Upper-middle,2007,8.2,608,42.5,57.4,33.1,23.2,0.1,,289,0,392,503,"7,410",40.4,3.5,"188,552"
Brazil,BRA,AMR,Upper-middle,2008,8.0,714,43.7,56.2,30.9,24.3,0.1,,332,0,404,573,"8,908",39.9,3.5,"190,367"
Brazil,BRA,AMR,Upper-middle,2009,8.4,729,44.2,55.7,31.2,23.5,0.1,,359,0,455,643,"8,679",40.5,3.7,"192,080"
Brazil,BRA,AMR,Upper-middle,2010,7.9,906,45.0,54.7,29.4,24.1,0.2,,408,0,468,718,"11,403",39.5,3.6,"193,702"
Brazil,BRA,AMR,Upper-middle,2011,7.8,"1,043",44.5,55.2,29.3,24.8,0.3,,457,0,511,777,"13,397",39.4,3.5,"195,285"
Brazil,BRA,AMR,Upper-middle,2012,7.7,969,43.4,56.5,29.7,25.6,0.1,,510,0,562,821,"12,522",39.3,3.4,"196,876"
Brazil,BRA,AMR,Upper-middle,2013,8.0,994,44.5,55.4,28.2,25.6,0.1,,584,1,604,955,"12,459",39.8,3.6,"198,478"
Brazil,BRA,AMR,Upper-middle,2014,8.4,"1,031",44.1,55.8,28.2,26.1,0.1,,670,3,683,"1,071","12,275",41.4,3.7,"200,085"
Brazil,BRA,AMR,Upper-middle,2015,8.9,796,43.3,56.7,24.7,27.7,0.1,0.8,771,2,654,"1,128","8,936",46.2,3.9,"201,676"
Brazil,BRA,AMR,Upper-middle,2016,9.2,810,43.1,56.9,24.4,29.2,0.1,0.6,866,1,691,"1,202","8,836",45.5,3.9,"203,218"
Brazil,BRA,AMR,Upper-middle,2017,9.5,955,41.7,58.2,24.5,29.3,0.1,0.6,935,2,746,"1,255","10,081",44.3,4.0,"204,703"
Brazil,BRA,AMR,Upper-middle,2018,9.5,880,41.1,58.8,24.8,29.6,0.1,0.8,997,3,798,"1,299","9,301",44.2,3.9,"206,107"
Brazil,BRA,AMR,Upper-middle,2019,9.6,868,40.7,59.1,24.9,29.8,0.1,0.6,"1,066",5,852,"1,381","9,030",43.0,3.9,"207,455"
Brazil,BRA,AMR,Upper-middle,2020,9.6,681,43.4,56.5,26.1,28.0,0.2,0.6,"1,069",3,916,"1,503","7,074",46.2,4.2,"208,661"
Brazil,BRA,AMR,Upper-middle,2021,9.6,768,44.7,55.2,25.3,28.3,0.1,0.5,"1,241",4,"1,047","1,834","7,973",40.4,4.3,"209,550"
Brazil,BRA,AMR,Upper-middle,2022,9.4,871,45.4,54.6,27.3,27.4,0.0,0.8,"1,231",0,"1,226","2,008","9,281",43.4,4.3,"210,306"
Brazil,BRA,AMR,Upper-middle,2023,9.7,"1,010",44.1,55.9,26.2,28.0,0.0,0.7,"1,495",0,"1,323","2,190","10,378",45.3,4.3,"211,141"
Canada,CAN,AMR,High,2000,8.2,"1,988",72.9,27.1,16.6,12.0,0.0,1.4,396,0,490,"2,024","24,104",40.6,6.0,"30,892"
Canada,CAN,AMR,High,2001,8.6,"2,042",72.8,27.2,15.9,12.9,0.0,1.4,454,0,504,"2,160","23,675",41.1,6.3,"31,214"
Canada,CAN,AMR,High,2002,8.9,"2,135",72.4,27.6,15.9,13.2,0.0,1.4,497,0,533,"2,275","24,104",40.4,6.4,"31,536"
Canada,CAN,AMR,High,2003,9.0,"2,535",73.1,26.9,15.3,13.3,0.0,1.5,526,0,542,"2,431","28,131",40.3,6.6,"31,836"
Canada,CAN,AMR,High,2004,9.1,"2,896",73.1,26.9,15.3,13.3,0.0,1.5,559,0,576,"2,577","31,945",39.1,6.6,"32,133"
Canada,CAN,AMR,High,2005,9.0,"3,268",73.0,27.0,15.4,13.2,0.0,1.5,585,0,608,"2,707","36,174",38.5,6.6,"32,440"
Canada,CAN,AMR,High,2006,9.3,"3,758",69.5,30.5,15.9,12.7,0.0,1.5,622,0,677,"2,899","40,274",38.7,6.5,"32,759"
Canada,CAN,AMR,High,2007,9.4,"4,188",69.7,30.3,15.6,12.8,0.0,1.5,661,0,702,"3,067","44,388",38.5,6.6,"33,092"
Canada,CAN,AMR,High,2008,9.6,"4,454",69.8,30.2,15.5,12.9,0.0,1.5,696,0,737,"3,248","46,425",38.8,6.7,"33,449"
Canada,CAN,AMR,High,2009,10.7,"4,356",70.3,29.7,15.2,12.8,0.0,1.5,723,0,754,"3,422","40,693",43.4,7.5,"33,826"
Canada,CAN,AMR,High,2010,10.7,"5,061",69.9,30.1,15.6,12.5,0.0,1.4,753,0,814,"3,570","47,295",43.1,7.5,"34,197"
Canada,CAN,AMR,High,2011,10.4,"5,400",70.3,29.7,15.2,12.6,0.0,1.4,778,0,810,"3,679","51,897",41.6,7.3,"34,555"
Canada,CAN,AMR,High,2012,10.5,"5,519",70.6,29.4,15.0,12.5,0.0,1.4,797,0,827,"3,813","52,355",40.9,7.4,"34,923"
Canada,CAN,AMR,High,2013,10.4,"5,460",71.0,29.0,14.6,12.5,0.0,1.5,814,0,819,"3,909","52,321",40.0,7.4,"35,293"
Canada,CAN,AMR,High,2014,10.3,"5,210",70.8,29.2,14.7,12.5,0.0,1.5,834,0,847,"3,991","50,675",38.4,7.3,"35,634"
Canada,CAN,AMR,High,2015,10.8,"4,659",70.9,29.1,14.7,12.4,0.0,1.4,858,0,876,"4,138","43,282",40.0,7.6,"35,962"
Canada,CAN,AMR,High,2016,11.1,"4,647",69.9,30.1,15.6,12.5,0.0,1.4,893,0,961,"4,218","42,032",40.8,7.7,"36,353"
Canada,CAN,AMR,High,2017,10.9,"4,895",69.7,30.3,15.8,12.6,0.0,1.4,922,0,"1,006","4,335","44,807",40.5,7.6,"36,808"
Canada,CAN,AMR,High,2018,10.9,"5,053",69.6,30.4,15.6,12.9,0.0,1.4,970,0,"1,019","4,464","46,261",40.7,7.6,"37,295"
Canada,CAN,AMR,High,2019,11.0,"5,099",69.5,30.5,15.4,13.1,0.0,1.5,"1,017",0,"1,044","4,605","46,151",40.6,7.7,"37,783"
Canada,CAN,AMR,High,2020,13.0,"5,646",73.9,26.1,13.7,10.8,0.0,1.2,945,0,"1,034","5,500","43,374",52.4,9.6,"38,172"
Canada,CAN,AMR,High,2021,12.4,"6,511",72.7,27.3,14.2,11.4,0.0,1.3,"1,067",0,"1,161","5,829","52,592",45.5,9.0,"38,454"
Canada,CAN,AMR,High,2022,11.1,"6,252",71.0,29.0,15.0,12.2,0.0,1.3,"1,143",0,"1,217","5,668","56,423",40.6,7.9,"38,821"
Canada,CAN,AMR,High,2023,11.2,"6,187",70.3,29.7,15.2,12.7,0.0,1.4,"1,210",0,"1,270","5,756","55,303",42.1,7.9,"39,299"
Canada,CAN,AMR,High,2024,11.3,"6,378",70.2,29.8,15.3,12.7,0.0,1.3,"1,269",0,"1,334","6,013","56,394",44.7,7.9,"39,742"
Chile,CHL,AMR,High,2000,7.0,353,35.8,64.2,42.8,3.5,0.0,33.2,"7,353",0,"81,609","4,947","5,046",22.9,2.5,"15,504"
Chile,CHL,AMR,High,2001,7.1,324,36.4,63.6,42.6,4.3,0.0,34.1,"9,590",0,"87,569","4,693","4,560",23.2,2.6,"15,684"
Chile,CHL,AMR,High,2002,7.2,320,37.5,62.5,42.5,4.3,0.0,35.5,"10,357",0,"93,523","4,492","4,433",23.2,2.7,"15,858"
Chile,CHL,AMR,High,2003,7.3,346,38.2,61.8,42.8,4.7,0.0,36.4,"12,027",0,"102,350","4,344","4,774",22.2,2.8,"16,025"
Chile,CHL,AMR,High,2004,6.9,423,39.5,60.5,41.8,4.8,0.0,37.9,"13,296",0,"107,878","4,093","6,121",20.8,2.7,"16,187"
Chile,CHL,AMR,High,2005,6.6,496,39.3,60.7,42.5,4.2,0.0,37.1,"12,760",0,"117,814","6,318","7,482",20.2,2.6,"16,349"
Chile,CHL,AMR,High,2006,6.1,566,41.3,58.6,40.7,4.8,0.0,38.7,"15,473",0,"122,273","7,982","9,318",18.7,2.5,"16,509"
Chile,CHL,AMR,High,2007,6.2,643,42.3,57.7,39.2,5.5,0.0,39.7,"19,595",0,"131,660","8,743","10,351",19.3,2.6,"16,672"
Chile,CHL,AMR,High,2008,6.7,719,43.5,56.5,37.4,5.8,0.0,40.8,"23,170",0,"140,622","10,053","10,669",21.8,2.9,"16,839"
Chile,CHL,AMR,High,2009,7.3,731,46.9,53.1,34.6,6.7,0.0,43.9,"28,761",0,"141,740","12,138","10,077",25.0,3.4,"17,010"
Chile,CHL,AMR,High,2010,6.8,862,47.1,52.9,34.5,6.2,0.0,44.1,"28,602",0,"151,552","13,226","12,636",23.5,3.2,"17,181"
Chile,CHL,AMR,High,2011,6.8,984,47.2,52.8,34.5,5.7,0.0,44.5,"28,772",0,"164,267","12,803","14,478",22.9,3.2,"17,352"
Chile,CHL,AMR,High,2012,7.0,"1,071",47.9,52.1,33.4,6.3,0.0,45.3,"34,350",0,"173,978","13,806","15,251",23.1,3.4,"17,519"
Chile,CHL,AMR,High,2013,7.5,"1,172",47.6,52.3,33.6,6.7,0.0,45.2,"40,680",0,"195,219","14,009","15,675",23.1,3.6,"17,687"
Chile,CHL,AMR,High,2014,7.8,"1,139",47.7,52.3,34.3,6.5,0.0,45.5,"44,053",0,"222,553","14,706","14,521",23.9,3.7,"17,864"
Chile,CHL,AMR,High,2015,8.4,"1,122",48.0,52.0,34.5,6.4,0.0,45.9,"49,505",0,"253,303","15,633","13,436",25.0,4.0,"18,048"
Chile,CHL,AMR,High,2016,8.6,"1,168",49.7,50.3,34.8,6.5,0.0,47.4,"53,423",0,"274,745","17,789","13,647",25.4,4.2,"18,267"
Chile,CHL,AMR,High,2017,9.1,"1,354",50.4,49.6,33.3,6.3,0.0,48.4,"57,524",0,"292,526","17,879","14,891",25.5,4.6,"18,559"
Chile,CHL,AMR,High,2018,9.2,"1,431",51.2,48.8,32.7,6.2,0.0,49.2,"59,541",0,"299,988","18,764","15,635",25.6,4.7,"18,893"
Chile,CHL,AMR,High,2019,9.3,"1,349",51.3,48.7,32.3,6.6,0.0,49.6,"62,992",0,"306,666","15,960","14,490",26.5,4.8,"19,198"
Chile,CHL,AMR,High,2020,9.7,"1,271",56.5,43.5,29.0,5.5,0.0,53.1,"57,207",0,"292,614","34,110","13,106",29.1,5.5,"19,371"
Chile,CHL,AMR,High,2021,9.7,"1,577",53.7,46.3,32.6,6.7,0.0,49.7,"82,006",0,"390,518","47,127","16,214",33.6,5.2,"19,456"
Chile,CHL,AMR,High,2022,10.0,"1,541",50.9,49.1,35.6,6.2,0.0,47.5,"86,555",0,"479,206","45,127","15,406",26.7,5.1,"19,553"
Chile,CHL,AMR,High,2023,10.2,"1,737",51.6,48.4,34.6,5.9,0.0,49.6,"89,281",0,"504,645","29,083","17,067",27.4,5.3,"19,659"
Chile,CHL,AMR,High,2024,10.5,"1,760",48.5,51.5,39.1,5.6,0.0,46.8,"95,835",0,"650,015","28,245","16,710",26.5,5.1,"19,765"
Colombia,COL,AMR,Upper-middle,2000,5.6,135,74.5,25.4,13.7,9.8,0.0,65.9,"27,559",10,"38,509","24,316","2,391",28.2,4.2,"39,090"
Colombia,COL,AMR,Upper-middle,2001,5.9,138,75.1,24.9,13.4,9.5,0.0,67.8,"30,501",6,"42,670","23,226","2,330",29.0,4.5,"39,709"
Colombia,COL,AMR,Upper-middle,2002,5.7,132,76.2,22.9,11.5,9.2,0.9,67.2,"33,460",1,"38,039","29,714","2,306",29.4,4.4,"40,325"
Colombia,COL,AMR,Upper-middle,2003,5.8,130,77.4,20.8,8.6,9.8,1.9,69.8,"43,329",60,"32,116","28,182","2,246",28.6,4.5,"40,937"
Colombia,COL,AMR,Upper-middle,2004,5.8,160,73.5,25.2,13.8,9.0,1.2,55.6,"42,990",57,"57,720","75,238","2,752",27.1,4.3,"41,543"
Colombia,COL,AMR,Upper-middle,2005,6.1,210,71.8,27.2,16.4,8.5,0.9,54.4,"45,918",52,"79,858","84,913","3,456",25.9,4.4,"42,129"
Colombia,COL,AMR,Upper-middle,2006,6.3,240,72.1,27.2,17.9,7.0,0.7,56.3,"43,547",25,"101,559","89,681","3,790",28.4,4.6,"42,691"
Colombia,COL,AMR,Upper-middle,2007,6.5,310,70.7,28.9,19.2,7.1,0.5,55.7,"48,838",36,"123,831","95,957","4,770",28.2,4.6,"43,235"
Colombia,COL,AMR,Upper-middle,2008,6.8,379,69.4,30.6,20.9,7.3,0.1,56.5,"54,955",7,"155,377","95,599","5,542",28.4,4.7,"43,759"
Colombia,COL,AMR,Upper-middle,2009,7.3,384,72.1,27.9,18.0,7.6,0.0,59.8,"63,011",83,"149,221","101,264","5,251",30.9,5.3,"44,272"
Colombia,COL,AMR,Upper-middle,2010,7.1,452,72.2,27.7,17.0,8.1,0.1,59.2,"70,315",28,"146,092","111,936","6,398",30.4,5.1,"44,777"
Colombia,COL,AMR,Upper-middle,2011,6.8,502,73.5,26.3,15.3,8.6,0.2,60.6,"80,972",167,"142,041","120,123","7,401",30.2,5.0,"45,260"
Colombia,COL,AMR,Upper-middle,2012,6.7,547,69.9,29.6,17.9,7.8,0.5,61.5,"81,309",589,"175,643","82,658","8,109",29.1,4.7,"45,716"
Colombia,COL,AMR,Upper-middle,2013,7.0,581,69.9,30.1,17.2,7.3,,63.0,"78,829",,"186,240","74,104","8,279",30.0,4.9,"46,152"
Colombia,COL,AMR,Upper-middle,2014,7.2,588,70.4,29.6,16.3,7.5,,64.9,"88,746",,"191,619","64,683","8,187",31.3,5.1,"46,565"
Colombia,COL,AMR,Upper-middle,2015,7.5,470,70.8,29.2,15.4,8.3,,66.4,"106,923",,"198,506","56,790","6,249",31.3,5.3,"46,970"
Colombia,COL,AMR,Upper-middle,2016,7.5,449,70.3,29.7,15.6,8.3,,66.6,"113,735",,"214,096","51,255","5,960",30.0,5.3,"47,438"
Colombia,COL,AMR,Upper-middle,2017,7.7,498,71.0,29.0,15.4,8.0,,67.5,"117,896",,"225,603","52,402","6,480",29.3,5.5,"48,131"
Colombia,COL,AMR,Upper-middle,2018,7.7,526,69.8,30.2,15.0,8.4,,65.5,"131,325",,"234,012","67,561","6,817",34.7,5.4,"49,024"
Colombia,COL,AMR,Upper-middle,2019,7.8,507,69.9,30.1,14.8,8.7,,65.7,"145,441",,"245,440","70,529","6,473",32.9,5.5,"49,908"
Colombia,COL,AMR,Upper-middle,2020,8.7,464,71.2,28.8,14.5,8.1,,65.4,"139,108",,"248,968","98,988","5,340",33.5,6.2,"50,630"
Colombia,COL,AMR,Upper-middle,2021,9.1,569,72.7,27.3,13.7,7.8,0.0,61.9,"166,893",566,"291,655","231,211","6,223",34.3,6.6,"51,188"
Colombia,COL,AMR,Upper-middle,2022,7.6,507,70.4,29.5,14.4,8.7,0.0,64.4,"187,570",437,"310,214","130,358","6,680",33.9,5.3,"51,738"
Colombia,COL,AMR,Upper-middle,2023,8.2,571,70.3,29.7,14.6,8.7,0.0,67.1,"215,493",330,"361,570","80,365","7,001",35.4,5.7,"52,321"
Colombia,COL,AMR,Upper-middle,2024,8.1,644,69.8,30.2,14.7,9.2,,66.7,"242,381",,"386,886","80,224","7,914",32.9,5.7,"52,886"
Costa Rica,CRI,AMR,Upper-middle,2000,6.6,250,64.9,34.0,31.6,0.4,1.1,64.2,"1,843",254,"24,358",809,"3,813",16.9,4.3,"3,938"
Costa Rica,CRI,AMR,Upper-middle,2001,6.5,258,65.6,33.2,31.6,0.3,1.3,65.4,"1,694",12,"26,840",156,"3,985",17.3,4.2,"4,009"
Costa Rica,CRI,AMR,Upper-middle,2002,6.9,279,66.9,32.8,30.7,0.3,0.4,66.7,"1,630",12,"30,856",217,"4,068",18.6,4.6,"4,076"
Costa Rica,CRI,AMR,Upper-middle,2003,7.0,291,66.4,33.3,30.8,0.6,0.3,66.2,"2,258",121,"35,670",363,"4,173",17.6,4.6,"4,139"
Costa Rica,CRI,AMR,Upper-middle,2004,6.6,294,66.0,33.8,32.1,0.6,0.2,65.9,"1,427",12,"41,246",217,"4,431",17.0,4.4,"4,200"
Costa Rica,CRI,AMR,Upper-middle,2005,6.7,313,64.0,35.9,32.8,2.1,0.2,63.8,"3,566",163,"49,088",327,"4,704",15.9,4.3,"4,261"
Costa Rica,CRI,AMR,Upper-middle,2006,6.9,365,66.1,33.8,31.1,1.7,0.1,60.8,"3,748",111,"57,922","9,934","5,256",15.2,4.6,"4,321"
Costa Rica,CRI,AMR,Upper-middle,2007,7.0,429,66.2,33.7,30.9,1.8,0.1,60.9,"4,703",29,"68,578","11,875","6,138",14.6,4.6,"4,380"
Costa Rica,CRI,AMR,Upper-middle,2008,7.5,518,67.8,32.0,29.5,1.6,0.1,60.8,"5,245",8,"80,461","19,100","6,937",15.2,5.1,"4,440"
Costa Rica,CRI,AMR,Upper-middle,2009,7.9,537,70.9,28.8,26.4,1.4,0.3,63.8,"5,743",32,"81,290","22,019","6,833",16.7,5.6,"4,500"
Costa Rica,CRI,AMR,Upper-middle,2010,8.0,664,72.3,27.5,25.4,1.1,0.2,65.4,"5,237",5,"88,588","24,270","8,266",18.0,5.8,"4,556"
Costa Rica,CRI,AMR,Upper-middle,2011,8.1,753,70.2,29.7,25.8,1.1,0.1,68.8,"5,996",5,"98,229","11,561","9,276",17.2,5.7,"4,610"
Costa Rica,CRI,AMR,Upper-middle,2012,7.8,789,70.7,29.3,24.5,1.3,0.1,69.5,"6,576",2,"97,166","13,678","10,127",17.3,5.5,"4,664"
Costa Rica,CRI,AMR,Upper-middle,2013,7.7,830,71.0,29.0,23.2,1.8,0.0,70.0,"8,776",2,"96,334","15,217","10,803",18.5,5.5,"4,716"
Costa Rica,CRI,AMR,Upper-middle,2014,7.7,836,71.0,29.0,24.4,2.5,0.0,68.7,"12,863",0,"109,898","15,883","10,911",18.4,5.4,"4,767"
Costa Rica,CRI,AMR,Upper-middle,2015,7.6,889,72.7,27.3,22.6,2.4,0.0,69.9,"13,108",13,"107,444","17,112","11,715",18.8,5.5,"4,818"
Costa Rica,CRI,AMR,Upper-middle,2016,7.3,885,73.3,26.6,22.2,2.6,0.0,69.8,"14,042",4,"107,007","16,585","12,091",18.8,5.4,"4,867"
Costa Rica,CRI,AMR,Upper-middle,2017,7.0,868,73.5,26.4,21.3,2.9,0.1,70.2,"18,604",5,"104,676","15,018","12,317",19.2,5.2,"4,913"
Costa Rica,CRI,AMR,Upper-middle,2018,7.3,917,72.4,27.6,22.4,3.0,0.0,68.5,"19,899",0,"118,642","18,814","12,590",18.9,5.3,"4,958"
Costa Rica,CRI,AMR,Upper-middle,2019,7.2,930,72.5,27.5,22.3,3.2,0.0,68.7,"20,427",3,"121,990","19,238","12,885",21.7,5.2,"5,000"
Costa Rica,CRI,AMR,Upper-middle,2020,7.8,970,71.8,28.1,20.3,3.4,0.1,69.9,"22,219",756,"115,085","25,301","12,394",22.3,5.6,"5,034"
Costa Rica,CRI,AMR,Upper-middle,2021,7.6,977,70.3,29.6,20.5,4.2,0.0,68.9,"28,718",246,"124,456","24,873","12,838",20.8,5.4,"5,060"
Costa Rica,CRI,AMR,Upper-middle,2022,7.2,979,69.0,31.0,22.4,4.3,0.0,66.7,"31,984",176,"142,113","26,751","13,626",19.2,5.0,"5,082"
Costa Rica,CRI,AMR,Upper-middle,2023,6.9,"1,163",67.2,32.8,24.1,4.5,0.0,66.4,"32,100",69,"152,694","17,552","16,942",18.5,4.6,"5,106"
Cuba,CUB,AMR,Upper-middle,2000,6.6,181,83.7,16.2,16.2,0.0,0.1,0.0,0,0,29,152,"2,751",51.0,5.5,"11,109"
Cuba,CUB,AMR,Upper-middle,2001,7.0,198,81.2,18.7,18.7,0.0,0.1,0.0,0,0,37,161,"2,843",49.8,5.7,"11,144"
Cuba,CUB,AMR,Upper-middle,2002,7.1,214,80.5,19.4,19.4,0.0,0.1,0.0,0,0,41,172,"3,005",51.2,5.7,"11,177"
Cuba,CUB,AMR,Upper-middle,2003,7.1,227,79.5,20.3,20.3,0.0,0.1,0.0,0,0,46,181,"3,203",51.9,5.6,"11,209"
Cuba,CUB,AMR,Upper-middle,2004,6.8,232,80.0,19.6,19.6,0.0,0.4,0.0,1,0,46,186,"3,399",53.0,5.5,"11,239"
Cuba,CUB,AMR,Upper-middle,2005,8.8,332,84.9,14.8,14.8,0.0,0.3,0.0,1,0,49,281,"3,786",63.7,7.4,"11,263"
Cuba,CUB,AMR,Upper-middle,2006,8.3,387,85.6,14.3,14.3,0.0,0.1,0.0,1,0,55,331,"4,676",63.2,7.1,"11,279"
Cuba,CUB,AMR,Upper-middle,2007,11.0,569,90.1,9.8,9.8,0.0,0.1,0.0,1,0,56,513,"5,192",68.2,9.9,"11,287"
Cuba,CUB,AMR,Upper-middle,2008,11.3,609,91.0,8.8,8.8,0.0,0.2,0.0,1,0,54,554,"5,385",78.1,10.3,"11,292"
Cuba,CUB,AMR,Upper-middle,2009,12.3,676,91.8,8.1,8.1,0.0,0.1,0.0,1,0,55,620,"5,496",75.6,11.3,"11,295"
Cuba,CUB,AMR,Upper-middle,2010,10.7,609,90.8,9.2,9.2,0.0,0.0,0.0,0,0,56,553,"5,694",70.0,9.7,"11,297"
Cuba,CUB,AMR,Upper-middle,2011,11.3,696,89.0,10.8,10.8,0.0,0.2,0.0,1,0,75,615,"6,151",66.7,10.1,"11,302"
Cuba,CUB,AMR,Upper-middle,2012,9.3,602,86.7,13.1,13.1,0.0,0.2,0.0,1,0,79,522,"6,471",70.1,8.1,"11,303"
Cuba,CUB,AMR,Upper-middle,2013,10.4,712,87.6,12.3,12.3,0.0,0.1,0.0,1,0,87,624,"6,828",64.6,9.1,"11,298"
Cuba,CUB,AMR,Upper-middle,2014,12.1,868,90.3,9.6,9.6,0.0,0.1,0.0,1,0,84,783,"7,147",60.8,11.0,"11,286"
Cuba,CUB,AMR,Upper-middle,2015,12.8,991,90.3,9.6,9.6,0.0,0.0,0.0,0,0,95,895,"7,734",63.4,11.6,"11,275"
Cuba,CUB,AMR,Upper-middle,2016,12.2,991,89.6,10.3,10.3,0.0,0.1,0.0,1,0,102,888,"8,111",63.3,10.9,"11,266"
Cuba,CUB,AMR,Upper-middle,2017,11.5,988,89.2,10.7,10.7,0.0,0.1,0.0,1,0,106,881,"8,611",66.0,10.2,"11,248"
Cuba,CUB,AMR,Upper-middle,2018,11.0,982,88.7,11.2,11.2,0.0,0.1,0.0,1,0,110,872,"8,911",65.5,9.8,"11,227"
Cuba,CUB,AMR,Upper-middle,2019,11.1,"1,023",89.0,10.9,10.9,0.0,0.1,0.0,1,1,111,912,"9,232",63.6,9.9,"11,203"
Cuba,CUB,AMR,Upper-middle,2020,12.5,"1,199",91.0,8.9,8.9,0.0,0.1,0.0,1,0,107,"1,092","9,605",69.2,11.4,"11,176"
Cuba,CUB,AMR,Upper-middle,2021,13.8,,91.6,8.4,8.4,0.0,0.0,0.0,1,0,567,"6,191",,58.8,12.6,"11,122"
Cuba,CUB,AMR,Upper-middle,2022,11.8,,88.8,11.1,11.1,0.0,0.0,0.0,2,0,752,"5,998",,49.8,10.5,"11,060"
Cuba,CUB,AMR,Upper-middle,2023,9.4,,83.4,16.6,16.6,0.0,0.0,0.0,2,0,"1,227","6,173",,39.2,7.8,"11,020"
Dominica,DMA,AMR,Upper-middle,2000,5.3,259,63.1,34.0,33.0,0.8,2.9,0.0,20,7,231,449,"4,865",38.9,3.4,69
Dominica,DMA,AMR,Upper-middle,2001,4.6,232,55.3,42.3,41.1,1.1,2.3,0.0,22,0,257,346,"4,984",29.3,2.6,68
Dominica,DMA,AMR,Upper-middle,2002,4.7,227,52.4,42.9,41.7,1.1,4.8,0.0,22,15,255,335,"4,876",29.0,2.4,68
Dominica,DMA,AMR,Upper-middle,2003,4.8,243,55.7,41.2,40.1,1.0,3.0,0.0,22,5,263,370,"5,010",31.2,2.7,69
Dominica,DMA,AMR,Upper-middle,2004,4.7,254,54.2,41.8,40.7,1.0,4.0,0.0,24,11,279,383,"5,347",30.2,2.6,69
Dominica,DMA,AMR,Upper-middle,2005,5.0,264,56.1,41.2,40.0,1.0,2.7,0.0,24,3,285,403,"5,297",32.0,2.8,69
Dominica,DMA,AMR,Upper-middle,2006,4.8,271,56.4,41.1,39.9,1.0,2.6,0.0,25,2,292,415,"5,673",30.8,2.7,69
Dominica,DMA,AMR,Upper-middle,2007,4.8,293,52.6,44.2,43.0,1.1,3.2,0.0,29,6,340,423,"6,122",35.5,2.5,69
Dominica,DMA,AMR,Upper-middle,2008,5.0,336,51.8,45.6,44.4,1.1,2.6,0.0,34,1,402,470,"6,654",35.9,2.6,69
Dominica,DMA,AMR,Upper-middle,2009,5.0,354,53.6,43.4,42.2,1.1,2.9,0.0,34,5,404,518,"7,105",36.0,2.7,69
Dominica,DMA,AMR,Upper-middle,2010,5.2,370,57.4,39.9,38.8,1.0,2.7,0.0,33,5,387,578,"7,170",39.8,3.0,69
Dominica,DMA,AMR,Upper-middle,2011,5.3,387,59.1,37.8,36.8,0.9,3.1,0.0,33,9,384,626,"7,257",34.7,3.2,69
Dominica,DMA,AMR,Upper-middle,2012,5.8,407,60.1,36.5,35.5,0.9,3.5,0.0,33,16,390,676,"7,030",36.7,3.5,69
Dominica,DMA,AMR,Upper-middle,2013,5.3,382,61.4,36.4,35.4,0.9,2.3,0.0,31,3,365,636,"7,145",34.2,3.3,70
Dominica,DMA,AMR,Upper-middle,2014,5.3,389,61.0,36.8,35.7,0.9,2.2,0.0,32,2,375,643,"7,394",33.4,3.2,70
Dominica,DMA,AMR,Upper-middle,2015,5.2,396,63.0,35.0,34.1,0.9,1.9,0.0,31,0,364,674,"7,680",33.4,3.3,70
Dominica,DMA,AMR,Upper-middle,2016,5.1,424,65.0,33.1,32.2,0.8,1.9,0.0,31,0,369,745,"8,279",45.8,3.3,70
Dominica,DMA,AMR,Upper-middle,2017,5.5,416,69.0,29.4,28.6,0.7,1.6,0.0,27,0,321,775,"7,613",55.7,3.8,68
Dominica,DMA,AMR,Upper-middle,2018,6.2,503,66.4,31.8,30.9,0.8,1.8,0.0,36,1,420,903,"8,138",66.7,4.1,68
Dominica,DMA,AMR,Upper-middle,2019,5.2,466,64.5,34.8,33.9,0.9,0.7,0.0,21,0,426,810,"9,008",44.0,3.3,68
Dominica,DMA,AMR,Upper-middle,2020,6.1,453,62.5,29.8,29.0,0.7,7.6,0.0,15,88,355,853,"7,460",70.2,3.8,68
Dominica,DMA,AMR,Upper-middle,2021,6.3,521,63.9,24.7,24.0,0.6,11.4,0.0,21,150,338,"1,049","8,261",70.1,4.0,67
Dominica,DMA,AMR,Upper-middle,2022,6.0,543,75.5,24.0,23.4,0.6,0.5,0.0,16,1,342,"1,107","9,084",72.7,4.5,67
Dominica,DMA,AMR,Upper-middle,2023,5.0,492,67.1,30.2,29.3,0.8,2.7,0.0,40,7,390,900,"9,834",66.8,3.4,67
Dominican Republic,DOM,AMR,Upper-middle,2000,4.9,138,35.0,63.1,55.3,7.8,1.8,7.4,248,,"1,238",586,"2,831",14.1,1.7,"8,584"
Dominican Republic,DOM,AMR,Upper-middle,2001,4.9,143,34.9,62.2,54.5,7.7,2.9,7.3,242,41,"1,304",671,"2,936",14.9,1.7,"8,720"
Dominican Republic,DOM,AMR,Upper-middle,2002,5.0,153,33.7,61.0,53.5,7.6,5.3,6.4,325,50,"1,437",756,"3,066",16.5,1.7,"8,852"
Dominican Republic,DOM,AMR,Upper-middle,2003,4.4,105,26.4,70.4,61.7,8.7,3.2,6.4,390,4,"1,894",592,"2,383",17.2,1.2,"8,981"
Dominican Republic,DOM,AMR,Upper-middle,2004,4.3,105,26.8,71.1,62.3,8.8,2.2,4.5,476,70,"2,744",988,"2,452",17.3,1.1,"9,105"
Dominican Republic,DOM,AMR,Upper-middle,2005,4.4,169,32.0,66.3,53.9,12.9,1.7,4.9,746,64,"2,755","1,361","3,878",15.5,1.4,"9,225"
Dominican Republic,DOM,AMR,Upper-middle,2006,4.0,162,35.1,63.8,54.7,9.8,1.1,6.0,581,53,"2,953","1,535","4,055",17.0,1.4,"9,341"
Dominican Republic,DOM,AMR,Upper-middle,2007,4.1,190,41.2,57.1,46.2,11.1,1.7,10.3,781,99,"2,913","1,961","4,650",16.3,1.7,"9,456"
Dominican Republic,DOM,AMR,Upper-middle,2008,4.6,229,46.5,51.7,41.6,9.5,1.8,19.8,856,130,"3,292","2,204","5,024",18.5,2.1,"9,573"
Dominican Republic,DOM,AMR,Upper-middle,2009,4.8,237,48.9,50.1,38.9,10.1,0.9,22.9,977,68,"3,321","2,274","4,974",16.2,2.3,"9,695"
Dominican Republic,DOM,AMR,Upper-middle,2010,4.9,270,51.1,48.2,36.4,9.6,0.7,25.1,"1,068",51,"3,624","2,755","5,479",16.1,2.5,"9,820"
Dominican Republic,DOM,AMR,Upper-middle,2011,5.0,294,54.1,45.4,35.3,8.5,0.5,26.6,"1,079",41,"3,950","3,191","5,827",16.0,2.7,"9,946"
Dominican Republic,DOM,AMR,Upper-middle,2012,5.1,304,54.7,43.8,33.4,9.2,1.4,27.5,"1,226",148,"3,995","3,451","6,014",19.8,2.8,"10,070"
Dominican Republic,DOM,AMR,Upper-middle,2013,4.9,302,56.5,42.9,32.2,9.5,0.6,27.8,"1,332",54,"4,069","3,720","6,137",18.5,2.8,"10,194"
Dominican Republic,DOM,AMR,Upper-middle,2014,4.8,312,51.3,41.1,31.1,9.8,7.6,27.5,"1,491","1,008","4,225","4,147","6,496",17.0,2.5,"10,316"
Dominican Republic,DOM,AMR,Upper-middle,2015,4.7,322,50.1,40.8,30.0,9.8,9.1,29.6,"1,573","1,275","4,351","4,283","6,801",16.7,2.4,"10,435"
Dominican Republic,DOM,AMR,Upper-middle,2016,4.6,328,58.2,41.0,29.5,10.5,0.8,32.3,"1,736",80,"4,459","4,045","7,160",17.0,2.7,"10,551"
Dominican Republic,DOM,AMR,Upper-middle,2017,4.4,330,58.7,40.3,28.9,10.1,1.0,31.5,"1,772",88,"4,532","4,351","7,413",17.3,2.6,"10,667"
Dominican Republic,DOM,AMR,Upper-middle,2018,4.2,332,61.1,37.6,28.5,8.4,1.3,35.1,"1,531",131,"4,688","4,459","7,883",16.5,2.6,"10,782"
Dominican Republic,DOM,AMR,Upper-middle,2019,4.4,357,61.0,37.9,27.3,9.4,1.1,34.7,"1,840",164,"5,012","5,119","8,183",17.8,2.7,"10,894"
Dominican Republic,DOM,AMR,Upper-middle,2020,5.0,354,65.6,33.6,24.6,8.9,0.8,32.9,"1,919",88,"4,932","6,579","7,135",22.2,3.3,"11,008"
Dominican Republic,DOM,AMR,Upper-middle,2021,5.1,434,66.1,32.4,23.3,7.7,1.5,31.5,"2,166",263,"5,788","9,052","8,527",18.4,3.4,"11,123"
Dominican Republic,DOM,AMR,Upper-middle,2022,4.6,469,60.6,34.1,25.0,8.5,5.3,33.9,"2,428","1,223","6,476","8,197","10,104",18.5,2.8,"11,231"
Dominican Republic,DOM,AMR,Upper-middle,2023,4.6,489,64.1,35.0,25.1,9.2,0.9,36.7,"2,729",107,"6,879","7,763","10,630",19.1,2.9,"11,331"
Ecuador,ECU,AMR,Upper-middle,2000,3.6,49,28.1,69.2,61.9,3.4,2.7,12.3,4,1,31,8,"1,382",24.3,1.0,"12,689"
Ecuador,ECU,AMR,Upper-middle,2001,4.1,73,32.7,65.4,59.6,2.0,1.9,13.0,5,0,43,15,"1,791",21.4,1.3,"12,911"
Ecuador,ECU,AMR,Upper-middle,2002,4.8,99,31.0,68.0,61.4,3.0,1.0,11.4,7,0,61,20,"2,059",22.8,1.5,"13,138"
Ecuador,ECU,AMR,Upper-middle,2003,5.8,134,30.2,69.3,61.1,5.2,0.6,8.5,12,0,82,29,"2,316",21.3,1.7,"13,372"
Ecuador,ECU,AMR,Upper-middle,2004,5.9,152,30.6,68.2,59.9,5.4,1.2,7.1,14,0,91,36,"2,586",21.3,1.8,"13,609"
Ecuador,ECU,AMR,Upper-middle,2005,5.9,170,29.6,69.8,61.8,5.0,0.6,5.0,14,0,105,42,"2,909",22.0,1.7,"13,846"
Ecuador,ECU,AMR,Upper-middle,2006,5.9,193,31.4,67.7,60.0,4.8,0.9,5.8,16,0,116,50,"3,244",21.7,1.9,"14,086"
Ecuador,ECU,AMR,Upper-middle,2007,5.6,193,39.2,60.4,53.1,3.9,0.3,12.6,15,0,103,52,"3,479",24.7,2.2,"14,329"
Ecuador,ECU,AMR,Upper-middle,2008,5.5,232,39.7,60.0,52.5,3.8,0.4,11.4,18,0,121,66,"4,195",35.6,2.2,"14,575"
Ecuador,ECU,AMR,Upper-middle,2009,6.0,245,42.4,57.4,49.7,3.6,0.2,13.3,19,0,122,71,"4,053",34.3,2.6,"14,826"
Ecuador,ECU,AMR,Upper-middle,2010,6.3,287,47.0,52.8,45.3,3.7,0.2,17.3,22,0,130,86,"4,520",35.4,3.0,"15,077"
Ecuador,ECU,AMR,Upper-middle,2011,6.6,340,47.8,52.1,44.4,4.1,0.1,20.5,26,0,151,93,"5,154",39.6,3.2,"15,326"
Ecuador,ECU,AMR,Upper-middle,2012,6.9,388,51.3,48.6,41.0,4.0,0.1,21.6,30,0,159,115,"5,634",43.2,3.5,"15,572"
Ecuador,ECU,AMR,Upper-middle,2013,6.8,414,57.0,43.0,36.0,3.2,0.1,24.0,29,0,149,137,"6,109",46.7,3.9,"15,807"
Ecuador,ECU,AMR,Upper-middle,2014,6.8,433,61.4,38.4,31.0,3.5,0.2,26.0,32,1,134,154,"6,406",45.9,4.2,"16,035"
Ecuador,ECU,AMR,Upper-middle,2015,7.8,464,57.9,42.0,33.8,4.0,0.1,24.3,38,0,157,157,"5,976",44.1,4.5,"16,266"
Ecuador,ECU,AMR,Upper-middle,2016,7.6,449,60.9,38.9,30.0,4.0,0.2,26.1,38,1,135,157,"5,918",44.1,4.6,"16,505"
Ecuador,ECU,AMR,Upper-middle,2017,7.5,469,61.7,38.2,30.0,3.7,0.1,24.7,39,0,141,174,"6,233",40.5,4.6,"16,760"
Ecuador,ECU,AMR,Upper-middle,2018,7.8,494,63.8,36.1,28.8,3.7,0.1,26.9,35,0,142,182,"6,304",40.9,5.0,"17,050"
Ecuador,ECU,AMR,Upper-middle,2019,7.8,485,62.9,37.0,29.1,3.9,0.1,27.4,37,0,141,172,"6,205",39.8,4.9,"17,340"
Ecuador,ECU,AMR,Upper-middle,2020,8.6,470,61.3,38.5,30.2,4.6,0.2,26.2,38,0,142,165,"5,464",40.2,5.3,"17,546"
Ecuador,ECU,AMR,Upper-middle,2021,8.4,508,63.5,36.1,29.4,3.8,0.4,26.9,34,1,149,186,"6,061",37.5,5.3,"17,682"
Ecuador,ECU,AMR,Upper-middle,2022,7.6,495,62.1,37.6,30.7,4.3,0.3,26.0,33,0,152,179,"6,516",38.9,4.7,"17,824"
Ecuador,ECU,AMR,Upper-middle,2023,7.6,509,62.0,37.8,30.9,4.3,0.3,26.0,34,0,157,183,"6,738",39.5,4.7,"17,980"
El Salvador,SLV,AMR,Upper-middle,2000,7.8,156,50.3,48.7,45.4,3.3,1.0,25.3,5,2,71,40,"1,983",21.0,3.9,"5,943"
El Salvador,SLV,AMR,Upper-middle,2001,7.9,162,48.6,49.3,45.1,4.2,2.1,23.7,7,3,73,44,"2,058",21.7,3.8,"5,968"
El Salvador,SLV,AMR,Upper-middle,2002,7.9,167,50.8,48.7,44.9,3.9,0.5,26.1,6,1,75,42,"2,115",22.5,4.0,"5,987"
El Salvador,SLV,AMR,Upper-middle,2003,7.8,172,50.0,49.5,45.7,3.8,0.5,26.0,6,1,78,42,"2,208",22.6,3.9,"5,999"
El Salvador,SLV,AMR,Upper-middle,2004,8.1,186,49.4,48.5,44.7,3.9,2.1,25.8,7,4,83,48,"2,286",21.5,4.0,"6,005"
El Salvador,SLV,AMR,Upper-middle,2005,9.2,225,46.2,51.8,44.0,3.6,2.0,24.9,18,5,99,53,"2,447",22.4,4.2,"6,006"
El Salvador,SLV,AMR,Upper-middle,2006,8.7,232,52.0,45.1,38.8,3.3,2.9,28.7,14,7,90,61,"2,666",23.4,4.5,"6,002"
El Salvador,SLV,AMR,Upper-middle,2007,8.5,240,48.4,48.3,41.6,3.4,3.2,25.0,15,8,100,64,"2,831",22.8,4.1,"6,010"
El Salvador,SLV,AMR,Upper-middle,2008,8.5,253,48.1,48.6,42.0,3.4,3.3,24.1,15,8,106,69,"2,983",24.5,4.1,"6,029"
El Salvador,SLV,AMR,Upper-middle,2009,8.8,257,46.5,45.8,38.4,3.6,7.7,23.3,17,20,99,79,"2,910",26.0,4.1,"6,048"
El Salvador,SLV,AMR,Upper-middle,2010,8.9,271,49.1,44.9,37.8,3.1,6.0,23.6,17,16,102,85,"3,040",25.6,4.4,"6,068"
El Salvador,SLV,AMR,Upper-middle,2011,8.9,296,54.1,45.2,38.1,3.0,0.8,23.6,18,2,113,92,"3,331",25.3,4.8,"6,090"
El Salvador,SLV,AMR,Upper-middle,2012,8.6,301,51.8,46.2,39.0,3.4,2.0,23.5,20,6,118,91,"3,498",27.4,4.5,"6,114"
El Salvador,SLV,AMR,Upper-middle,2013,9.1,324,52.6,44.4,37.4,3.3,3.0,22.5,20,10,121,107,"3,582",28.5,4.8,"6,139"
El Salvador,SLV,AMR,Upper-middle,2014,8.6,315,54.5,43.4,36.6,3.6,2.1,24.4,18,7,115,101,"3,666",27.6,4.7,"6,163"
El Salvador,SLV,AMR,Upper-middle,2015,8.8,332,54.9,43.5,35.2,4.0,1.6,24.9,24,5,117,105,"3,790",27.1,4.8,"6,184"
El Salvador,SLV,AMR,Upper-middle,2016,8.7,340,55.6,42.8,34.5,4.0,1.6,25.4,24,5,117,108,"3,901",27.5,4.8,"6,201"
El Salvador,SLV,AMR,Upper-middle,2017,8.4,339,54.4,45.5,37.3,3.8,0.1,24.8,23,0,126,100,"4,020",28.1,4.6,"6,214"
El Salvador,SLV,AMR,Upper-middle,2018,8.3,348,54.6,45.2,37.5,4.2,0.2,24.6,23,0,131,104,"4,184",27.6,4.5,"6,220"
El Salvador,SLV,AMR,Upper-middle,2019,8.8,381,53.5,46.5,37.7,4.2,0.0,24.3,28,0,143,111,"4,320",27.8,4.7,"6,222"
El Salvador,SLV,AMR,Upper-middle,2020,9.0,358,64.8,35.0,27.4,3.7,0.3,25.8,22,1,98,140,"3,997",32.7,5.8,"6,235"
El Salvador,SLV,AMR,Upper-middle,2021,10.1,470,63.4,35.7,30.5,3.5,0.9,22.2,27,1,143,194,"4,643",31.1,6.4,"6,256"
El Salvador,SLV,AMR,Upper-middle,2022,9.8,500,62.3,36.5,31.1,3.3,1.1,24.7,32,1,156,188,"5,094",28.6,6.1,"6,280"
El Salvador,SLV,AMR,Upper-middle,2023,9.3,501,60.5,38.6,32.5,3.9,0.9,26.7,34,1,163,169,"5,391",30.4,5.6,"6,310"
Grenada,GRD,AMR,Upper-middle,2000,5.4,259,34.7,63.8,59.3,4.5,1.5,0.0,33,9,415,252,"4,839",25.6,1.9,107
Grenada,GRD,AMR,Upper-middle,2001,5.6,271,38.2,60.3,56.1,4.2,1.4,0.0,32,9,411,289,"4,819",29.5,2.1,108
Grenada,GRD,AMR,Upper-middle,2002,6.2,308,43.9,54.8,51.0,3.8,1.3,0.0,33,9,424,374,"4,985",35.8,2.7,108
Grenada,GRD,AMR,Upper-middle,2003,5.3,287,40.9,57.7,53.7,4.0,1.4,0.0,33,9,416,326,"5,429",28.7,2.2,109
Grenada,GRD,AMR,Upper-middle,2004,5.4,294,48.4,50.8,47.2,3.6,0.9,0.1,30,6,375,389,"5,482",24.7,2.6,109
Grenada,GRD,AMR,Upper-middle,2005,5.1,326,47.1,52.2,48.6,3.7,0.7,0.2,36,2,428,415,"6,339",26.6,2.4,110
Grenada,GRD,AMR,Upper-middle,2006,5.1,324,40.0,56.8,52.8,4.0,3.2,0.2,38,25,462,373,"6,342",32.4,2.0,110
Grenada,GRD,AMR,Upper-middle,2007,5.2,360,38.3,59.5,55.4,4.2,2.1,0.1,42,19,537,390,"6,863",27.7,2.0,111
Grenada,GRD,AMR,Upper-middle,2008,5.4,401,36.4,59.4,55.2,4.2,4.2,0.1,45,45,598,439,"7,448",27.9,2.0,111
Grenada,GRD,AMR,Upper-middle,2009,5.4,377,39.9,58.7,54.6,4.1,1.4,0.1,43,13,555,418,"6,931",27.2,2.2,111
Grenada,GRD,AMR,Upper-middle,2010,5.4,374,38.0,60.8,56.6,4.3,1.2,0.1,45,11,572,393,"6,910",28.0,2.1,112
Grenada,GRD,AMR,Upper-middle,2011,5.8,403,41.6,58.4,54.3,4.1,0.0,0.2,45,0,591,451,"6,946",28.3,2.4,112
Grenada,GRD,AMR,Upper-middle,2012,5.8,413,41.0,58.9,54.8,4.1,0.1,0.1,46,1,611,457,"7,094",26.2,2.4,113
Grenada,GRD,AMR,Upper-middle,2013,5.6,418,40.5,59.3,55.1,4.1,0.2,0.1,48,1,622,457,"7,425",28.1,2.3,113
Grenada,GRD,AMR,Upper-middle,2014,4.8,381,43.8,55.8,51.9,3.9,0.4,0.1,43,1,534,451,"7,986",28.7,2.1,114
Grenada,GRD,AMR,Upper-middle,2015,4.6,404,41.6,58.0,54.0,4.1,0.3,0.1,46,2,589,455,"8,694",25.3,1.9,115
Grenada,GRD,AMR,Upper-middle,2016,4.4,409,39.8,59.9,55.7,4.2,0.3,0.1,48,2,616,440,"9,220",23.5,1.8,115
Grenada,GRD,AMR,Upper-middle,2017,4.7,454,40.5,59.3,55.1,4.1,0.2,0.1,51,2,676,498,"9,750",22.6,1.9,115
Grenada,GRD,AMR,Upper-middle,2018,4.6,462,40.7,59.0,54.9,4.1,0.3,0.1,53,2,685,509,"10,084",22.4,1.9,116
Grenada,GRD,AMR,Upper-middle,2019,4.9,516,41.4,58.5,54.4,4.1,0.1,0.1,57,1,758,576,"10,461",21.6,2.0,116
Grenada,GRD,AMR,Upper-middle,2020,5.3,476,43.1,56.1,52.2,3.9,0.7,0.3,53,7,671,557,"8,968",32.7,2.3,116
Grenada,GRD,AMR,Upper-middle,2021,5.3,508,41.1,55.4,51.5,3.9,3.6,0.1,61,41,707,603,"9,624",31.2,2.2,117
Grenada,GRD,AMR,Upper-middle,2022,5.0,526,40.0,58.2,54.1,4.1,1.8,0.1,61,23,769,591,"10,533",31.8,2.0,117
Grenada,GRD,AMR,Upper-middle,2023,4.7,526,45.2,52.1,48.5,3.6,2.7,0.1,75,15,689,656,"11,312",28.9,2.1,117
Guatemala,GTM,AMR,Upper-middle,2000,5.4,84,35.4,61.9,59.0,2.6,2.7,17.2,34,14,383,121,"1,549",13.6,1.9,"11,698"
Guatemala,GTM,AMR,Upper-middle,2001,6.1,100,32.6,65.5,62.3,1.8,1.9,15.6,41,11,490,133,"1,648",13.8,2.0,"11,969"
Guatemala,GTM,AMR,Upper-middle,2002,6.0,108,32.3,65.5,62.1,1.5,2.2,16.9,50,9,523,127,"1,790",13.1,1.9,"12,247"
Guatemala,GTM,AMR,Upper-middle,2003,6.2,113,33.2,64.2,61.6,1.8,2.6,17.2,46,12,555,144,"1,843",14.4,2.0,"12,526"
Guatemala,GTM,AMR,Upper-middle,2004,6.3,122,32.3,64.6,60.0,2.3,3.1,17.3,78,8,583,143,"1,951",12.9,2.0,"12,807"
Guatemala,GTM,AMR,Upper-middle,2005,6.1,132,30.6,67.1,62.5,2.5,2.3,14.5,73,13,632,160,"2,154",13.2,1.9,"13,088"
Guatemala,GTM,AMR,Upper-middle,2006,6.4,149,32.5,64.2,61.5,2.0,3.3,14.3,69,25,697,206,"2,342",14.2,2.1,"13,367"
Guatemala,GTM,AMR,Upper-middle,2007,6.2,159,32.0,65.1,61.6,2.3,3.0,13.6,87,22,751,216,"2,566",13.9,2.0,"13,652"
Guatemala,GTM,AMR,Upper-middle,2008,6.1,176,33.8,64.0,59.0,2.4,2.2,14.3,101,11,784,253,"2,889",13.3,2.1,"13,935"
Guatemala,GTM,AMR,Upper-middle,2009,6.3,169,35.6,60.6,56.9,2.5,3.7,15.1,98,18,787,288,"2,672",14.1,2.3,"14,216"
Guatemala,GTM,AMR,Upper-middle,2010,6.1,175,33.7,63.7,58.9,2.7,2.7,15.8,99,18,833,257,"2,862",14.5,2.1,"14,500"
Guatemala,GTM,AMR,Upper-middle,2011,6.0,191,33.4,63.3,58.9,2.7,3.3,15.7,113,23,877,266,"3,207",14.5,2.0,"14,792"
Guatemala,GTM,AMR,Upper-middle,2012,6.1,201,33.4,62.6,58.3,3.0,4.0,16.3,118,32,918,282,"3,307",14.2,2.0,"15,090"
Guatemala,GTM,AMR,Upper-middle,2013,5.8,199,38.4,59.0,54.6,3.3,2.6,18.9,109,23,853,304,"3,444",14.0,2.2,"15,387"
Guatemala,GTM,AMR,Upper-middle,2014,5.9,217,38.0,59.2,55.6,3.1,2.8,19.2,113,17,933,312,"3,689",13.6,2.2,"15,682"
Guatemala,GTM,AMR,Upper-middle,2015,6.0,234,37.9,60.4,55.7,3.4,1.7,19.6,130,9,997,312,"3,894",12.6,2.3,"15,972"
Guatemala,GTM,AMR,Upper-middle,2016,6.1,246,37.7,60.7,56.1,4.1,1.6,17.7,141,4,"1,050",349,"4,060",12.6,2.3,"16,269"
Guatemala,GTM,AMR,Upper-middle,2017,6.1,265,35.8,63.1,54.1,3.8,1.1,16.9,218,7,"1,056",346,"4,325",12.8,2.2,"16,567"
Guatemala,GTM,AMR,Upper-middle,2018,6.1,266,36.0,62.3,57.5,3.8,1.7,16.5,149,10,"1,149",371,"4,353",13.2,2.2,"16,846"
Guatemala,GTM,AMR,Upper-middle,2019,6.2,279,38.4,60.7,56.0,3.7,0.9,16.7,148,3,"1,201",439,"4,512",13.4,2.4,"17,104"
Guatemala,GTM,AMR,Upper-middle,2020,6.5,289,38.3,60.7,56.3,3.2,1.0,15.5,146,5,"1,257",483,"4,478",15.6,2.5,"17,357"
Guatemala,GTM,AMR,Upper-middle,2021,7.4,362,36.2,63.0,58.4,3.1,0.8,12.3,175,4,"1,634",644,"4,914",13.5,2.7,"17,599"
Guatemala,GTM,AMR,Upper-middle,2022,7.2,384,34.5,64.2,60.2,3.1,1.3,13.5,190,4,"1,792",591,"5,358",14.3,2.5,"17,848"
Guatemala,GTM,AMR,Upper-middle,2023,6.8,392,35.8,61.2,57.2,3.4,3.0,16.9,206,51,"1,756",590,"5,763",13.7,2.4,"18,125"
Guyana,GUY,AMR,High,2000,3.2,62,56.1,43.8,40.2,2.0,0.1,5.5,407,8,"4,580","5,762","1,957",22.9,1.8,765
Guyana,GUY,AMR,High,2001,3.1,60,53.4,45.9,42.3,2.1,0.6,5.8,483,3,"4,757","5,362","1,967",24.0,1.6,764
Guyana,GUY,AMR,High,2002,3.2,65,54.3,43.8,40.3,2.0,1.8,6.1,544,120,"4,998","6,101","2,037",23.1,1.7,764
Guyana,GUY,AMR,High,2003,3.3,68,52.9,41.8,38.5,1.9,5.3,5.4,"1,006",137,"5,085","6,414","2,086",23.5,1.7,763
Guyana,GUY,AMR,High,2004,3.4,75,50.6,40.4,37.1,1.8,9.0,5.4,"1,651",162,"5,502","6,859","2,173",23.7,1.7,762
Guyana,GUY,AMR,High,2005,3.8,85,46.9,38.2,35.1,1.7,14.9,4.9,"2,748",315,"5,991","7,490","2,250",28.4,1.8,761
Guyana,GUY,AMR,High,2006,3.9,98,42.0,38.4,35.3,1.7,19.6,4.8,"3,741",726,"6,948","8,062","2,501",29.0,1.7,759
Guyana,GUY,AMR,High,2007,4.3,126,39.3,35.9,33.0,1.6,24.8,4.4,"6,177",869,"8,397","9,764","2,938",25.5,1.7,757
Guyana,GUY,AMR,High,2008,4.2,139,40.3,38.4,35.3,1.7,21.3,4.4,"5,878",997,"9,978","11,149","3,300",24.1,1.7,755
Guyana,GUY,AMR,High,2009,4.4,150,43.2,35.7,32.8,1.6,21.1,3.7,"6,628",705,"10,064","12,815","3,452",25.4,1.9,752
Guyana,GUY,AMR,High,2010,4.2,163,43.1,37.8,34.7,1.7,19.1,3.1,"6,258","1,074","11,512","14,323","3,856",23.9,1.8,749
Guyana,GUY,AMR,High,2011,4.2,186,48.6,37.8,34.8,1.7,13.6,2.9,"6,126",177,"13,219","17,520","4,461",23.5,2.0,746
Guyana,GUY,AMR,High,2012,3.7,202,48.5,42.3,38.9,1.9,9.3,2.8,"5,003",213,"16,048","19,057","5,444",21.8,1.8,746
Guyana,GUY,AMR,High,2013,3.8,211,49.7,41.3,38.0,1.9,9.1,2.5,"5,218",157,"16,473","20,628","5,557",21.4,1.9,750
Guyana,GUY,AMR,High,2014,3.9,216,55.1,39.1,36.0,1.8,5.8,2.5,"3,957",34,"16,036","23,511","5,473",23.1,2.2,754
Guyana,GUY,AMR,High,2015,4.0,227,58.6,36.6,33.7,1.7,4.8,2.4,"3,517",90,"15,797","26,424","5,640",21.7,2.4,759
Guyana,GUY,AMR,High,2016,4.0,236,63.0,32.5,29.9,1.5,4.5,1.7,"1,602",296,"14,584","30,483","5,871",25.2,2.5,764
Guyana,GUY,AMR,High,2017,4.3,267,64.6,31.3,28.8,1.4,4.0,2.2,"3,074",520,"15,893","34,919","6,179",26.3,2.8,768
Guyana,GUY,AMR,High,2018,4.9,297,60.2,36.7,33.7,1.7,3.2,2.1,"3,334",423,"20,786","36,227","6,048",27.6,3.0,792
Guyana,GUY,AMR,High,2019,4.9,314,59.2,38.1,35.0,1.7,2.7,1.7,"2,988",780,"22,937","38,478","6,406",28.1,2.9,808
Guyana,GUY,AMR,High,2020,5.4,364,73.9,24.5,22.5,1.1,1.6,1.4,"1,917",759,"17,114","55,859","6,776",30.5,4.0,807
Guyana,GUY,AMR,High,2021,4.6,458,68.8,30.1,27.7,1.4,1.1,1.4,"2,788",546,"26,433","64,926","9,861",24.8,3.2,815
Guyana,GUY,AMR,High,2022,2.5,452,68.8,27.4,25.2,1.2,3.8,1.4,"3,089","2,574","23,738","66,103","17,913",20.3,1.7,822
Guyana,GUY,AMR,High,2023,2.5,505,70.1,28.6,26.3,1.3,1.2,1.4,"3,376",339,"27,723","72,732","20,474",23.7,1.7,826
Haiti,HTI,AMR,Lower-middle,2000,4.0,30,21.8,46.7,44.4,2.3,31.5,0.0,217,0,285,140,761,6.2,0.9,"8,303"
Haiti,HTI,AMR,Lower-middle,2001,3.8,27,19.4,47.6,45.2,2.4,33.0,0.4,231,6,303,133,730,6.1,0.7,"8,456"
Haiti,HTI,AMR,Lower-middle,2002,3.4,22,14.2,50.9,48.2,2.7,34.9,0.8,241,4,315,92,652,6.6,0.5,"8,608"
Haiti,HTI,AMR,Lower-middle,2003,3.5,19,14.6,51.0,48.1,2.9,34.4,1.0,292,2,379,110,526,7.8,0.5,"8,760"
Haiti,HTI,AMR,Lower-middle,2004,3.4,24,17.1,49.5,46.5,3.0,33.4,1.1,332,4,429,152,701,7.4,0.6,"8,910"
Haiti,HTI,AMR,Lower-middle,2005,3.3,25,17.7,49.3,46.0,3.3,33.0,1.2,368,4,470,172,764,8.7,0.6,"9,061"
Haiti,HTI,AMR,Lower-middle,2006,3.5,29,8.3,46.5,43.1,3.4,45.2,1.2,399,173,507,256,837,9.7,0.3,"9,217"
Haiti,HTI,AMR,Lower-middle,2007,3.6,38,21.7,43.4,40.1,3.3,34.9,1.4,517,12,556,294,"1,031",11.1,0.8,"9,373"
Haiti,HTI,AMR,Lower-middle,2008,3.8,40,22.2,42.0,38.6,3.4,35.8,1.5,611,11,610,338,"1,076",11.2,0.8,"9,531"
Haiti,HTI,AMR,Lower-middle,2009,3.5,41,22.3,42.5,39.3,3.3,35.1,1.6,646,8,670,362,"1,182",11.6,0.8,"9,690"
Haiti,HTI,AMR,Lower-middle,2010,4.5,56,17.9,36.0,33.3,2.7,46.2,1.4,"1,078",5,739,370,"1,225",12.6,0.8,"9,803"
Haiti,HTI,AMR,Lower-middle,2011,5.9,77,7.1,28.2,26.1,2.1,64.7,1.1,"1,813",274,815,462,"1,305",14.1,0.4,"9,915"
Haiti,HTI,AMR,Lower-middle,2012,5.6,75,8.2,31.0,28.4,2.6,60.7,1.2,"1,921",74,896,294,"1,349",16.4,0.5,"10,070"
Haiti,HTI,AMR,Lower-middle,2013,4.1,59,11.6,40.0,36.2,3.8,48.4,1.6,"1,293",54,935,310,"1,447",15.9,0.5,"10,222"
Haiti,HTI,AMR,Lower-middle,2014,4.5,65,10.4,34.7,31.0,3.7,54.9,1.6,"1,696",30,913,288,"1,440",14.6,0.5,"10,373"
Haiti,HTI,AMR,Lower-middle,2015,5.1,69,11.1,38.1,34.0,4.1,50.9,1.6,"1,820",90,"1,180",419,"1,350",12.7,0.6,"10,523"
Haiti,HTI,AMR,Lower-middle,2016,4.8,60,11.0,39.5,35.3,4.3,49.4,1.6,"1,999",43,"1,343",402,"1,249",10.5,0.5,"10,671"
Haiti,HTI,AMR,Lower-middle,2017,3.8,54,12.2,53.9,45.4,8.5,34.0,1.5,"1,317",162,"1,582",533,"1,409",10.2,0.5,"10,818"
Haiti,HTI,AMR,Lower-middle,2018,4.3,62,12.2,46.9,38.9,6.6,40.9,1.4,"1,321",210,"1,647",668,"1,443",11.3,0.5,"10,962"
Haiti,HTI,AMR,Lower-middle,2019,3.9,49,10.4,47.3,39.0,7.5,42.3,1.4,"1,930",284,"1,710",678,"1,261",9.6,0.4,"11,105"
Haiti,HTI,AMR,Lower-middle,2020,3.8,52,12.8,48.4,42.0,6.4,38.8,1.6,"1,970",184,"2,051",784,"1,379",10.0,0.5,"11,244"
Haiti,HTI,AMR,Lower-middle,2021,3.6,60,11.4,51.3,45.5,5.8,37.3,1.6,"2,177",127,"2,429",651,"1,674",9.3,0.4,"11,375"
Haiti,HTI,AMR,Lower-middle,2022,3.2,52,10.7,58.3,51.7,6.6,31.0,1.4,"1,562",712,"3,127","1,271","1,630",8.3,0.3,"11,504"
Haiti,HTI,AMR,Lower-middle,2023,3.2,54,9.3,59.1,52.4,6.7,31.6,1.3,"2,201",735,"4,022","1,352","1,705",6.5,0.3,"11,637"
Honduras,HND,AMR,Lower-middle,2000,6.3,68,48.2,49.0,45.9,2.4,2.8,7.1,32,27,467,445,"1,093",22.1,3.0,"6,578"
Honduras,HND,AMR,Lower-middle,2001,5.9,67,42.0,56.1,52.5,2.4,1.9,7.8,41,16,546,371,"1,132",25.1,2.5,"6,758"
Honduras,HND,AMR,Lower-middle,2002,6.2,71,40.7,55.0,51.9,2.2,4.3,8.7,45,42,603,413,"1,133",26.8,2.5,"6,939"
Honduras,HND,AMR,Lower-middle,2003,6.9,80,37.9,52.6,48.3,3.3,9.5,10.6,85,105,668,482,"1,156",26.4,2.6,"7,119"
Honduras,HND,AMR,Lower-middle,2004,6.9,83,35.8,54.5,50.1,3.5,9.8,11.8,100,115,759,479,"1,215",25.5,2.5,"7,299"
Honduras,HND,AMR,Lower-middle,2005,7.5,98,38.9,52.6,49.1,3.0,8.5,12.5,134,87,904,574,"1,305",23.6,2.9,"7,478"
Honduras,HND,AMR,Lower-middle,2006,7.9,112,41.6,53.2,49.9,2.7,5.2,12.0,137,43,"1,056",672,"1,426",24.4,3.3,"7,657"
Honduras,HND,AMR,Lower-middle,2007,8.1,128,41.2,52.9,49.8,2.7,5.8,12.7,125,91,"1,200",779,"1,578",24.4,3.3,"7,835"
Honduras,HND,AMR,Lower-middle,2008,8.6,149,38.6,54.3,51.4,2.8,7.2,11.6,144,138,"1,449",899,"1,732",26.4,3.3,"8,013"
Honduras,HND,AMR,Lower-middle,2009,9.0,160,44.1,47.6,44.9,2.7,8.3,11.5,174,159,"1,360","1,146","1,781",28.4,4.0,"8,190"
Honduras,HND,AMR,Lower-middle,2010,8.7,165,42.4,50.1,46.3,3.8,7.5,10.6,206,149,"1,444","1,142","1,893",26.5,3.7,"8,366"
Honduras,HND,AMR,Lower-middle,2011,8.8,182,44.3,49.6,45.8,3.8,6.1,11.0,212,130,"1,579","1,279","2,074",25.9,3.9,"8,541"
Honduras,HND,AMR,Lower-middle,2012,8.7,184,39.1,53.9,49.9,4.0,7.1,12.9,231,166,"1,790","1,105","2,126",26.4,3.4,"8,715"
Honduras,HND,AMR,Lower-middle,2013,8.5,176,41.2,53.5,49.3,4.3,5.3,12.9,272,70,"1,769","1,088","2,081",29.6,3.5,"8,889"
Honduras,HND,AMR,Lower-middle,2014,7.9,173,40.3,53.4,48.7,4.7,6.3,13.6,286,111,"1,763","1,079","2,180",27.6,3.2,"9,063"
Honduras,HND,AMR,Lower-middle,2015,7.5,170,39.4,55.6,50.7,4.9,5.0,12.3,230,141,"1,890","1,153","2,271",26.0,2.9,"9,237"
Honduras,HND,AMR,Lower-middle,2016,7.7,178,40.1,54.9,49.8,5.2,5.0,11.4,284,127,"2,021","1,296","2,307",27.4,3.1,"9,412"
Honduras,HND,AMR,Lower-middle,2017,7.0,169,40.7,55.6,49.7,5.1,3.7,11.9,284,96,"1,974","1,242","2,413",26.9,2.9,"9,588"
Honduras,HND,AMR,Lower-middle,2018,7.2,178,39.4,57.6,52.1,4.6,3.0,12.1,270,90,"2,220","1,254","2,465",26.2,2.8,"9,765"
Honduras,HND,AMR,Lower-middle,2019,7.3,184,39.4,57.9,52.3,4.7,2.6,12.0,278,93,"2,356","1,331","2,502",25.9,2.9,"9,944"
Honduras,HND,AMR,Lower-middle,2020,9.2,213,38.0,56.3,50.0,4.8,5.7,10.5,331,292,"2,617","1,732","2,308",28.4,3.5,"10,120"
Honduras,HND,AMR,Lower-middle,2021,9.3,254,37.5,57.5,51.7,4.4,5.0,9.9,356,301,"3,150","1,981","2,735",28.8,3.5,"10,290"
Honduras,HND,AMR,Lower-middle,2022,8.2,245,39.3,56.8,52.3,4.5,3.9,9.8,381,157,"3,138","1,892","3,003",24.0,3.2,"10,464"
Honduras,HND,AMR,Lower-middle,2023,7.7,249,31.9,58.0,53.1,4.9,10.1,9.4,443,514,"3,252","1,859","3,232",26.1,2.5,"10,645"
Jamaica,JAM,AMR,Upper-middle,2000,6.0,206,53.3,46.5,33.6,12.9,0.2,0.0,"1,146",19,"2,978","4,750","3,453",26.9,3.2,"2,608"
Jamaica,JAM,AMR,Upper-middle,2001,5.2,181,46.6,52.9,38.4,14.5,0.5,0.0,"1,209",40,"3,192","3,909","3,504",29.3,2.4,"2,624"
Jamaica,JAM,AMR,Upper-middle,2002,5.6,205,49.5,49.9,37.9,12.1,0.6,0.0,"1,211",46,"3,764","4,967","3,681",31.9,2.8,"2,641"
Jamaica,JAM,AMR,Upper-middle,2003,5.0,177,41.0,58.4,44.7,13.7,0.6,0.6,"1,448",16,"4,573","4,147","3,550",33.3,2.0,"2,657"
Jamaica,JAM,AMR,Upper-middle,2004,5.8,222,42.4,56.1,40.4,15.8,1.5,1.3,"2,256",90,"5,493","5,672","3,808",32.4,2.5,"2,672"
Jamaica,JAM,AMR,Upper-middle,2005,5.8,244,38.4,60.6,44.7,15.9,1.1,2.6,"2,449",125,"6,776","5,545","4,184",30.0,2.2,"2,687"
Jamaica,JAM,AMR,Upper-middle,2006,5.5,243,36.3,62.5,45.7,16.7,1.2,3.6,"2,744",131,"7,318","5,371","4,417",32.0,2.0,"2,701"
Jamaica,JAM,AMR,Upper-middle,2007,6.2,292,43.0,55.4,40.8,14.6,1.6,3.9,"3,047",212,"8,250","8,117","4,716",32.4,2.7,"2,714"
Jamaica,JAM,AMR,Upper-middle,2008,6.7,335,44.3,54.3,41.1,13.2,1.4,3.9,"3,345",192,"10,017","10,034","5,030",35.3,3.0,"2,726"
Jamaica,JAM,AMR,Upper-middle,2009,6.4,282,46.3,51.8,37.8,14.0,2.0,4.7,"3,591",367,"9,363","10,665","4,428",39.6,2.9,"2,737"
Jamaica,JAM,AMR,Upper-middle,2010,6.4,310,47.3,50.9,37.1,13.8,1.8,4.4,"3,795",421,"10,027","12,008","4,810",33.7,3.0,"2,749"
Jamaica,JAM,AMR,Upper-middle,2011,6.5,341,47.5,50.7,37.4,13.3,1.8,5.2,"4,020",416,"10,965","12,797","5,233",32.5,3.1,"2,760"
Jamaica,JAM,AMR,Upper-middle,2012,6.2,330,45.0,52.5,38.2,14.2,2.6,5.8,"4,399",531,"11,203","12,009","5,341",30.4,2.8,"2,772"
Jamaica,JAM,AMR,Upper-middle,2013,6.3,322,47.3,51.9,36.5,15.4,0.8,5.8,"5,085",148,"11,807","13,559","5,124",27.6,3.0,"2,784"
Jamaica,JAM,AMR,Upper-middle,2014,6.3,313,48.7,50.1,35.4,14.7,1.2,5.9,"5,234",277,"12,292","15,133","4,975",27.2,3.1,"2,794"
Jamaica,JAM,AMR,Upper-middle,2015,6.6,335,53.8,45.0,31.1,13.9,1.2,5.8,"5,546",369,"12,183","19,185","5,063",27.8,3.6,"2,803"
Jamaica,JAM,AMR,Upper-middle,2016,6.6,330,55.0,43.6,29.0,14.6,1.4,6.1,"6,155",445,"11,979","20,665","5,010",28.6,3.6,"2,810"
Jamaica,JAM,AMR,Upper-middle,2017,7.0,367,58.2,40.5,26.7,13.8,1.3,6.0,"6,644",444,"12,560","24,991","5,259",29.1,4.1,"2,816"
Jamaica,JAM,AMR,Upper-middle,2018,6.8,381,56.9,41.8,27.4,14.5,1.3,6.5,"7,393",355,"13,458","25,126","5,578",29.8,3.9,"2,820"
Jamaica,JAM,AMR,Upper-middle,2019,7.0,391,57.1,41.5,26.9,14.6,1.4,6.8,"7,836",510,"14,010","26,693","5,607",29.9,4.0,"2,823"
Jamaica,JAM,AMR,Upper-middle,2020,7.5,365,60.5,38.1,24.4,13.7,1.4,6.6,"7,331",494,"12,693","28,501","4,879",32.3,4.5,"2,831"
Jamaica,JAM,AMR,Upper-middle,2021,8.0,413,63.9,34.8,22.0,12.9,1.2,7.2,"8,422",379,"13,687","35,735","5,165",31.6,5.1,"2,838"
Jamaica,JAM,AMR,Upper-middle,2022,8.7,521,68.5,30.4,19.0,11.3,1.1,6.0,"9,481",490,"15,214","50,480","6,022",31.3,5.9,"2,839"
Jamaica,JAM,AMR,Upper-middle,2023,7.6,520,64.3,33.1,20.2,12.8,2.6,7.3,"11,964",391,"16,234","46,112","6,840",30.9,4.9,"2,840"
Mexico,MEX,AMR,Upper-middle,2000,4.2,319,45.2,54.8,52.2,2.6,,30.1,77,,"1,577",458,"7,524",19.4,1.9,"98,626"
Mexico,MEX,AMR,Upper-middle,2001,4.6,364,43.8,56.2,53.4,2.8,,29.1,96,,"1,819",499,"7,953",19.5,2.0,"100,099"
Mexico,MEX,AMR,Upper-middle,2002,4.8,386,42.7,57.3,54.4,3.0,,28.3,110,,"2,024",535,"7,983",19.8,2.1,"101,549"
Mexico,MEX,AMR,Upper-middle,2003,5.5,412,41.5,58.5,55.7,2.8,,27.7,126,,"2,473",615,"7,434",21.5,2.3,"102,979"
Mexico,MEX,AMR,Upper-middle,2004,5.7,446,43.5,56.5,53.7,2.8,,29.2,143,,"2,703",720,"7,850",20.5,2.5,"104,394"
Mexico,MEX,AMR,Upper-middle,2005,5.6,484,42.2,57.8,54.6,3.2,,26.1,167,,"2,879",850,"8,672",21.2,2.4,"105,812"
Mexico,MEX,AMR,Upper-middle,2006,5.4,514,42.8,57.2,53.8,3.4,,25.9,191,,"3,014",949,"9,513",21.6,2.3,"107,254"
Mexico,MEX,AMR,Upper-middle,2007,5.5,558,43.8,56.2,52.5,3.7,,25.9,225,,"3,202","1,091","10,134",22.5,2.4,"108,774"
Mexico,MEX,AMR,Upper-middle,2008,5.4,573,45.9,54.1,48.6,3.8,,25.6,350,,"3,100","1,294","10,524",26.5,2.5,"110,374"
Mexico,MEX,AMR,Upper-middle,2009,5.8,493,46.7,53.3,47.4,4.1,,26.1,398,,"3,152","1,371","8,424",26.5,2.7,"112,000"
Mexico,MEX,AMR,Upper-middle,2010,5.5,534,50.2,49.8,43.5,4.5,,27.6,423,,"2,936","1,527","9,729",26.5,2.8,"113,624"
Mexico,MEX,AMR,Upper-middle,2011,5.3,565,52.8,47.2,40.7,4.7,,29.1,454,,"2,861","1,665","10,664",26.6,2.8,"115,244"
Mexico,MEX,AMR,Upper-middle,2012,5.4,582,53.1,46.9,40.6,4.6,,29.3,481,,"3,118","1,823","10,744",27.0,2.9,"116,818"
Mexico,MEX,AMR,Upper-middle,2013,5.6,626,53.8,46.2,39.9,4.7,,30.2,509,,"3,186","1,886","11,217",26.7,3.0,"118,344"
Mexico,MEX,AMR,Upper-middle,2014,5.4,610,52.1,47.9,40.9,5.3,,28.0,571,,"3,313","1,950","11,391",26.9,2.8,"119,784"
Mexico,MEX,AMR,Upper-middle,2015,5.5,554,52.2,47.8,41.0,5.1,,28.3,593,,"3,603","2,099","10,021",26.6,2.9,"121,072"
Mexico,MEX,AMR,Upper-middle,2016,5.4,490,51.3,48.7,41.4,5.7,,27.8,672,,"3,783","2,147","9,098",26.5,2.8,"122,251"
Mexico,MEX,AMR,Upper-middle,2017,5.3,513,50.5,49.5,41.8,6.0,,27.2,745,,"4,054","2,259","9,649",25.0,2.7,"123,400"
Mexico,MEX,AMR,Upper-middle,2018,5.2,528,49.6,50.4,42.3,6.4,,26.8,820,,"4,301","2,316","10,085",25.0,2.6,"124,574"
Mexico,MEX,AMR,Upper-middle,2019,5.3,550,49.2,50.8,42.3,6.8,,26.9,905,,"4,478","2,356","10,370",25.3,2.6,"125,763"
Mexico,MEX,AMR,Upper-middle,2020,6.1,535,52.9,47.1,38.8,6.7,0.0,28.0,958,2,"4,457","2,859","8,841",27.8,3.2,"126,799"
Mexico,MEX,AMR,Upper-middle,2021,5.9,606,50.1,49.8,41.4,6.6,0.1,26.7,"1,035",14,"5,084","2,889","10,314",26.7,2.9,"127,648"
Mexico,MEX,AMR,Upper-middle,2022,5.7,651,51.9,48.1,39.1,7.3,0.0,27.9,"1,182",0,"5,122","3,146","11,402",28.5,3.0,"128,613"
Mexico,MEX,AMR,Upper-middle,2023,5.5,761,48.6,51.4,41.2,7.9,0.0,25.5,"1,370",0,"5,573","3,123","13,826",28.6,2.7,"129,740"
Nicaragua,NIC,AMR,Lower-middle,2000,5.2,53,49.0,47.4,43.9,1.9,3.6,14.8,41,7,297,238,"1,017",20.6,2.6,"5,023"
Nicaragua,NIC,AMR,Lower-middle,2001,5.5,58,44.8,44.6,40.4,2.7,10.6,16.2,90,24,312,245,"1,052",19.2,2.5,"5,088"
Nicaragua,NIC,AMR,Lower-middle,2002,5.7,58,42.9,48.6,45.3,3.0,8.5,14.6,78,20,375,254,"1,014",18.7,2.5,"5,150"
Nicaragua,NIC,AMR,Lower-middle,2003,6.1,62,42.0,44.2,38.7,3.5,13.7,15.2,138,43,363,295,"1,021",20.9,2.6,"5,211"
Nicaragua,NIC,AMR,Lower-middle,2004,6.1,67,37.5,43.9,41.6,1.6,18.6,16.7,147,75,441,296,"1,099",20.8,2.3,"5,273"
Nicaragua,NIC,AMR,Lower-middle,2005,6.2,74,40.3,41.3,39.2,1.5,18.4,14.5,164,90,483,407,"1,183",21.3,2.5,"5,342"
Nicaragua,NIC,AMR,Lower-middle,2006,6.4,79,45.0,44.0,42.0,1.5,11.0,13.9,135,46,585,479,"1,248",21.4,2.9,"5,419"
Nicaragua,NIC,AMR,Lower-middle,2007,7.0,94,45.3,43.7,41.9,1.2,11.0,15.1,166,55,727,579,"1,350",21.5,3.2,"5,497"
Nicaragua,NIC,AMR,Lower-middle,2008,7.2,109,44.5,42.7,40.9,1.3,12.7,14.7,198,111,865,743,"1,524",21.9,3.2,"5,577"
Nicaragua,NIC,AMR,Lower-middle,2009,7.7,113,49.6,40.6,38.3,1.7,9.8,16.8,196,81,879,834,"1,467",22.7,3.8,"5,657"
Nicaragua,NIC,AMR,Lower-middle,2010,7.7,118,46.1,39.7,37.5,1.7,14.2,17.6,249,163,942,880,"1,527",22.6,3.6,"5,737"
Nicaragua,NIC,AMR,Lower-middle,2011,7.4,125,47.4,40.0,37.8,1.6,12.6,18.4,243,172,"1,062",984,"1,680",23.5,3.5,"5,819"
Nicaragua,NIC,AMR,Lower-middle,2012,7.5,134,50.1,39.8,37.6,1.7,10.1,19.3,211,176,"1,184","1,143","1,785",24.1,3.7,"5,901"
Nicaragua,NIC,AMR,Lower-middle,2013,7.6,140,50.6,39.3,36.9,1.8,10.1,21.1,221,211,"1,279","1,234","1,835",24.2,3.9,"5,984"
Nicaragua,NIC,AMR,Lower-middle,2014,8.0,156,52.1,37.6,35.3,1.8,10.3,21.0,301,207,"1,433","1,469","1,958",24.6,4.2,"6,066"
Nicaragua,NIC,AMR,Lower-middle,2015,8.0,165,56.1,37.7,35.4,1.8,6.2,23.8,206,177,"1,594","1,633","2,074",25.4,4.5,"6,149"
Nicaragua,NIC,AMR,Lower-middle,2016,8.0,172,57.8,37.0,35.0,1.5,5.2,24.2,188,165,"1,719","1,814","2,132",26.8,4.7,"6,233"
Nicaragua,NIC,AMR,Lower-middle,2017,8.3,182,58.3,35.6,33.8,1.3,6.0,25.1,213,215,"1,849","2,030","2,183",27.3,4.9,"6,316"
Nicaragua,NIC,AMR,Lower-middle,2018,8.5,173,60.9,34.9,33.2,1.3,4.2,25.7,186,137,"1,810","2,059","2,035",27.7,5.2,"6,400"
Nicaragua,NIC,AMR,Lower-middle,2019,8.5,166,61.6,34.8,33.2,1.2,3.6,25.7,155,133,"1,832","2,109","1,959",27.7,5.2,"6,484"
Nicaragua,NIC,AMR,Lower-middle,2020,8.6,166,61.8,33.9,32.3,1.2,4.3,25.2,150,185,"1,838","2,270","1,938",28.9,5.3,"6,565"
Nicaragua,NIC,AMR,Lower-middle,2021,9.5,204,63.4,32.3,30.8,1.0,4.3,22.5,203,213,"2,213","3,151","2,138",30.0,6.1,"6,645"
Nicaragua,NIC,AMR,Lower-middle,2022,9.0,209,57.6,37.2,35.7,1.0,5.2,23.8,348,155,"2,670","2,684","2,323",28.6,5.2,"6,731"
Nicaragua,NIC,AMR,Lower-middle,2023,8.3,217,57.4,39.2,37.6,1.0,3.4,23.6,269,121,"2,970","2,791","2,609",26.1,4.8,"6,824"
Panama,PAN,AMR,High,2000,7.0,301,64.5,35.1,30.7,4.4,0.3,25.1,13,1,92,120,"4,304",22.8,4.5,"3,010"
Panama,PAN,AMR,High,2001,6.9,297,63.4,36.2,31.9,4.3,0.4,26.6,13,1,95,110,"4,289",23.4,4.4,"3,070"
Panama,PAN,AMR,High,2002,7.1,309,62.7,36.9,32.6,4.3,0.4,27.3,14,1,101,110,"4,373",23.5,4.4,"3,129"
Panama,PAN,AMR,High,2003,6.7,303,62.0,37.6,33.1,4.5,0.4,27.7,14,1,100,105,"4,521",24.2,4.2,"3,190"
Panama,PAN,AMR,High,2004,7.1,344,63.3,36.5,32.4,4.2,0.2,24.8,15,0,111,133,"4,863",23.3,4.5,"3,251"
Panama,PAN,AMR,High,2005,6.2,323,59.3,40.4,35.8,4.6,0.2,25.9,15,0,116,108,"5,205",22.4,3.7,"3,313"
Panama,PAN,AMR,High,2006,6.5,371,62.1,37.8,33.3,4.4,0.1,24.3,17,0,124,140,"5,662",21.9,4.1,"3,375"
Panama,PAN,AMR,High,2007,7.4,472,66.0,33.9,30.0,3.7,0.1,29.4,18,0,141,174,"6,421",21.8,4.9,"3,437"
Panama,PAN,AMR,High,2008,6.8,507,67.0,32.8,29.2,3.5,0.2,29.2,19,0,148,192,"7,448",22.7,4.6,"3,501"
Panama,PAN,AMR,High,2009,7.0,551,66.6,33.3,29.7,3.5,0.1,29.8,20,0,164,203,"7,885",22.7,4.6,"3,564"
Panama,PAN,AMR,High,2010,7.2,607,64.4,34.9,31.4,3.4,0.7,28.9,22,3,191,219,"8,409",24.2,4.7,"3,629"
Panama,PAN,AMR,High,2011,6.8,665,62.0,37.7,34.2,3.5,0.3,28.4,24,1,227,225,"9,733",23.5,4.2,"3,694"
Panama,PAN,AMR,High,2012,6.5,725,60.0,39.8,34.8,4.9,0.1,26.1,36,0,252,248,"11,146",22.8,3.9,"3,759"
Panama,PAN,AMR,High,2013,6.5,806,62.5,37.3,32.3,5.0,0.2,28.6,41,1,260,275,"12,355",23.4,4.1,"3,825"
Panama,PAN,AMR,High,2014,6.9,919,61.3,38.2,31.8,6.4,0.5,26.3,63,1,292,322,"13,294",23.0,4.2,"3,892"
Panama,PAN,AMR,High,2015,6.9,982,60.8,39.1,33.0,6.1,0.1,25.3,61,0,324,349,"14,157",21.4,4.2,"3,960"
Panama,PAN,AMR,High,2016,7.1,"1,057",61.1,38.9,32.7,6.2,0.1,27.7,66,0,346,352,"14,896",21.3,4.3,"4,029"
Panama,PAN,AMR,High,2017,7.2,"1,127",61.6,38.3,31.9,6.3,0.1,29.6,71,0,360,362,"15,729",21.2,4.4,"4,099"
Panama,PAN,AMR,High,2018,7.6,"1,227",58.0,41.9,35.7,6.2,0.1,27.8,77,0,438,371,"16,146",21.8,4.4,"4,168"
Panama,PAN,AMR,High,2019,8.1,"1,339",56.7,43.2,37.6,5.6,0.1,26.4,76,0,504,406,"16,464",20.7,4.6,"4,235"
Panama,PAN,AMR,High,2020,10.2,"1,358",54.3,45.5,39.6,5.9,0.2,26.1,80,3,538,386,"13,297",27.5,5.5,"4,293"
Panama,PAN,AMR,High,2021,9.1,"1,417",55.6,43.4,37.3,6.0,1.1,26.9,86,15,529,420,"15,512",23.8,5.1,"4,345"
Panama,PAN,AMR,High,2022,9.0,"1,573",52.6,47.0,40.9,5.9,0.4,26.1,93,5,643,426,"17,389",21.3,4.8,"4,401"
Panama,PAN,AMR,High,2023,8.3,"1,558",51.2,48.0,40.5,6.8,0.8,25.4,107,10,630,424,"18,701",21.5,4.3,"4,459"
Paraguay,PRY,AMR,Upper-middle,2000,6.0,104,38.6,58.4,49.1,9.3,2.9,20.5,"44,717",0,"178,856","66,044","1,736",19.6,2.3,"5,101"
Paraguay,PRY,AMR,Upper-middle,2001,5.6,92,34.7,63.6,52.4,11.2,1.7,16.7,"48,576",0,"197,564","68,133","1,638",19.0,1.9,"5,188"
Paraguay,PRY,AMR,Upper-middle,2002,4.8,65,30.8,67.5,56.1,11.4,1.7,12.9,"48,685",0,"208,579","66,697","1,368",17.6,1.5,"5,261"
Paraguay,PRY,AMR,Upper-middle,2003,4.9,71,33.2,65.3,54.6,10.6,1.5,13.3,"55,324",0,"248,675","90,540","1,444",15.8,1.6,"5,326"
Paraguay,PRY,AMR,Upper-middle,2004,4.9,88,32.4,66.3,57.0,9.4,1.3,12.4,"55,945",92,"299,813","105,250","1,786",15.4,1.6,"5,388"
Paraguay,PRY,AMR,Upper-middle,2005,4.8,95,32.8,66.5,57.9,8.6,0.7,13.1,"54,160",166,"340,608","116,457","1,971",14.6,1.6,"5,448"
Paraguay,PRY,AMR,Upper-middle,2006,5.0,122,35.1,64.4,56.7,7.6,0.5,12.4,"56,366",0,"391,397","156,799","2,440",14.8,1.8,"5,505"
Paraguay,PRY,AMR,Upper-middle,2007,5.0,161,34.6,65.0,58.0,7.1,0.4,11.9,"60,607",0,"470,352","184,318","3,212",13.7,1.7,"5,559"
Paraguay,PRY,AMR,Upper-middle,2008,5.0,221,32.2,67.3,60.5,6.8,0.6,12.3,"70,616",362,"582,831","192,108","4,385",12.5,1.6,"5,614"
Paraguay,PRY,AMR,Upper-middle,2009,5.5,218,38.4,60.7,55.4,5.3,0.9,13.8,"65,313","1,224","599,738","267,836","3,942",15.2,2.1,"5,671"
Paraguay,PRY,AMR,Upper-middle,2010,5.5,258,39.0,60.1,53.9,6.2,0.9,13.4,"86,031","1,045","663,185","316,126","4,728",14.7,2.1,"5,738"
Paraguay,PRY,AMR,Upper-middle,2011,5.8,338,42.3,56.9,50.0,6.9,0.8,14.9,"108,656",698,"708,437","387,937","5,802",15.6,2.5,"5,815"
Paraguay,PRY,AMR,Upper-middle,2012,6.5,369,46.4,53.0,46.3,6.7,0.5,16.2,"115,992","1,965","755,494","494,332","5,646",18.5,3.0,"5,897"
Paraguay,PRY,AMR,Upper-middle,2013,6.1,392,43.7,55.7,47.5,8.2,0.5,15.0,"145,395","2,182","801,046","486,825","6,461",17.5,2.7,"5,982"
Paraguay,PRY,AMR,Upper-middle,2014,6.6,441,47.7,51.9,44.4,7.6,0.3,17.3,"154,962",558,"873,166","598,012","6,652",17.1,3.2,"6,070"
Paraguay,PRY,AMR,Upper-middle,2015,6.7,393,47.2,52.5,43.8,8.7,0.3,17.0,"183,704","1,022","897,058","619,020","5,879",18.0,3.2,"6,159"
Paraguay,PRY,AMR,Upper-middle,2016,6.7,386,47.2,52.5,42.9,9.6,0.4,17.9,"215,902",998,"938,319","640,892","5,775",17.7,3.1,"6,249"
Paraguay,PRY,AMR,Upper-middle,2017,6.6,407,45.8,53.9,43.8,10.1,0.3,17.5,"236,943","1,316","1,000,112","647,892","6,152",18.1,3.0,"6,339"
Paraguay,PRY,AMR,Upper-middle,2018,6.7,422,44.9,55.0,43.9,11.1,0.1,16.4,"269,550","1,565","1,061,675","691,381","6,258",18.5,3.0,"6,427"
Paraguay,PRY,AMR,Upper-middle,2019,7.2,417,46.3,53.6,42.0,11.7,0.0,17.4,"303,805",164,"1,091,753","752,359","5,821",20.2,3.3,"6,515"
Paraguay,PRY,AMR,Upper-middle,2020,7.7,412,53.9,46.1,37.9,8.3,0.0,18.4,"230,610",106,"1,056,151","988,841","5,365",22.6,4.1,"6,604"
Paraguay,PRY,AMR,Upper-middle,2021,8.0,480,55.6,44.1,35.9,8.2,0.3,16.7,"266,393","8,880","1,168,824","1,274,672","5,977",20.4,4.5,"6,684"
Paraguay,PRY,AMR,Upper-middle,2022,7.7,480,52.8,47.2,38.9,8.3,0.0,18.4,"276,894",424,"1,304,678","1,154,558","6,206",20.2,4.1,"6,760"
Paraguay,PRY,AMR,Upper-middle,2023,8.4,527,55.4,44.5,36.3,8.2,0.0,18.7,"315,670","1,213","1,393,951","1,409,634","6,300",21.5,4.6,"6,844"
Peru,PER,AMR,Upper-middle,2000,4.4,84,53.0,46.7,40.3,5.2,0.2,28.4,19,0,118,72,"1,894",21.7,2.3,"26,598"
Peru,PER,AMR,Upper-middle,2001,4.7,89,52.4,47.0,40.7,5.1,0.6,29.8,20,1,127,72,"1,893",20.9,2.5,"26,965"
Peru,PER,AMR,Upper-middle,2002,4.9,98,51.1,48.3,39.9,7.1,0.6,30.3,30,1,137,73,"1,977",19.6,2.5,"27,288"
Peru,PER,AMR,Upper-middle,2003,4.6,97,50.9,46.7,37.5,8.5,2.3,30.6,34,5,127,74,"2,122",20.1,2.3,"27,580"
Peru,PER,AMR,Upper-middle,2004,4.4,105,52.0,46.0,36.7,8.3,2.0,30.4,36,4,132,82,"2,374",19.6,2.3,"27,852"
Peru,PER,AMR,Upper-middle,2005,4.7,123,55.0,42.9,34.0,8.1,2.1,30.0,40,5,138,106,"2,642",20.4,2.6,"28,101"
Peru,PER,AMR,Upper-middle,2006,4.4,136,50.3,47.9,40.3,7.2,1.8,26.2,41,1,180,109,"3,087",19.2,2.2,"28,324"
Peru,PER,AMR,Upper-middle,2007,4.4,159,48.7,50.3,42.5,6.6,1.0,24.9,44,0,211,118,"3,582",18.6,2.2,"28,531"
Peru,PER,AMR,Upper-middle,2008,4.5,191,48.1,51.2,43.4,6.3,0.7,25.4,48,0,243,127,"4,225",19.8,2.2,"28,719"
Peru,PER,AMR,Upper-middle,2009,5.0,209,50.4,47.8,40.3,6.4,1.9,25.5,53,6,254,163,"4,218",21.4,2.5,"28,897"
Peru,PER,AMR,Upper-middle,2010,4.7,241,51.9,46.9,39.5,6.4,1.2,25.8,57,2,270,180,"5,131",21.0,2.4,"29,086"
Peru,PER,AMR,Upper-middle,2011,4.5,264,51.0,48.0,40.3,6.6,1.0,25.8,62,1,294,185,"5,848",19.7,2.3,"29,304"
Peru,PER,AMR,Upper-middle,2012,4.7,309,52.5,46.9,38.9,6.5,0.6,24.9,69,1,317,227,"6,540",20.3,2.5,"29,550"
Peru,PER,AMR,Upper-middle,2013,4.7,321,56.1,43.4,35.3,6.7,0.5,27.6,73,2,306,249,"6,811",21.5,2.6,"29,818"
Peru,PER,AMR,Upper-middle,2014,4.9,332,59.9,39.9,31.8,6.7,0.3,27.1,78,0,300,310,"6,766",22.4,2.9,"30,116"
Peru,PER,AMR,Upper-middle,2015,4.9,311,61.2,38.5,30.1,7.0,0.2,27.8,85,0,298,331,"6,333",22.2,3.0,"30,458"
Peru,PER,AMR,Upper-middle,2016,4.9,311,62.1,37.7,29.6,6.8,0.2,28.1,87,0,311,357,"6,362",20.8,3.0,"30,866"
Peru,PER,AMR,Upper-middle,2017,4.8,333,62.7,37.0,28.9,6.8,0.2,28.2,90,0,314,375,"6,915",20.9,3.0,"31,325"
Peru,PER,AMR,Upper-middle,2018,5.1,363,62.0,37.8,29.7,6.7,0.2,27.1,98,0,355,416,"7,136",21.2,3.2,"31,898"
Peru,PER,AMR,Upper-middle,2019,5.1,368,63.2,36.6,28.3,6.9,0.2,28.4,103,0,348,428,"7,180",21.1,3.2,"32,449"
Peru,PER,AMR,Upper-middle,2020,6.3,399,68.5,31.5,22.5,7.8,,28.1,125,,314,564,"6,288",26.1,4.3,"32,839"
Peru,PER,AMR,Upper-middle,2021,6.7,455,66.9,33.1,25.1,6.9,,24.2,142,,444,754,"6,824",23.5,4.5,"33,156"
Peru,PER,AMR,Upper-middle,2022,6.1,445,64.1,35.9,27.0,7.6,,24.2,151,,462,682,"7,300",23.5,3.9,"33,475"
Peru,PER,AMR,Upper-middle,2023,5.6,446,63.6,36.4,27.0,7.4,,27.2,143,,450,606,"7,902",22.5,3.6,"33,846"
Saint Kitts and Nevis,KNA,AMR,High,2000,4.8,447,41.9,58.1,52.6,5.4,0.0,0.3,66,0,635,502,"9,307",34.7,2.0,45
Saint Kitts and Nevis,KNA,AMR,High,2001,4.4,440,43.7,56.3,51.1,5.2,0.0,0.2,63,0,607,517,"10,012",30.9,1.9,46
Saint Kitts and Nevis,KNA,AMR,High,2002,4.5,465,43.3,56.7,51.3,5.3,0.0,0.2,67,0,645,542,"10,446",35.4,1.9,46
Saint Kitts and Nevis,KNA,AMR,High,2003,4.8,483,44.1,55.9,50.6,5.2,0.0,0.1,68,0,660,573,"10,162",30.9,2.1,46
Saint Kitts and Nevis,KNA,AMR,High,2004,4.5,492,48.1,50.9,46.1,4.7,1.0,0.2,63,13,612,650,"10,948",33.7,2.2,46
Saint Kitts and Nevis,KNA,AMR,High,2005,4.7,557,47.0,52.9,48.0,4.9,0.1,0.3,75,1,722,704,"11,780",34.7,2.2,46
Saint Kitts and Nevis,KNA,AMR,High,2006,5.0,689,44.8,55.2,50.0,5.1,0.0,0.2,96,0,932,831,"13,839",32.5,2.2,47
Saint Kitts and Nevis,KNA,AMR,High,2007,4.8,708,43.4,56.4,51.1,5.2,0.2,0.2,101,4,977,830,"14,758",32.1,2.1,47
Saint Kitts and Nevis,KNA,AMR,High,2008,5.3,881,33.9,62.7,56.9,5.8,3.4,0.2,140,80,"1,353",880,"16,607",29.5,1.8,47
Saint Kitts and Nevis,KNA,AMR,High,2009,5.3,873,37.3,60.3,54.7,5.6,2.3,0.2,133,55,"1,288",931,"16,507",30.4,2.0,47
Saint Kitts and Nevis,KNA,AMR,High,2010,5.2,867,37.6,60.9,55.2,5.7,1.5,0.2,140,28,"1,292",906,"16,626",31.1,2.0,47
Saint Kitts and Nevis,KNA,AMR,High,2011,5.2,922,37.1,61.2,55.4,5.7,1.7,0.3,174,12,"1,380",928,"17,829",30.3,1.9,47
Saint Kitts and Nevis,KNA,AMR,High,2012,5.0,881,39.2,60.8,55.4,5.4,0.0,0.2,129,0,"1,317",928,"17,553",27.2,2.0,47
Saint Kitts and Nevis,KNA,AMR,High,2013,5.1,939,38.1,61.7,56.4,5.2,0.2,0.1,139,0,"1,431",962,"18,586",28.6,1.9,47
Saint Kitts and Nevis,KNA,AMR,High,2014,4.8,962,41.0,59.0,53.7,5.3,0.0,0.1,139,0,"1,395","1,061","20,245",28.0,1.9,47
Saint Kitts and Nevis,KNA,AMR,High,2015,5.1,"1,042",37.9,62.1,57.1,5.0,0.0,0.1,143,0,"1,606","1,063","20,325",29.1,1.9,47
Saint Kitts and Nevis,KNA,AMR,High,2016,5.4,"1,162",40.1,59.9,54.9,4.9,0.0,0.1,156,0,"1,722","1,256","21,400",26.0,2.2,47
Saint Kitts and Nevis,KNA,AMR,High,2017,5.3,"1,186",41.6,58.4,53.4,5.0,0.0,0.1,161,0,"1,709","1,328","22,497",25.5,2.2,47
Saint Kitts and Nevis,KNA,AMR,High,2018,4.9,"1,121",46.0,54.0,49.4,4.6,0.0,0.1,141,0,"1,494","1,388","22,896",33.8,2.3,47
Saint Kitts and Nevis,KNA,AMR,High,2019,5.2,"1,224",49.3,50.7,46.4,4.3,0.0,0.1,145,0,"1,532","1,625","23,578",37.3,2.6,47
Saint Kitts and Nevis,KNA,AMR,High,2020,5.7,"1,068",53.9,46.1,42.2,3.9,0.0,0.1,115,0,"1,216","1,549","18,862",36.5,3.0,47
Saint Kitts and Nevis,KNA,AMR,High,2021,6.2,"1,133",57.5,42.5,38.8,3.6,0.0,0.0,112,0,"1,187","1,758","18,359",41.2,3.5,47
Saint Kitts and Nevis,KNA,AMR,High,2022,5.5,"1,161",52.6,47.4,43.3,4.1,0.0,0.1,128,0,"1,359","1,646","21,012",49.4,2.9,47
Saint Kitts and Nevis,KNA,AMR,High,2023,5.7,"1,295",54.3,45.7,41.8,3.9,0.0,0.0,138,0,"1,461","1,895","22,575",43.3,3.1,47
Saint Lucia,LCA,AMR,Upper-middle,2000,4.9,286,34.4,65.6,58.9,6.7,0.0,2.5,52,0,454,247,"5,875",20.7,1.7,159
Saint Lucia,LCA,AMR,Upper-middle,2001,5.1,285,34.9,65.1,56.9,8.2,0.0,2.4,63,0,438,250,"5,566",22.1,1.8,160
Saint Lucia,LCA,AMR,Upper-middle,2002,5.4,300,34.0,65.8,56.9,8.9,0.2,2.3,72,2,461,258,"5,563",23.6,1.8,162
Saint Lucia,LCA,AMR,Upper-middle,2003,5.2,317,31.3,68.1,59.6,8.5,0.5,2.2,74,4,511,254,"6,054",22.9,1.6,163
Saint Lucia,LCA,AMR,Upper-middle,2004,4.8,309,32.9,66.5,57.4,9.1,0.5,2.2,79,1,480,258,"6,490",22.9,1.6,164
Saint Lucia,LCA,AMR,Upper-middle,2005,4.9,333,33.0,64.8,56.0,8.9,2.2,2.0,81,19,504,297,"6,859",26.0,1.6,165
Saint Lucia,LCA,AMR,Upper-middle,2006,5.1,390,30.4,66.4,58.7,7.7,3.2,1.7,83,32,618,334,"7,606",24.7,1.6,167
Saint Lucia,LCA,AMR,Upper-middle,2007,5.5,440,28.1,70.7,63.9,6.8,1.1,1.9,83,11,759,323,"7,933",22.6,1.6,168
Saint Lucia,LCA,AMR,Upper-middle,2008,5.1,430,31.5,66.4,59.6,6.8,2.0,1.5,82,21,692,370,"8,451",22.2,1.6,169
Saint Lucia,LCA,AMR,Upper-middle,2009,5.2,432,34.6,63.5,57.4,6.1,1.9,1.5,74,19,670,405,"8,239",24.6,1.8,170
Saint Lucia,LCA,AMR,Upper-middle,2010,5.1,438,35.9,61.9,54.8,7.1,2.2,1.5,89,21,648,428,"8,677",26.0,1.8,171
Saint Lucia,LCA,AMR,Upper-middle,2011,5.1,462,35.9,61.9,55.0,6.9,2.2,2.1,92,22,687,443,"9,132",27.0,1.8,172
Saint Lucia,LCA,AMR,Upper-middle,2012,4.9,456,41.4,58.2,51.1,7.1,0.4,2.6,91,2,629,479,"9,260",28.0,2.0,173
Saint Lucia,LCA,AMR,Upper-middle,2013,5.1,486,40.9,58.3,51.3,7.0,0.8,2.2,94,7,673,515,"9,577",25.4,2.1,173
Saint Lucia,LCA,AMR,Upper-middle,2014,4.7,470,40.9,58.7,51.3,7.4,0.4,2.3,95,4,652,494,"10,045",23.6,1.9,174
Saint Lucia,LCA,AMR,Upper-middle,2015,4.6,473,43.5,55.6,48.1,7.5,0.9,2.3,97,11,614,538,"10,336",23.7,2.0,175
Saint Lucia,LCA,AMR,Upper-middle,2016,4.5,480,43.4,52.7,45.4,7.3,3.8,2.2,95,49,589,584,"10,638",23.0,2.0,176
Saint Lucia,LCA,AMR,Upper-middle,2017,4.5,505,45.7,53.1,46.1,7.0,1.2,2.1,96,15,629,610,"11,333",23.3,2.0,176
Saint Lucia,LCA,AMR,Upper-middle,2018,4.3,497,46.4,53.2,45.1,8.1,0.5,2.1,110,5,606,599,"11,644",23.3,2.0,177
Saint Lucia,LCA,AMR,Upper-middle,2019,4.3,506,48.5,50.5,41.8,8.7,1.0,2.1,122,10,571,644,"11,793",25.1,2.1,178
Saint Lucia,LCA,AMR,Upper-middle,2020,7.0,590,43.2,42.6,34.9,7.6,14.3,1.8,122,226,556,885,"8,411",35.2,3.0,178
Saint Lucia,LCA,AMR,Upper-middle,2021,6.3,655,44.0,40.7,33.4,7.3,15.3,0.8,132,268,591,"1,031","10,458",27.5,2.8,179
Saint Lucia,LCA,AMR,Upper-middle,2022,4.7,622,47.6,44.6,37.8,6.8,7.8,2.1,117,129,635,893,"13,103",22.9,2.3,179
Saint Lucia,LCA,AMR,Upper-middle,2023,4.7,641,50.4,44.6,37.1,7.4,5.0,1.6,138,78,643,922,"13,554",24.4,2.4,179
Saint Vincent and the Grenadines,VCT,AMR,Upper-middle,2000,4.0,150,69.9,30.1,27.3,2.8,0.0,0.0,11,0,110,283,"3,764",23.8,2.8,114
Saint Vincent and the Grenadines,VCT,AMR,Upper-middle,2001,4.0,163,68.4,31.6,28.6,3.0,0.0,0.0,13,0,126,301,"4,063",24.4,2.7,114
Saint Vincent and the Grenadines,VCT,AMR,Upper-middle,2002,4.1,175,68.6,31.4,28.5,3.0,0.0,0.0,14,0,135,325,"4,300",25.8,2.8,113
Saint Vincent and the Grenadines,VCT,AMR,Upper-middle,2003,4.0,178,66.4,33.6,30.4,3.2,0.0,0.0,15,0,146,319,"4,495",26.0,2.6,113
Saint Vincent and the Grenadines,VCT,AMR,Upper-middle,2004,3.9,188,63.8,36.2,32.8,3.4,0.0,0.0,17,0,167,325,"4,868",24.9,2.5,113
Saint Vincent and the Grenadines,VCT,AMR,Upper-middle,2005,3.8,198,62.8,37.0,33.6,3.5,0.2,0.0,20,0,179,335,"5,155",26.7,2.4,112
Saint Vincent and the Grenadines,VCT,AMR,Upper-middle,2006,3.7,210,59.5,38.6,34.9,3.6,1.9,0.0,26,5,198,342,"5,740",26.1,2.2,112
Saint Vincent and the Grenadines,VCT,AMR,Upper-middle,2007,3.8,244,55.9,39.5,35.8,3.7,4.6,0.0,40,15,236,384,"6,392",27.2,2.1,112
Saint Vincent and the Grenadines,VCT,AMR,Upper-middle,2008,3.9,256,59.5,38.0,34.4,3.6,2.5,0.0,27,15,238,426,"6,588",28.4,2.3,111
Saint Vincent and the Grenadines,VCT,AMR,Upper-middle,2009,4.1,265,61.1,36.8,33.4,3.5,2.1,0.0,25,15,238,451,"6,465",31.0,2.5,111
Saint Vincent and the Grenadines,VCT,AMR,Upper-middle,2010,4.3,282,59.2,35.6,32.2,3.3,5.2,0.0,38,27,245,477,"6,551",31.1,2.5,110
Saint Vincent and the Grenadines,VCT,AMR,Upper-middle,2011,4.2,276,56.6,36.1,32.7,3.4,7.3,0.0,52,28,244,450,"6,523",29.4,2.4,109
Saint Vincent and the Grenadines,VCT,AMR,Upper-middle,2012,4.5,299,62.0,35.2,31.9,3.3,2.8,0.0,38,11,257,512,"6,686",26.4,2.8,109
Saint Vincent and the Grenadines,VCT,AMR,Upper-middle,2013,4.2,300,63.1,35.5,32.1,3.3,1.5,0.0,27,12,260,523,"7,080",29.5,2.7,108
Saint Vincent and the Grenadines,VCT,AMR,Upper-middle,2014,4.2,299,60.6,37.5,34.0,3.5,1.8,0.0,29,15,275,505,"7,171",30.4,2.5,108
Saint Vincent and the Grenadines,VCT,AMR,Upper-middle,2015,4.1,303,61.4,37.0,33.6,3.5,1.6,0.0,29,12,274,513,"7,351",27.6,2.5,107
Saint Vincent and the Grenadines,VCT,AMR,Upper-middle,2016,4.1,314,63.1,36.4,33.0,3.4,0.5,0.0,29,4,279,539,"7,655",27.1,2.6,106
Saint Vincent and the Grenadines,VCT,AMR,Upper-middle,2017,4.2,338,63.6,35.2,31.8,3.3,1.2,0.1,33,9,291,588,"7,985",26.6,2.7,106
Saint Vincent and the Grenadines,VCT,AMR,Upper-middle,2018,4.3,359,65.8,33.8,30.6,3.2,0.4,0.0,31,3,296,640,"8,429",26.3,2.8,105
Saint Vincent and the Grenadines,VCT,AMR,Upper-middle,2019,4.3,372,67.4,31.0,28.1,2.9,1.6,0.3,42,3,282,678,"8,732",29.2,2.9,104
Saint Vincent and the Grenadines,VCT,AMR,Upper-middle,2020,4.9,406,67.3,29.7,26.9,2.8,3.0,0.0,39,24,295,763,"8,343",32.9,3.3,104
Saint Vincent and the Grenadines,VCT,AMR,Upper-middle,2021,5.3,455,67.7,28.9,26.2,2.7,3.4,0.0,46,29,322,860,"8,636",37.2,3.6,103
Saint Vincent and the Grenadines,VCT,AMR,Upper-middle,2022,4.6,438,69.2,30.3,27.4,2.8,0.6,0.0,39,2,324,819,"9,509",36.6,3.2,102
Saint Vincent and the Grenadines,VCT,AMR,Upper-middle,2023,4.4,469,69.1,29.3,26.6,2.8,1.6,0.0,52,3,337,878,"10,575",38.9,3.1,101
Suriname,SUR,AMR,Upper-middle,2000,5.9,167,48.4,37.2,15.4,0.4,14.4,17.7,48,8,34,76,"2,843",24.4,2.8,477
Suriname,SUR,AMR,Upper-middle,2001,3.8,92,48.6,51.2,27.3,3.6,0.2,18.7,48,0,55,60,"2,399",21.8,1.9,487
Suriname,SUR,AMR,Upper-middle,2002,5.3,158,46.1,48.0,23.0,5.2,5.9,18.1,94,21,85,125,"2,968",22.2,2.5,497
Suriname,SUR,AMR,Upper-middle,2003,4.9,167,43.7,50.0,23.5,7.4,6.3,17.5,142,0,102,114,"3,414",19.2,2.1,506
Suriname,SUR,AMR,Upper-middle,2004,5.5,213,44.5,48.4,20.7,8.2,7.1,18.0,192,10,120,164,"3,892",20.8,2.4,514
Suriname,SUR,AMR,Upper-middle,2005,5.2,242,45.1,50.6,20.9,9.8,4.4,18.3,207,18,138,194,"4,609",22.2,2.4,519
Suriname,SUR,AMR,Upper-middle,2006,5.9,314,46.4,45.4,18.1,7.9,8.2,18.9,268,37,156,274,"5,357",22.2,2.7,525
Suriname,SUR,AMR,Upper-middle,2007,5.2,309,49.5,48.5,19.5,8.1,2.1,20.4,257,6,165,253,"5,921",22.6,2.6,531
Suriname,SUR,AMR,Upper-middle,2008,4.7,334,44.2,52.6,24.3,9.6,3.2,18.3,276,13,223,251,"7,041",20.5,2.1,537
Suriname,SUR,AMR,Upper-middle,2009,5.0,380,46.0,50.8,22.0,9.3,3.2,19.1,324,11,229,291,"7,634",24.0,2.3,544
Suriname,SUR,AMR,Upper-middle,2010,4.7,400,42.4,51.2,23.6,9.5,6.4,17.7,350,24,259,294,"8,506",21.0,2.0,550
Suriname,SUR,AMR,Upper-middle,2011,4.4,375,40.6,55.2,27.2,10.5,4.2,17.1,371,23,334,312,"8,513",21.0,1.8,556
Suriname,SUR,AMR,Upper-middle,2012,4.3,406,41.0,57.3,28.3,10.4,1.7,16.3,394,18,379,349,"9,478",26.7,1.8,563
Suriname,SUR,AMR,Upper-middle,2013,4.5,435,42.1,57.2,27.9,9.9,0.7,16.7,423,7,400,371,"9,683",26.9,1.9,569
Suriname,SUR,AMR,Upper-middle,2014,4.5,441,41.5,57.8,29.0,10.3,0.7,15.8,421,8,422,382,"9,753",27.2,1.9,575
Suriname,SUR,AMR,Upper-middle,2015,5.8,512,54.5,45.2,22.0,7.8,0.3,32.8,253,5,385,384,"8,814",29.1,3.2,582
Suriname,SUR,AMR,Upper-middle,2016,6.0,338,61.9,36.7,21.8,6.6,1.4,43.2,167,16,460,413,"5,644",27.1,3.7,588
Suriname,SUR,AMR,Upper-middle,2017,5.3,322,58.2,41.2,26.4,6.4,0.6,41.8,170,12,636,409,"6,049",27.2,3.1,594
Suriname,SUR,AMR,Upper-middle,2018,6.6,440,67.8,30.9,18.7,4.6,1.3,46.4,175,31,614,735,"6,666",26.2,4.5,600
Suriname,SUR,AMR,Upper-middle,2019,8.4,589,72.7,26.7,15.5,3.8,0.6,54.5,186,20,681,818,"7,024",40.5,6.1,606
Suriname,SUR,AMR,Upper-middle,2020,6.0,410,66.8,32.0,18.0,4.4,1.2,48.3,186,40,685,748,"6,792",30.2,4.0,612
Suriname,SUR,AMR,Upper-middle,2021,5.0,270,65.2,32.1,18.9,4.6,2.7,46.6,274,104,930,"1,022","5,389",32.0,3.3,618
Suriname,SUR,AMR,Upper-middle,2022,5.9,345,69.9,28.6,16.1,3.9,1.5,57.1,415,72,"1,371","1,169","5,811",29.5,4.2,623
Suriname,SUR,AMR,Upper-middle,2023,5.4,297,62.0,32.8,19.7,4.8,5.2,54.8,635,498,"2,154","1,284","5,494",29.0,3.4,629
Trinidad and Tobago,TTO,AMR,High,2000,4.2,266,37.0,63.0,57.3,5.6,0.0,0.0,95,0,962,620,"6,285",23.1,1.6,"1,320"
Trinidad and Tobago,TTO,AMR,High,2001,4.0,273,43.2,56.8,51.3,5.5,0.0,0.0,94,0,872,734,"6,760",24.8,1.7,"1,326"
Trinidad and Tobago,TTO,AMR,High,2002,4.7,324,41.6,58.2,52.3,5.9,0.1,0.0,124,0,"1,060",843,"6,868",24.4,2.0,"1,332"
Trinidad and Tobago,TTO,AMR,High,2003,4.2,359,45.5,54.4,48.6,5.8,0.1,0.0,135,0,"1,097","1,026","8,563",22.2,1.9,"1,339"
Trinidad and Tobago,TTO,AMR,High,2004,4.3,431,43.1,56.8,52.9,3.8,0.1,0.0,108,0,"1,439","1,170","10,013",22.5,1.9,"1,345"
Trinidad and Tobago,TTO,AMR,High,2005,4.4,530,48.4,51.4,46.2,5.2,0.2,0.0,177,3,"1,545","1,619","11,960",26.7,2.1,"1,352"
Trinidad and Tobago,TTO,AMR,High,2006,4.2,569,44.9,54.9,49.3,5.6,0.2,0.0,204,6,"1,771","1,615","13,690",31.6,1.9,"1,359"
Trinidad and Tobago,TTO,AMR,High,2007,4.2,667,46.2,53.6,49.3,4.3,0.2,0.0,188,6,"2,081","1,954","16,067",25.7,1.9,"1,365"
Trinidad and Tobago,TTO,AMR,High,2008,3.7,752,47.8,51.9,46.7,5.1,0.4,0.0,255,8,"2,208","2,264","20,548",26.7,1.7,"1,372"
Trinidad and Tobago,TTO,AMR,High,2009,5.5,777,47.6,52.2,47.5,4.6,0.2,0.0,233,10,"2,334","2,345","14,154",37.0,2.6,"1,379"
Trinidad and Tobago,TTO,AMR,High,2010,5.1,825,48.2,51.6,46.6,5.1,0.2,0.0,272,9,"2,450","2,539","16,242",30.4,2.4,"1,387"
Trinidad and Tobago,TTO,AMR,High,2011,4.7,873,49.9,49.9,44.8,5.1,0.2,0.0,290,10,"2,508","2,797","18,487",29.4,2.4,"1,395"
Trinidad and Tobago,TTO,AMR,High,2012,4.6,895,48.8,51.1,44.7,6.4,0.1,0.0,372,7,"2,572","2,811","19,338",29.5,2.3,"1,404"
Trinidad and Tobago,TTO,AMR,High,2013,4.8,971,51.5,48.4,43.2,5.2,0.1,0.0,331,5,"2,701","3,224","20,218",31.3,2.5,"1,413"
Trinidad and Tobago,TTO,AMR,High,2014,4.9,"1,011",50.3,49.7,42.8,6.8,0.1,0.0,448,5,"2,775","3,256","20,740",32.8,2.5,"1,421"
Trinidad and Tobago,TTO,AMR,High,2015,5.7,"1,062",51.5,48.4,41.3,7.1,0.1,0.0,482,7,"2,797","3,491","18,781",35.0,2.9,"1,429"
Trinidad and Tobago,TTO,AMR,High,2016,6.5,"1,064",50.1,49.8,43.1,6.7,0.1,0.0,485,5,"3,061","3,553","16,440",31.9,3.2,"1,437"
Trinidad and Tobago,TTO,AMR,High,2017,6.6,"1,083",52.3,47.7,40.8,6.9,0.0,0.0,515,0,"2,997","3,833","16,501",30.7,3.4,"1,445"
Trinidad and Tobago,TTO,AMR,High,2018,6.7,"1,080",48.4,51.6,44.9,6.7,0.0,0.0,498,1,"3,284","3,534","16,245",30.2,3.2,"1,471"
Trinidad and Tobago,TTO,AMR,High,2019,6.9,"1,097",46.0,54.0,46.9,7.0,0.1,0.0,531,5,"3,477","3,403","15,885",31.0,3.2,"1,485"
Trinidad and Tobago,TTO,AMR,High,2020,7.5,"1,060",46.1,53.9,46.5,7.4,0.0,0.0,543,3,"3,325","3,287","14,174",36.0,3.4,"1,481"
Trinidad and Tobago,TTO,AMR,High,2021,7.2,"1,171",46.7,53.3,46.7,6.5,0.1,0.0,530,4,"3,699","3,685","16,251",30.4,3.4,"1,488"
Trinidad and Tobago,TTO,AMR,High,2022,6.6,"1,266",45.5,54.5,48.2,6.3,0.0,0.0,550,4,"4,123","3,880","19,059",27.1,3.0,"1,496"
Trinidad and Tobago,TTO,AMR,High,2023,7.5,"1,276",48.4,51.5,45.3,6.3,0.1,0.0,551,6,"3,901","4,164","16,960",32.9,3.6,"1,503"
United States of America,USA,AMR,High,2000,12.5,"4,549",44.4,55.6,15.1,35.8,0.0,19.7,"1,842",0,688,"1,123","36,418",34.3,5.5,"281,484"
United States of America,USA,AMR,High,2001,13.2,"4,902",45.3,54.7,14.4,36.0,0.0,20.0,"1,973",0,707,"1,240","37,224",35.6,6.0,"284,280"
United States of America,USA,AMR,High,2002,14.0,"5,328",45.2,54.8,14.3,36.5,0.0,19.6,"2,156",0,763,"1,361","38,069",36.7,6.3,"287,084"
United States of America,USA,AMR,High,2003,14.5,"5,732",45.0,55.0,14.2,36.9,0.0,19.4,"2,343",0,811,"1,466","39,518",37.3,6.5,"289,908"
United States of America,USA,AMR,High,2004,14.6,"6,072",45.4,54.6,14.0,36.6,0.0,19.8,"2,465",0,848,"1,555","41,727",36.9,6.6,"292,786"
United States of America,USA,AMR,High,2005,14.6,"6,429",45.5,54.5,13.9,36.7,0.0,20.1,"2,611",0,894,"1,630","44,094",37.0,6.6,"295,717"
United States of America,USA,AMR,High,2006,14.7,"6,802",46.3,53.7,13.7,36.0,0.0,22.0,"2,735",0,930,"1,642","46,248",36.7,6.8,"298,730"
United States of America,USA,AMR,High,2007,14.9,"7,154",46.3,53.7,13.6,35.9,0.0,22.0,"2,879",0,973,"1,727","47,953",37.4,6.9,"301,844"
United States of America,USA,AMR,High,2008,15.2,"7,365",47.5,52.5,13.4,35.3,0.0,22.6,"2,896",0,984,"1,819","48,430",39.7,7.2,"304,970"
United States of America,USA,AMR,High,2009,16.2,"7,615",48.6,51.4,12.6,35.0,0.0,22.8,"2,971",0,963,"1,941","47,003",43.2,7.9,"308,023"
United States of America,USA,AMR,High,2010,16.2,"7,836",49.0,51.0,12.4,34.7,0.0,22.9,"3,051",0,969,"2,024","48,379",43.0,7.9,"311,063"
United States of America,USA,AMR,High,2011,16.1,"8,016",49.1,50.9,12.3,34.8,0.0,23.3,"3,117",0,988,"2,047","49,664",41.9,7.9,"314,105"
United States of America,USA,AMR,High,2012,16.1,"8,262",48.8,51.2,12.3,34.5,0.0,23.4,"3,218",0,"1,019","2,095","51,256",40.1,7.9,"317,115"
United States of America,USA,AMR,High,2013,16.0,"8,412",49.5,50.5,12.3,33.7,0.0,23.6,"3,220",0,"1,033","2,174","52,734",38.8,7.9,"320,111"
United States of America,USA,AMR,High,2014,16.1,"8,796",50.8,49.2,12.0,1.0,0.0,23.4,479,0,"1,053","2,347","54,495",38.2,8.2,"323,115"
United States of America,USA,AMR,High,2015,16.4,"9,201",51.4,48.6,11.8,1.0,0.0,23.2,491,0,"1,081","2,497","56,098",37.8,8.4,"326,126"
United States of America,USA,AMR,High,2016,16.7,"9,536",51.3,48.7,11.6,1.0,0.0,23.1,528,0,"1,109","2,571","57,127",38.1,8.6,"329,179"
United States of America,USA,AMR,High,2017,16.6,"9,823",51.3,48.7,11.3,1.0,0.0,23.1,564,0,"1,115","2,628","59,036",37.8,8.5,"332,205"
United States of America,USA,AMR,High,2018,16.5,"10,180",51.6,48.4,11.3,1.1,0.0,23.5,587,0,"1,153","2,692","61,651",37.7,8.5,"335,056"
United States of America,USA,AMR,High,2019,16.5,"10,550",52.0,48.0,11.3,1.1,0.0,24.0,629,0,"1,193","2,788","63,767",38.2,8.6,"337,790"
United States of America,USA,AMR,High,2020,18.5,"11,648",56.9,43.1,10.1,1.0,0.0,22.2,639,0,"1,173","3,869","62,911",47.3,10.5,"339,436"
United States of America,USA,AMR,High,2021,17.4,"12,080",55.5,44.5,10.7,0.8,0.0,22.9,677,0,"1,296","3,724","69,617",45.3,9.6,"340,161"
United States of America,USA,AMR,High,2022,16.5,"12,586",55.2,44.8,11.0,0.7,0.0,23.3,657,0,"1,381","3,773","76,147",38.4,9.1,"341,534"
United States of America,USA,AMR,High,2023,16.7,"13,473",54.0,46.0,10.9,0.7,0.0,23.3,767,0,"1,472","3,826","80,706",39.1,9.0,"343,477"
Uruguay,URY,AMR,High,2000,9.2,699,41.5,58.4,25.2,32.3,0.0,18.9,"2,816",0,"2,129","1,916","7,623",26.6,3.8,"3,266"
Uruguay,URY,AMR,High,2001,9.8,679,44.9,55.1,24.1,30.1,0.0,20.4,"2,808",0,"2,178","2,216","6,963",27.8,4.4,"3,274"
Uruguay,URY,AMR,High,2002,9.6,436,47.9,52.0,21.7,29.4,0.0,21.8,"2,817",0,"2,013","2,425","4,527",27.6,4.6,"3,279"
Uruguay,URY,AMR,High,2003,9.6,384,52.4,47.6,21.4,25.3,0.1,23.8,"2,841",2,"2,311","3,090","4,005",27.7,5.0,"3,281"
Uruguay,URY,AMR,High,2004,8.3,376,52.3,47.6,24.3,22.3,0.1,23.8,"2,521",3,"2,622","3,079","4,548",26.6,4.3,"3,283"
Uruguay,URY,AMR,High,2005,7.7,445,45.2,54.8,25.9,27.9,,21.0,"3,148",,"2,828","2,638","5,765",26.3,3.5,"3,286"
Uruguay,URY,AMR,High,2006,7.7,501,47.7,52.3,23.8,27.6,,21.7,"3,440",,"2,865","3,128","6,494",26.8,3.7,"3,290"
Uruguay,URY,AMR,High,2007,7.5,578,48.5,51.5,23.4,27.2,,21.7,"3,815",,"3,171","3,642","7,751",26.8,3.6,"3,295"
Uruguay,URY,AMR,High,2008,8.1,812,56.3,43.6,21.3,21.6,0.1,23.3,"3,807",1,"3,621","5,621","10,032",26.3,4.6,"3,302"
Uruguay,URY,AMR,High,2009,7.9,826,59.3,40.6,20.8,19.1,0.0,25.7,"3,709",3,"3,869","6,278","10,435",27.2,4.7,"3,310"
Uruguay,URY,AMR,High,2010,7.9,"1,043",60.0,40.0,20.5,18.8,0.0,26.9,"4,082",4,"4,284","6,926","13,243",27.4,4.7,"3,319"
Uruguay,URY,AMR,High,2011,7.9,"1,245",61.5,38.5,19.4,17.4,0.0,36.0,"4,380",8,"4,672","5,851","15,728",26.3,4.9,"3,327"
Uruguay,URY,AMR,High,2012,8.0,"1,347",64.2,35.8,18.5,14.8,0.0,40.8,"4,279",8,"5,052","6,123","16,768",27.7,5.2,"3,335"
Uruguay,URY,AMR,High,2013,8.1,"1,517",66.4,33.5,17.7,14.4,0.0,45.0,"4,810",11,"5,497","6,329","18,762",28.8,5.4,"3,345"
Uruguay,URY,AMR,High,2014,8.0,"1,496",68.1,31.8,17.1,13.9,0.1,47.6,"5,230",19,"5,944","6,672","18,604",29.1,5.5,"3,356"
Uruguay,URY,AMR,High,2015,8.3,"1,425",68.4,31.6,16.9,12.9,0.0,48.1,"5,515",8,"6,589","7,209","17,257",28.4,5.6,"3,368"
Uruguay,URY,AMR,High,2016,8.6,"1,469",69.5,30.5,16.4,12.6,0.0,50.2,"5,868",0,"7,286","7,963","17,010",29.7,6.0,"3,379"
Uruguay,URY,AMR,High,2017,8.7,"1,672",69.3,30.7,16.5,11.1,0.0,51.4,"5,560",0,"7,912","8,040","19,185",29.7,6.0,"3,388"
Uruguay,URY,AMR,High,2018,8.9,"1,713",69.1,30.9,16.2,11.3,0.0,50.6,"6,213",0,"8,552","9,232","19,250",30.4,6.2,"3,395"
Uruguay,URY,AMR,High,2019,9.2,"1,693",66.6,33.4,15.5,11.1,0.0,48.4,"6,984",0,"9,226","10,317","18,316",30.6,6.2,"3,397"
Uruguay,URY,AMR,High,2020,9.1,"1,432",71.6,28.4,16.7,12.2,0.0,51.7,"7,501",0,"10,072","11,474","15,758",32.8,6.5,"3,399"
Uruguay,URY,AMR,High,2021,8.9,"1,595",73.4,26.6,15.8,11.2,0.0,48.7,"7,930",0,"10,986","16,733","17,882",30.2,6.5,"3,397"
Uruguay,URY,AMR,High,2022,8.9,"1,851",70.7,29.3,16.3,10.7,0.0,48.6,"8,334",0,"12,441","16,349","20,819",30.0,6.3,"3,391"
Uruguay,URY,AMR,High,2023,9.0,"2,076",72.4,27.6,17.1,10.9,0.0,52.9,"8,995",0,"13,781","15,162","23,019",30.5,6.5,"3,388"
Venezuela (Bolivarian Republic of),VEN,AMR,Upper-middle,2018,2.4,165,51.5,48.4,36.9,11.5,0.0,17.3,0,0,0,0,"6,814",73.4,1.2,"29,808"
Venezuela (Bolivarian Republic of),VEN,AMR,Upper-middle,2019,2.2,113,37.1,62.7,34.1,28.6,0.1,11.3,0,0,0,0,"5,158",50.4,0.8,"28,938"
Venezuela (Bolivarian Republic of),VEN,AMR,Upper-middle,2020,4.1,153,37.3,62.6,29.0,33.6,0.1,3.1,3,0,2,3,"3,722",26.2,1.5,"28,444"
Venezuela (Bolivarian Republic of),VEN,AMR,Upper-middle,2021,4.1,162,33.5,66.0,28.1,37.9,0.5,3.9,44,0,32,34,"3,960",31.0,1.4,"28,238"
Venezuela (Bolivarian Republic of),VEN,AMR,Upper-middle,2022,4.6,209,45.4,53.9,24.9,29.0,0.7,5.2,128,0,107,174,"4,586",35.2,2.1,"28,213"
Venezuela (Bolivarian Republic of),VEN,AMR,Upper-middle,2023,3.8,186,31.7,67.7,29.7,38.0,0.5,5.5,623,0,479,424,"4,925",33.0,1.2,"28,301"
Algeria,DZA,AFR,Upper-middle,2000,3.2,62,72.0,28.0,25.8,0.8,0.1,26.1,104,0,"1,201","2,137","1,924",26.4,2.3,"30,904"
Algeria,DZA,AFR,Upper-middle,2001,3.5,67,76.2,23.7,21.7,0.8,0.0,25.8,109,0,"1,122","2,613","1,896",29.1,2.7,"31,331"
Algeria,DZA,AFR,Upper-middle,2002,3.4,67,75.3,24.7,22.5,1.0,0.0,25.9,117,0,"1,197","2,622","1,937",32.5,2.6,"31,751"
Algeria,DZA,AFR,Upper-middle,2003,3.3,76,76.7,23.3,21.1,1.0,0.1,26.0,126,1,"1,243","2,981","2,284",27.0,2.6,"32,176"
Algeria,DZA,AFR,Upper-middle,2004,3.3,93,71.4,28.6,26.1,1.4,0.0,24.2,169,1,"1,743","3,148","2,817",27.1,2.3,"32,628"
Algeria,DZA,AFR,Upper-middle,2005,3.1,101,69.3,30.6,28.1,1.4,0.1,24.4,190,4,"2,076","3,318","3,233",27.8,2.2,"33,109"
Algeria,DZA,AFR,Upper-middle,2006,3.2,117,68.5,31.5,29.1,1.2,0.1,25.3,203,2,"2,470","3,662","3,661",27.8,2.2,"33,624"
Algeria,DZA,AFR,Upper-middle,2007,3.6,151,69.8,30.1,28.1,1.1,0.1,24.7,217,5,"2,936","4,719","4,167",33.1,2.5,"34,189"
Algeria,DZA,AFR,Upper-middle,2008,4.0,206,72.0,28.0,26.1,0.9,0.0,25.6,245,2,"3,485","6,180","5,181",37.3,2.9,"34,817"
Algeria,DZA,AFR,Upper-middle,2009,4.9,207,70.9,29.1,27.4,0.9,0.1,26.0,245,6,"4,132","6,764","4,235",40.1,3.5,"35,490"
Algeria,DZA,AFR,Upper-middle,2010,4.6,228,69.5,30.5,28.9,0.9,0.0,26.4,275,3,"4,897","7,309","4,913",35.1,3.2,"36,188"
Algeria,DZA,AFR,Upper-middle,2011,4.8,286,70.6,29.4,27.9,0.8,0.0,24.6,311,3,"5,804","9,588","5,916",37.7,3.4,"36,903"
Algeria,DZA,AFR,Upper-middle,2012,5.6,340,71.5,28.5,27.2,0.7,0.0,22.2,344,6,"7,177","12,993","6,034",40.0,4.0,"37,646"
Algeria,DZA,AFR,Upper-middle,2013,5.6,338,69.4,30.6,29.3,0.7,0.0,25.0,361,2,"7,844","11,893","5,980",33.5,3.9,"38,414"
Algeria,DZA,AFR,Upper-middle,2014,6.0,367,70.1,29.8,28.6,0.7,0.0,25.9,377,7,"8,437","13,073","6,095",36.9,4.2,"39,205"
Algeria,DZA,AFR,Upper-middle,2015,6.3,297,68.5,31.5,30.2,0.7,0.0,27.2,385,4,"9,022","12,334","4,685",40.9,4.3,"40,020"
Algeria,DZA,AFR,Upper-middle,2016,6.0,266,65.7,34.3,32.9,0.8,0.0,26.1,403,2,"9,560","11,505","4,425",37.2,3.9,"40,851"
Algeria,DZA,AFR,Upper-middle,2017,5.9,271,64.6,35.3,33.9,0.8,0.0,25.7,429,2,"10,204","11,707","4,555",36.2,3.8,"41,689"
Algeria,DZA,AFR,Upper-middle,2018,5.9,272,64.8,35.2,33.8,0.8,0.0,25.8,450,2,"10,690","12,362","4,577",36.2,3.8,"42,505"
Algeria,DZA,AFR,Upper-middle,2019,5.4,242,60.5,39.5,37.9,0.9,0.0,28.9,456,8,"10,957","9,136","4,468",37.1,3.3,"43,295"
Algeria,DZA,AFR,Upper-middle,2020,5.6,211,58.7,41.2,39.6,1.0,0.0,28.1,426,7,"10,608","8,219","3,744",37.5,3.3,"44,042"
Algeria,DZA,AFR,Upper-middle,2021,5.0,209,57.2,42.2,40.5,1.0,0.6,27.3,633,11,"11,430","8,445","4,161",32.5,2.9,"44,761"
Algeria,DZA,AFR,Upper-middle,2022,3.6,180,47.2,52.3,50.1,1.2,0.5,9.6,615,61,"12,837","9,692","4,962",32.7,1.7,"45,477"
Algeria,DZA,AFR,Upper-middle,2023,4.4,233,53.1,46.9,45.0,1.1,0.0,9.2,606,3,"14,267","13,912","5,364",37.4,2.3,"46,164"
Angola,AGO,AFR,Lower-middle,2000,1.7,13,58.2,41.3,27.3,1.6,0.5,,19,0,36,77,781,35.8,1.0,"16,195"
Angola,AGO,AFR,Lower-middle,2001,4.0,29,45.6,52.9,45.1,2.6,1.4,,60,0,291,295,739,30.3,1.8,"16,747"
Angola,AGO,AFR,Lower-middle,2002,2.9,29,39.3,59.4,49.7,2.9,1.3,,141,0,635,503,999,27.6,1.2,"17,328"
Angola,AGO,AFR,Lower-middle,2003,3.1,35,41.3,57.7,48.5,2.8,1.0,,268,0,"1,275","1,085","1,134",30.1,1.3,"17,944"
Angola,AGO,AFR,Lower-middle,2004,3.5,50,42.5,55.6,46.9,2.7,1.9,,445,0,"1,968","1,784","1,451",26.0,1.5,"18,600"
Angola,AGO,AFR,Lower-middle,2005,2.5,55,44.8,52.1,42.3,2.5,3.0,,604,8,"2,017","2,144","2,146",23.7,1.1,"19,291"
Angola,AGO,AFR,Lower-middle,2006,2.4,70,53.8,40.4,30.7,1.8,5.9,,873,6,"1,732","3,043","2,930",27.3,1.3,"20,015"
Angola,AGO,AFR,Lower-middle,2007,2.7,93,57.9,39.4,28.4,3.0,2.7,,955,28,"2,034","4,177","3,515",34.1,1.5,"20,779"
Angola,AGO,AFR,Lower-middle,2008,3.0,136,64.4,33.2,21.7,2.8,2.5,,"1,378",53,"2,215","6,637","4,578",47.2,1.9,"21,579"
Angola,AGO,AFR,Lower-middle,2009,3.3,121,67.7,28.5,15.5,4.5,3.8,,"1,522",86,"1,483","6,556","3,645",38.7,2.2,"22,415"
Angola,AGO,AFR,Lower-middle,2010,2.4,97,62.1,34.6,19.3,4.2,3.2,,"1,556",96,"1,724","5,631","4,102",34.6,1.5,"23,295"
Angola,AGO,AFR,Lower-middle,2011,2.4,122,64.8,32.4,18.0,3.7,2.9,,"1,899",79,"2,064","7,508","5,184",33.3,1.5,"24,218"
Angola,AGO,AFR,Lower-middle,2012,2.1,122,65.3,32.6,17.6,3.7,2.2,,"1,956",36,"2,050","7,627","5,702",33.2,1.4,"25,177"
Angola,AGO,AFR,Lower-middle,2013,2.4,143,62.0,35.4,21.3,3.9,2.6,,"2,212",79,"2,942","8,627","5,876",32.9,1.5,"26,166"
Angola,AGO,AFR,Lower-middle,2014,2.2,131,54.2,42.7,26.9,4.9,3.2,,"2,265",171,"3,450","7,122","6,055",32.3,1.2,"27,161"
Angola,AGO,AFR,Lower-middle,2015,2.3,108,47.4,50.0,33.5,6.1,2.7,,"2,371",97,"4,328","6,211","4,676",23.9,1.1,"28,158"
Angola,AGO,AFR,Lower-middle,2016,2.4,94,44.1,52.2,35.2,6.4,3.6,,"2,996",167,"5,417","6,958","3,933",19.4,1.1,"29,183"
Angola,AGO,AFR,Lower-middle,2017,2.4,113,46.3,50.6,34.1,6.2,3.1,,"3,447",220,"6,383","8,878","4,625",21.0,1.1,"30,235"
Angola,AGO,AFR,Lower-middle,2018,2.3,84,42.6,53.7,36.2,6.6,3.6,,"4,252",230,"7,687","9,269","3,649",18.3,1.0,"31,297"
Angola,AGO,AFR,Lower-middle,2019,2.2,64,45.5,50.5,33.1,6.0,4.0,,"4,631",388,"7,793","11,088","2,924",18.2,1.0,"32,376"
Angola,AGO,AFR,Lower-middle,2020,2.8,56,51.8,42.7,28.6,5.2,5.4,,"5,475",851,"9,271","17,646","1,989",20.0,1.5,"33,451"
Angola,AGO,AFR,Lower-middle,2021,2.7,67,55.4,40.0,26.1,4.7,4.6,,"6,785","1,045","11,040","24,447","2,443",17.3,1.5,"34,532"
Angola,AGO,AFR,Lower-middle,2022,2.6,104,50.3,45.1,30.0,5.5,4.6,,"8,970",459,"14,381","24,523","3,997",19.5,1.3,"35,635"
Angola,AGO,AFR,Lower-middle,2023,2.5,76,44.5,48.3,32.5,5.9,7.2,0.0,"9,621","2,327","16,960","25,529","2,987",19.2,1.1,"36,750"
Benin,BEN,AFR,Lower-middle,2000,3.0,14,38.3,59.1,54.9,,2.6,,603,89,"5,625","4,016",487,15.6,1.1,"7,222"
Benin,BEN,AFR,Lower-middle,2001,3.3,16,36.3,52.4,49.1,,11.3,,"1,319",422,"5,845","4,751",492,15.4,1.2,"7,446"
Benin,BEN,AFR,Lower-middle,2002,3.1,17,30.3,55.3,51.8,,14.4,,"1,422",686,"6,075","4,239",546,15.3,0.9,"7,675"
Benin,BEN,AFR,Lower-middle,2003,3.1,21,33.8,55.2,51.7,,11.0,,"1,573",207,"6,314","4,332",676,13.7,1.1,"7,913"
Benin,BEN,AFR,Lower-middle,2004,3.2,25,35.7,52.1,48.6,,12.2,,"1,895",139,"6,284","4,756",759,13.4,1.2,"8,159"
Benin,BEN,AFR,Lower-middle,2005,3.2,25,32.5,50.0,46.5,,17.5,,"2,529",249,"6,163","4,555",779,14.1,1.0,"8,426"
Benin,BEN,AFR,Lower-middle,2006,3.3,27,32.3,49.1,45.7,,18.6,,"2,698",360,"6,346","4,854",809,13.0,1.1,"8,693"
Benin,BEN,AFR,Lower-middle,2007,2.9,27,32.5,52.1,48.3,,15.4,,"1,623",841,"6,192","5,011",912,15.8,1.0,"8,954"
Benin,BEN,AFR,Lower-middle,2008,2.7,28,28.0,48.0,44.0,,24.0,,"1,818","1,694","5,519","5,207","1,061",14.5,0.7,"9,228"
Benin,BEN,AFR,Lower-middle,2009,2.9,30,29.9,45.3,42.4,,24.8,1.3,"2,260","1,598","5,927","5,593","1,024",17.0,0.9,"9,509"
Benin,BEN,AFR,Lower-middle,2010,3.0,29,24.9,45.4,43.4,,29.7,1.1,"2,198","2,408","6,307","5,878",973,14.1,0.8,"9,797"
Benin,BEN,AFR,Lower-middle,2011,3.0,32,21.7,45.8,44.5,,32.4,1.1,"2,722","2,336","6,660","5,423","1,059",14.7,0.7,"10,094"
Benin,BEN,AFR,Lower-middle,2012,3.1,33,24.3,47.1,41.5,4.9,28.6,1.0,"3,340","2,412","6,987","6,323","1,072",14.2,0.7,"10,398"
Benin,BEN,AFR,Lower-middle,2013,2.9,34,26.7,48.3,42.6,5.2,25.0,1.2,"3,651","1,444","7,053","5,665","1,169",14.9,0.8,"10,709"
Benin,BEN,AFR,Lower-middle,2014,2.7,32,21.4,53.5,46.5,5.7,25.1,1.3,"4,220",921,"7,441","4,129","1,204",14.2,0.6,"11,030"
Benin,BEN,AFR,Lower-middle,2015,2.7,27,21.7,58.6,51.4,5.4,19.8,1.8,"3,237","1,118","8,311","4,331","1,002",18.2,0.6,"11,361"
Benin,BEN,AFR,Lower-middle,2016,3.6,37,19.7,54.0,49.6,3.1,26.3,1.2,"3,265","3,396","10,744","7,409","1,011",15.4,0.7,"11,698"
Benin,BEN,AFR,Lower-middle,2017,3.7,39,19.2,52.6,48.0,3.3,28.2,1.0,"3,368","4,012","10,798","8,122","1,055",17.8,0.7,"12,040"
Benin,BEN,AFR,Lower-middle,2018,3.4,40,19.4,54.2,49.2,3.5,26.4,1.1,"3,642","3,250","10,813","7,275","1,151",16.6,0.7,"12,383"
Benin,BEN,AFR,Lower-middle,2019,3.0,34,15.2,60.2,54.7,3.9,24.6,1.1,"3,585","2,402","10,880","5,208","1,131",14.6,0.5,"12,727"
Benin,BEN,AFR,Lower-middle,2020,3.1,37,16.8,58.9,53.5,3.8,24.3,1.4,"4,103","2,151","11,254","5,380","1,200",19.1,0.5,"13,070"
Benin,BEN,AFR,Lower-middle,2021,2.9,38,11.4,61.0,55.4,4.0,27.5,1.5,"3,883","3,195","11,807","5,311","1,319",19.9,0.3,"13,413"
Benin,BEN,AFR,Lower-middle,2022,3.0,38,17.0,54.3,49.1,3.5,28.7,1.5,"4,490","3,479","11,553","7,130","1,266",19.9,0.5,"13,760"
Benin,BEN,AFR,Lower-middle,2023,3.3,47,14.7,46.9,42.4,3.0,38.4,1.3,"4,860","7,257","11,970","11,034","1,394",19.2,0.5,"14,111"
Botswana,BWA,AFR,Upper-middle,2000,6.1,207,53.3,30.7,10.7,18.2,16.0,0.0,350,48,113,593,"3,388",39.8,3.3,"1,677"
Botswana,BWA,AFR,Upper-middle,2001,6.4,203,55.1,30.9,9.5,17.8,14.0,0.0,385,55,112,688,"3,189",42.9,3.5,"1,712"
Botswana,BWA,AFR,Upper-middle,2002,6.7,206,56.5,30.3,8.7,18.5,13.3,0.0,414,62,114,776,"3,092",46.0,3.8,"1,745"
Botswana,BWA,AFR,Upper-middle,2003,6.4,270,56.2,31.2,8.8,19.8,12.7,0.0,427,64,117,790,"4,206",44.0,3.6,"1,776"
Botswana,BWA,AFR,Upper-middle,2004,6.1,297,56.4,32.3,8.6,21.7,11.3,0.0,446,67,120,829,"4,880",42.0,3.4,"1,807"
Botswana,BWA,AFR,Upper-middle,2005,5.3,281,54.4,34.1,8.5,23.9,11.5,0.0,491,67,122,826,"5,344",35.0,2.9,"1,840"
Botswana,BWA,AFR,Upper-middle,2006,4.9,258,57.2,32.1,8.3,22.3,10.7,0.0,472,73,125,908,"5,292",34.1,2.8,"1,875"
Botswana,BWA,AFR,Upper-middle,2007,5.5,305,56.7,28.3,6.8,20.5,15.0,0.0,627,90,127,"1,120","5,529",38.3,3.1,"1,911"
Botswana,BWA,AFR,Upper-middle,2008,5.9,325,62.2,25.3,5.8,18.7,12.5,0.0,690,64,129,"1,397","5,503",48.0,3.7,"1,950"
Botswana,BWA,AFR,Upper-middle,2009,6.6,337,51.5,41.1,5.4,30.8,7.4,0.0,970,116,131,"1,307","5,083",54.5,3.4,"1,991"
Botswana,BWA,AFR,Upper-middle,2010,6.3,390,57.6,37.3,5.0,26.0,5.1,0.0,929,99,132,"1,585","6,216",44.7,3.6,"2,033"
Botswana,BWA,AFR,Upper-middle,2011,5.9,428,61.4,33.7,4.6,21.8,4.8,0.0,937,83,134,"1,854","7,287",37.4,3.6,"2,074"
Botswana,BWA,AFR,Upper-middle,2012,6.4,419,64.5,30.9,4.2,18.4,4.6,0.0,947,68,136,"2,117","6,596",38.3,4.1,"2,109"
Botswana,BWA,AFR,Upper-middle,2013,6.5,433,63.9,27.2,3.8,15.1,8.8,0.0,"1,126",53,138,"2,375","6,667",34.8,4.2,"2,141"
Botswana,BWA,AFR,Upper-middle,2014,5.9,419,67.9,24.2,3.7,13.8,8.0,0.0,859,185,140,"2,731","7,122",36.4,4.0,"2,172"
Botswana,BWA,AFR,Upper-middle,2015,6.1,375,67.8,25.2,3.6,15.6,7.0,0.0,898,195,136,"2,763","6,141",39.7,4.1,"2,203"
Botswana,BWA,AFR,Upper-middle,2016,5.8,389,66.5,27.8,3.3,20.0,5.7,0.0,"1,144",141,140,"2,749","6,749",34.2,3.8,"2,235"
Botswana,BWA,AFR,Upper-middle,2017,6.6,471,75.7,14.7,3.0,8.5,9.6,0.0,688,140,146,"3,821","7,105",35.0,5.0,"2,267"
Botswana,BWA,AFR,Upper-middle,2018,6.0,447,68.6,22.9,5.1,17.7,8.5,0.0,997,187,233,"3,317","7,408",35.9,4.1,"2,299"
Botswana,BWA,AFR,Upper-middle,2019,6.1,438,71.4,19.0,4.5,14.5,9.6,0.0,931,203,212,"3,571","7,159",36.4,4.4,"2,332"
Botswana,BWA,AFR,Upper-middle,2020,6.1,386,73.3,20.9,5.0,15.9,5.7,0.0,861,99,219,"3,345","6,311",38.5,4.5,"2,366"
Botswana,BWA,AFR,Upper-middle,2021,6.3,492,76.6,18.0,4.3,13.7,5.4,0.0,856,188,233,"4,367","7,808",33.0,4.8,"2,401"
Botswana,BWA,AFR,Upper-middle,2022,5.7,478,75.1,18.6,4.4,14.1,6.3,0.0,"1,089",123,260,"4,561","8,329",29.5,4.3,"2,440"
Botswana,BWA,AFR,Upper-middle,2023,6.3,490,75.5,18.0,4.3,13.7,6.5,0.0,"1,156",194,283,"5,217","7,826",32.3,4.7,"2,480"
Burkina Faso,BFA,AFR,Low,2000,4.0,10,23.9,60.5,57.6,0.7,15.6,0.1,254,"1,063","4,092","2,752",249,19.8,1.0,"11,926"
Burkina Faso,BFA,AFR,Low,2001,4.0,10,24.5,61.2,58.2,0.7,14.3,0.1,272,"1,025","4,382","2,860",259,19.7,1.0,"12,295"
Burkina Faso,BFA,AFR,Low,2002,4.2,12,25.3,58.9,56.1,0.6,15.8,0.2,283,"1,254","4,649","3,338",286,19.5,1.1,"12,681"
Burkina Faso,BFA,AFR,Low,2003,4.4,16,22.2,55.3,52.7,0.6,22.6,0.1,298,"2,042","4,894","4,089",362,17.6,1.0,"13,083"
Burkina Faso,BFA,AFR,Low,2004,5.2,21,32.5,46.0,43.9,0.7,21.5,0.1,308,"2,319","4,892","5,926",404,20.3,1.7,"13,501"
Burkina Faso,BFA,AFR,Low,2005,4.8,21,25.3,45.8,43.4,1.2,28.9,0.1,403,"3,121","4,885","5,951",441,20.2,1.2,"13,932"
Burkina Faso,BFA,AFR,Low,2006,5.2,24,27.7,41.4,39.6,1.0,30.9,0.2,349,"3,674","4,876","7,058",456,21.9,1.4,"14,374"
Burkina Faso,BFA,AFR,Low,2007,5.8,30,24.8,36.2,34.2,1.1,39.0,0.2,443,"5,371","4,866","8,870",515,22.8,1.4,"14,816"
Burkina Faso,BFA,AFR,Low,2008,5.0,31,27.4,38.3,35.4,1.7,34.3,0.3,627,"4,476","4,857","8,195",619,18.6,1.4,"15,258"
Burkina Faso,BFA,AFR,Low,2009,5.2,31,31.6,38.1,33.0,2.4,30.3,0.3,"1,107","4,103","4,846","8,703",602,21.5,1.6,"15,710"
Burkina Faso,BFA,AFR,Low,2010,5.3,33,24.7,34.3,30.8,1.2,41.0,0.3,757,"6,517","5,043","10,516",625,21.7,1.3,"16,176"
Burkina Faso,BFA,AFR,Low,2011,4.6,34,29.0,38.4,32.9,1.2,32.6,0.1,926,"5,092","5,223","9,715",725,20.4,1.3,"16,662"
Burkina Faso,BFA,AFR,Low,2012,4.6,34,23.1,38.7,32.4,1.3,38.2,0.1,"2,004","5,632","5,566","9,587",731,22.7,1.1,"17,172"
Burkina Faso,BFA,AFR,Low,2013,5.6,42,29.0,41.5,33.5,1.4,29.5,0.1,"1,664","5,973","7,001","12,200",760,25.3,1.6,"17,695"
Burkina Faso,BFA,AFR,Low,2014,5.0,38,32.5,43.9,34.1,2.7,23.6,0.1,"1,847","4,448","6,435","10,592",765,20.9,1.6,"18,229"
Burkina Faso,BFA,AFR,Low,2015,5.1,32,28.4,47.0,36.0,2.5,24.7,0.2,"2,089","4,713","6,888","10,095",630,20.4,1.5,"18,777"
Burkina Faso,BFA,AFR,Low,2016,6.0,40,40.1,36.5,31.4,1.4,23.5,0.2,"1,745","4,931","7,350","14,272",664,21.6,2.4,"19,335"
Burkina Faso,BFA,AFR,Low,2017,6.1,43,43.9,38.3,31.4,1.4,17.8,0.0,"1,916","4,311","7,899","15,367",709,26.3,2.7,"19,894"
Burkina Faso,BFA,AFR,Low,2018,4.9,38,43.0,42.8,36.2,1.9,14.2,0.0,"1,588","2,855","7,745","12,034",778,24.2,2.1,"20,438"
Burkina Faso,BFA,AFR,Low,2019,5.4,41,41.8,42.4,34.7,1.9,15.8,0.0,"2,287","3,374","8,344","13,420",768,23.3,2.2,"20,962"
Burkina Faso,BFA,AFR,Low,2020,6.9,57,41.3,42.1,38.6,1.5,16.6,0.0,"2,378","4,262","12,689","17,828",829,24.4,2.8,"21,479"
Burkina Faso,BFA,AFR,Low,2021,7.1,64,38.5,45.2,41.2,1.5,16.3,0.1,"2,715","4,436","14,526","18,003",897,27.8,2.7,"21,995"
Burkina Faso,BFA,AFR,Low,2022,7.4,64,35.5,46.2,42.3,1.7,18.4,0.1,"3,158","5,779","16,985","19,991",868,31.3,2.6,"22,509"
Burkina Faso,BFA,AFR,Low,2023,7.8,72,31.4,47.6,43.8,1.7,20.9,0.0,"4,326","6,436","19,068","20,112",920,27.9,2.5,"23,026"
Burundi,BDI,AFR,Low,2000,4.2,6,34.7,64.3,61.1,0.8,1.0,9.0,170,0,"2,502","1,051",135,24.6,1.5,"6,470"
Burundi,BDI,AFR,Low,2001,5.7,8,29.8,47.8,45.4,0.6,22.5,6.9,"1,545",0,"2,833","1,427",132,25.4,1.7,"6,634"
Burundi,BDI,AFR,Low,2002,5.3,6,28.7,52.4,49.8,0.7,18.9,6.9,"1,212",80,"3,002","1,390",121,24.1,1.5,"6,824"
Burundi,BDI,AFR,Low,2003,5.3,6,25.7,52.8,50.3,0.7,21.5,10.7,"1,380",149,"3,195","1,104",111,36.5,1.4,"7,043"
Burundi,BDI,AFR,Low,2004,7.1,9,33.4,40.5,38.6,0.5,26.1,8.9,"2,276",465,"3,774","2,860",125,40.8,2.4,"7,311"
Burundi,BDI,AFR,Low,2005,7.6,11,27.3,41.1,39.2,0.5,31.6,6.8,"2,505","1,532","4,718","4,001",147,33.1,2.1,"7,587"
Burundi,BDI,AFR,Low,2006,8.7,14,27.1,41.5,39.7,0.5,31.3,6.5,"2,676","2,132","5,764","5,131",162,36.5,2.4,"7,866"
Burundi,BDI,AFR,Low,2007,9.2,15,26.8,42.9,41.1,0.5,30.3,6.6,"3,048","2,243","6,792","5,591",166,39.0,2.5,"8,162"
Burundi,BDI,AFR,Low,2008,7.7,15,20.1,44.8,42.9,0.5,35.0,10.0,"2,509","3,920","7,462","5,691",190,41.2,1.6,"8,506"
Burundi,BDI,AFR,Low,2009,9.2,18,22.5,37.0,35.5,0.4,40.5,7.7,"3,098","6,369","7,991","9,710",198,38.0,2.1,"8,948"
Burundi,BDI,AFR,Low,2010,11.3,24,17.6,29.4,28.2,0.3,53.0,5.7,"6,458","9,822","8,482","13,368",217,40.8,2.0,"9,376"
Burundi,BDI,AFR,Low,2011,10.1,23,34.5,27.3,25.5,0.7,38.3,7.1,"5,721","5,981","7,443","13,984",230,42.2,3.5,"9,718"
Burundi,BDI,AFR,Low,2012,8.6,20,30.9,24.8,22.4,2.4,44.3,8.3,"5,413","8,004","6,467","14,541",232,37.5,2.7,"10,071"
Burundi,BDI,AFR,Low,2013,8.6,20,17.9,22.8,20.9,1.9,59.3,0.1,"7,980","11,280","6,574","16,877",235,34.8,1.5,"10,439"
Burundi,BDI,AFR,Low,2014,7.2,18,38.6,33.3,31.0,1.2,28.0,14.4,"7,140","1,341","8,662","8,123",251,28.5,2.8,"10,800"
Burundi,BDI,AFR,Low,2015,6.3,18,38.5,33.5,31.2,1.2,28.0,9.5,"8,245",181,"8,671","8,221",281,23.2,2.4,"11,048"
Burundi,BDI,AFR,Low,2016,7.1,19,31.7,30.4,28.4,6.3,37.9,0.2,"3,939","9,341","8,728","17,416",263,22.6,2.2,"11,239"
Burundi,BDI,AFR,Low,2017,7.0,19,29.0,31.1,29.0,5.8,39.9,0.1,"4,614","10,881","9,610","18,871",276,24.1,2.0,"11,507"
Burundi,BDI,AFR,Low,2018,7.3,19,28.2,28.7,27.1,5.7,43.1,0.1,"4,412","11,973","9,030","19,824",256,26.0,2.1,"11,859"
Burundi,BDI,AFR,Low,2019,9.1,22,25.1,23.5,22.2,5.0,51.3,0.1,"16,505","6,763","9,121","15,390",246,28.8,2.3,"12,255"
Burundi,BDI,AFR,Low,2020,10.7,26,20.1,23.3,20.5,3.8,56.6,0.0,"20,732","10,082","10,272","19,192",245,29.4,2.2,"12,617"
Burundi,BDI,AFR,Low,2021,8.9,23,24.9,27.6,24.3,4.6,47.5,0.0,"19,847","4,480","11,094","14,714",258,30.3,2.2,"12,965"
Burundi,BDI,AFR,Low,2022,8.7,26,18.3,28.6,25.2,2.2,53.1,3.8,"21,093","8,261","13,071","15,804",294,33.5,1.6,"13,321"
Burundi,BDI,AFR,Low,2023,9.1,28,14.7,27.8,24.5,2.2,57.4,3.0,"32,341","11,679","17,739","20,161",309,28.3,1.3,"13,689"
Cabo Verde,CPV,AFR,Lower-middle,2000,3.9,60,71.3,26.1,25.3,0.7,2.6,25.4,89,149,"1,743","3,316","1,542",36.7,2.8,453
Cabo Verde,CPV,AFR,Lower-middle,2001,3.7,64,73.0,24.2,23.3,0.6,2.8,25.7,95,191,"1,827","3,895","1,719",24.2,2.7,460
Cabo Verde,CPV,AFR,Lower-middle,2002,3.7,69,72.8,24.3,23.5,0.6,2.9,24.5,99,200,"1,907","4,117","1,856",28.5,2.7,467
Cabo Verde,CPV,AFR,Lower-middle,2003,3.6,85,73.4,25.0,24.2,0.7,1.6,24.4,104,101,"2,001","4,156","2,334",23.4,2.7,473
Cabo Verde,CPV,AFR,Lower-middle,2004,3.5,93,71.4,24.7,23.8,0.7,3.9,24.2,108,291,"1,976","4,203","2,635",26.3,2.5,479
Cabo Verde,CPV,AFR,Lower-middle,2005,3.3,96,69.1,25.5,24.6,0.7,5.4,23.5,111,426,"2,095","4,306","2,876",26.2,2.3,485
Cabo Verde,CPV,AFR,Lower-middle,2006,3.8,113,66.3,24.6,23.8,0.6,9.1,23.4,122,867,"2,367","5,128","2,958",28.4,2.5,491
Cabo Verde,CPV,AFR,Lower-middle,2007,3.8,128,71.1,23.7,22.9,0.6,5.2,23.4,123,496,"2,360","5,408","3,325",27.1,2.7,496
Cabo Verde,CPV,AFR,Lower-middle,2008,3.3,128,68.5,25.4,24.4,0.7,6.1,25.1,133,560,"2,354","4,721","3,909",27.6,2.2,501
Cabo Verde,CPV,AFR,Lower-middle,2009,3.6,130,71.5,25.3,24.2,0.8,3.1,23.1,170,289,"2,525","5,322","3,660",30.6,2.5,506
Cabo Verde,CPV,AFR,Lower-middle,2010,4.1,146,63.2,30.8,28.1,1.3,6.0,20.1,391,673,"3,416","5,915","3,579",35.7,2.6,510
Cabo Verde,CPV,AFR,Lower-middle,2011,3.9,157,66.5,28.7,25.9,1.1,4.7,22.9,425,528,"3,224","5,951","4,002",30.3,2.6,511
Cabo Verde,CPV,AFR,Lower-middle,2012,4.7,175,59.9,27.1,24.6,0.9,13.0,20.2,566,"1,758","3,704","7,737","3,737",31.6,2.8,512
Cabo Verde,CPV,AFR,Lower-middle,2013,4.8,191,57.8,27.0,24.3,0.8,15.3,18.6,691,"2,144","3,850","8,359","3,961",30.9,2.8,512
Cabo Verde,CPV,AFR,Lower-middle,2014,4.9,193,57.1,27.8,25.7,0.8,15.1,16.9,576,"2,166","4,127","8,620","3,986",27.8,2.8,512
Cabo Verde,CPV,AFR,Lower-middle,2015,4.4,150,65.8,30.0,27.7,0.9,4.2,18.7,585,378,"4,143","7,419","3,415",28.7,2.9,512
Cabo Verde,CPV,AFR,Lower-middle,2016,4.4,157,63.5,31.3,28.7,1.2,5.2,15.8,680,550,"4,498","8,036","3,609",26.6,2.8,513
Cabo Verde,CPV,AFR,Lower-middle,2017,4.5,174,57.0,40.2,34.1,3.3,2.8,12.1,"1,098",421,"5,821","8,069","3,893",28.0,2.6,513
Cabo Verde,CPV,AFR,Lower-middle,2018,4.8,206,64.8,32.5,27.1,2.9,2.6,17.8,"1,129",428,"5,196","9,453","4,295",27.5,3.1,513
Cabo Verde,CPV,AFR,Lower-middle,2019,4.8,211,67.2,30.3,24.9,2.8,2.5,17.7,"1,446",197,"5,190","10,499","4,379",27.5,3.2,514
Cabo Verde,CPV,AFR,Lower-middle,2020,7.0,250,66.0,28.0,24.1,2.1,6.0,17.0,"1,203","1,187","5,831","13,031","3,550",34.5,4.6,515
Cabo Verde,CPV,AFR,Lower-middle,2021,6.6,262,69.4,27.2,23.0,2.3,3.4,18.3,"1,316",545,"5,629","13,039","3,971",30.8,4.6,517
Cabo Verde,CPV,AFR,Lower-middle,2022,6.7,297,62.2,26.1,22.1,2.2,11.7,15.2,"2,312","2,594","6,875","17,228","4,432",25.9,4.2,520
Cabo Verde,CPV,AFR,Lower-middle,2023,5.8,290,58.6,30.4,25.7,2.6,11.0,16.7,"2,134","2,500","7,603","14,870","4,961",24.8,3.4,522
Cameroon,CMR,AFR,Lower-middle,2000,4.3,30,15.0,82.4,78.5,0.9,2.6,,"1,236",171,"16,964","3,418",709,14.6,0.6,"14,913"
Cameroon,CMR,AFR,Lower-middle,2001,4.2,30,18.7,79.2,75.1,1.0,2.1,,"1,204",145,"16,405","4,234",715,14.6,0.8,"15,309"
Cameroon,CMR,AFR,Lower-middle,2002,4.0,32,22.1,74.4,70.2,1.0,3.4,,"1,634",58,"15,480","4,943",790,13.9,0.9,"15,726"
Cameroon,CMR,AFR,Lower-middle,2003,3.9,39,22.0,75.7,71.5,1.0,2.4,,"1,325",130,"15,993","5,045",988,13.2,0.9,"16,160"
Cameroon,CMR,AFR,Lower-middle,2004,3.7,42,18.9,77.7,73.9,1.0,3.3,,"1,518",83,"16,464","4,300","1,133",13.4,0.7,"16,610"
Cameroon,CMR,AFR,Lower-middle,2005,3.8,43,17.3,78.0,74.3,1.0,4.8,,"1,529",375,"16,897","4,303","1,143",12.4,0.7,"17,075"
Cameroon,CMR,AFR,Lower-middle,2006,3.7,45,17.3,78.0,74.4,1.0,4.7,,"1,659",271,"17,295","4,305","1,191",12.5,0.6,"17,550"
Cameroon,CMR,AFR,Lower-middle,2007,3.8,50,15.0,80.0,75.6,1.0,5.0,,"1,487",786,"18,197","4,396","1,326",13.5,0.6,"18,050"
Cameroon,CMR,AFR,Lower-middle,2008,3.7,55,15.1,78.8,74.2,1.0,6.1,,"1,543","1,063","18,076","4,728","1,492",15.9,0.6,"18,574"
Cameroon,CMR,AFR,Lower-middle,2009,3.5,51,12.8,81.5,76.8,1.1,5.7,,"1,699",811,"18,466","3,890","1,461",14.7,0.4,"19,114"
Cameroon,CMR,AFR,Lower-middle,2010,3.6,50,11.4,80.6,76.0,1.1,8.0,,"1,693","1,431","18,820","4,243","1,399",15.2,0.4,"19,668"
Cameroon,CMR,AFR,Lower-middle,2011,3.9,58,14.9,73.0,69.6,0.8,12.2,,"3,651",603,"19,145","4,691","1,514",17.8,0.6,"20,232"
Cameroon,CMR,AFR,Lower-middle,2012,3.9,57,16.3,75.9,66.8,6.3,7.9,,"4,907",,"19,441","4,736","1,449",17.2,0.6,"20,810"
Cameroon,CMR,AFR,Lower-middle,2013,3.6,57,13.2,79.5,69.7,6.8,7.3,,"3,659","1,161","19,706","4,900","1,576",19.2,0.5,"21,402"
Cameroon,CMR,AFR,Lower-middle,2014,4.3,72,13.6,77.2,69.0,5.7,9.3,,"4,421","1,742","24,392","6,545","1,649",20.1,0.6,"22,060"
Cameroon,CMR,AFR,Lower-middle,2015,4.1,58,8.8,82.5,73.8,6.1,8.6,,"4,345","1,643","25,485","4,687","1,415",20.1,0.4,"22,763"
Cameroon,CMR,AFR,Lower-middle,2016,4.0,58,9.1,82.1,73.4,6.1,8.8,,"4,332","1,688","25,221","4,814","1,442",20.2,0.4,"23,454"
Cameroon,CMR,AFR,Lower-middle,2017,3.8,57,3.7,87.8,78.5,6.5,8.5,,"4,235","1,635","25,853","2,862","1,496",19.2,0.1,"24,129"
Cameroon,CMR,AFR,Lower-middle,2018,3.6,58,9.7,76.0,72.3,3.4,14.3,0.1,"3,032","2,810","23,412","5,919","1,611",18.0,0.4,"24,806"
Cameroon,CMR,AFR,Lower-middle,2019,3.7,57,11.1,75.8,72.2,3.3,13.0,0.1,"3,269","2,278","24,022","5,957","1,555",18.7,0.4,"25,506"
Cameroon,CMR,AFR,Lower-middle,2020,4.3,66,14.3,75.0,71.9,2.8,10.7,0.1,"2,536","2,739","27,376","8,151","1,557",16.6,0.6,"26,211"
Cameroon,CMR,AFR,Lower-middle,2021,4.3,73,11.3,73.7,70.6,2.8,15.0,0.1,"3,564","3,722","28,438","8,229","1,672",17.1,0.5,"26,916"
Cameroon,CMR,AFR,Lower-middle,2022,4.5,72,14.9,70.7,67.8,2.7,14.4,0.1,"3,948","3,869","30,483","10,532","1,605",17.1,0.7,"27,633"
Cameroon,CMR,AFR,Lower-middle,2023,4.6,79,14.7,70.6,67.7,2.7,14.7,0.1,"4,560","3,911","32,459","10,932","1,737",17.1,0.7,"28,373"
Central African Republic,CAF,AFR,Low,2000,4.4,10,39.3,49.4,48.3,0.6,11.4,0.0,802,75,"3,399","2,840",226,17.2,1.7,"3,833"
Central African Republic,CAF,AFR,Low,2001,4.0,9,37.8,55.3,54.1,0.7,6.9,0.0,406,139,"3,649","2,690",230,14.1,1.5,"3,919"
Central African Republic,CAF,AFR,Low,2002,4.2,10,33.9,50.7,49.6,0.6,15.4,0.0,724,474,"3,593","2,927",246,16.7,1.4,"4,006"
Central African Republic,CAF,AFR,Low,2003,4.2,12,36.9,50.2,49.1,0.6,12.9,0.0,987,5,"3,457","2,601",290,12.3,1.5,"4,103"
Central African Republic,CAF,AFR,Low,2004,4.1,13,35.6,54.3,53.1,0.7,10.1,0.0,763,9,"3,633","2,442",313,13.1,1.5,"4,193"
Central African Republic,CAF,AFR,Low,2005,4.2,14,24.5,52.9,51.7,0.6,22.6,0.0,"1,361",387,"3,800","2,187",330,16.2,1.0,"4,289"
Central African Republic,CAF,AFR,Low,2006,4.3,15,28.5,52.7,51.5,0.6,18.8,0.0,"1,462",120,"4,081","2,374",352,13.4,1.2,"4,378"
Central African Republic,CAF,AFR,Low,2007,4.6,18,27.4,50.8,49.7,0.6,21.8,0.0,"1,837",160,"4,341","2,555",394,12.9,1.3,"4,463"
Central African Republic,CAF,AFR,Low,2008,4.0,18,21.0,59.2,58.0,0.7,19.7,0.0,883,806,"4,661","2,497",448,16.0,0.8,"4,559"
Central African Republic,CAF,AFR,Low,2009,4.7,21,15.6,49.0,47.8,0.7,35.3,0.0,"2,735",937,"4,810","2,508",456,16.0,0.7,"4,529"
Central African Republic,CAF,AFR,Low,2010,3.6,17,16.2,60.9,59.5,0.8,22.9,0.0,883,"1,163","5,010","2,524",477,17.3,0.6,"4,493"
Central African Republic,CAF,AFR,Low,2011,3.7,20,11.3,59.8,58.6,0.6,28.9,0.0,"1,352","1,434","5,419","2,479",534,14.2,0.4,"4,565"
Central African Republic,CAF,AFR,Low,2012,3.9,21,15.9,59.1,58.1,0.5,25.0,0.0,"2,115",719,"6,325","2,450",544,14.7,0.6,"4,611"
Central African Republic,CAF,AFR,Low,2013,4.8,17,20.6,46.2,45.2,0.5,33.1,0.0,"2,269",658,"3,881","2,429",364,13.4,1.0,"4,642"
Central African Republic,CAF,AFR,Low,2014,4.6,19,15.6,47.4,46.5,0.4,37.0,0.0,"2,512",995,"4,293","2,434",410,18.0,0.7,"4,623"
Central African Republic,CAF,AFR,Low,2015,5.0,18,9.1,49.5,48.8,0.3,41.4,0.0,"3,159","1,439","5,318","2,426",366,14.0,0.5,"4,629"
Central African Republic,CAF,AFR,Low,2016,5.4,21,11.0,56.2,55.2,0.6,32.8,0.0,"2,349","1,870","6,896","3,246",387,12.1,0.6,"4,714"
Central African Republic,CAF,AFR,Low,2017,6.7,29,10.9,57.6,56.4,0.8,31.5,0.0,"4,686",777,"9,440","2,607",432,13.9,0.7,"4,794"
Central African Republic,CAF,AFR,Low,2018,11.0,51,6.3,42.4,41.7,0.5,51.4,0.0,"12,812","2,040","11,887","3,826",467,17.6,0.7,"4,879"
Central African Republic,CAF,AFR,Low,2019,7.8,36,10.6,61.6,60.6,0.7,27.9,0.0,"4,691","1,362","12,689","3,573",461,16.9,0.8,"4,945"
Central African Republic,CAF,AFR,Low,2020,9.0,43,13.6,50.5,49.7,0.6,35.9,0.0,"6,141","2,873","12,190","6,209",475,25.1,1.2,"5,027"
Central African Republic,CAF,AFR,Low,2021,9.2,46,13.8,50.4,49.6,0.6,35.8,0.0,"6,040","3,350","12,715","6,892",505,19.7,1.3,"5,112"
Central African Republic,CAF,AFR,Low,2022,9.9,48,15.0,48.4,47.6,0.5,36.6,0.0,"8,306","2,851","14,240","7,342",482,17.6,1.5,"5,098"
Central African Republic,CAF,AFR,Low,2023,10.7,54,14.4,45.8,45.0,0.5,39.9,0.0,"10,225","3,031","14,696","7,719",505,18.1,1.5,"5,152"
Chad,TCD,AFR,Low,2000,4.2,10,38.0,58.4,56.2,0.2,3.6,0.0,159,246,"4,022","2,967",239,14.0,1.6,"8,512"
Chad,TCD,AFR,Low,2001,4.1,12,34.9,61.5,58.3,1.3,3.6,0.0,284,302,"4,967","3,274",285,12.0,1.4,"8,804"
Chad,TCD,AFR,Low,2002,5.6,18,28.8,68.5,64.7,1.5,2.7,0.0,481,322,"8,091","3,927",322,13.8,1.6,"9,116"
Chad,TCD,AFR,Low,2003,4.2,18,31.5,51.6,47.4,2.6,16.8,0.0,"1,844",355,"4,955","3,651",424,14.9,1.3,"9,488"
Chad,TCD,AFR,Low,2004,4.2,28,34.9,54.7,51.0,2.3,10.4,0.0,"1,979",87,"7,465","5,190",655,9.8,1.5,"9,920"
Chad,TCD,AFR,Low,2005,3.7,31,29.5,60.4,56.2,2.5,10.1,0.0,"2,142",206,"9,271","5,077",838,8.9,1.1,"10,328"
Chad,TCD,AFR,Low,2006,3.7,34,20.5,68.4,63.7,2.6,11.1,0.0,"2,378",433,"11,263","4,051",907,10.7,0.8,"10,706"
Chad,TCD,AFR,Low,2007,3.5,34,23.5,70.2,64.9,3.2,6.3,0.0,"1,232",647,"10,578","4,484",980,13.6,0.8,"11,082"
Chad,TCD,AFR,Low,2008,3.2,37,19.6,74.6,68.8,3.5,5.9,0.0,"1,388",520,"11,325","3,744","1,166",14.6,0.6,"11,476"
Chad,TCD,AFR,Low,2009,3.4,35,20.9,71.0,65.0,3.8,8.1,0.0,"1,703",612,"10,648","4,027","1,036",19.8,0.7,"11,894"
Chad,TCD,AFR,Low,2010,3.1,35,21.0,73.1,67.6,3.8,5.9,0.0,"1,540",455,"11,791","4,115","1,142",18.5,0.6,"12,313"
Chad,TCD,AFR,Low,2011,2.9,37,21.1,66.2,60.8,4.0,12.8,0.0,"2,881",353,"10,699","4,026","1,308",16.3,0.6,"12,755"
Chad,TCD,AFR,Low,2012,2.7,36,24.6,64.6,59.4,3.9,10.8,0.0,"2,538",423,"10,984","4,961","1,354",16.6,0.7,"13,211"
Chad,TCD,AFR,Low,2013,3.0,39,28.2,63.8,58.6,3.9,8.0,0.0,"2,061",439,"11,177","5,824","1,305",16.6,0.8,"13,691"
Chad,TCD,AFR,Low,2014,3.3,42,28.5,60.6,55.7,3.7,10.9,0.0,"2,599",678,"11,600","6,619","1,279",17.0,0.9,"14,189"
Chad,TCD,AFR,Low,2015,3.4,34,21.3,61.7,56.7,3.8,17.1,0.0,"2,980","1,422","11,342","5,674",994,13.8,0.7,"14,648"
Chad,TCD,AFR,Low,2016,3.7,32,17.4,60.0,55.1,3.7,22.7,0.0,"2,744","2,461","10,445","5,751",862,11.3,0.6,"15,115"
Chad,TCD,AFR,Low,2017,3.5,30,15.0,65.1,59.9,4.0,19.9,0.0,"3,489",890,"10,429","3,499",854,11.2,0.5,"15,623"
Chad,TCD,AFR,Low,2018,3.3,31,14.2,66.4,64.4,0.5,19.3,0.0,962,"2,746","11,158","5,212",949,9.6,0.5,"16,157"
Chad,TCD,AFR,Low,2019,3.4,30,15.2,65.7,63.7,0.5,19.1,0.0,"1,896","1,847","11,286","4,535",893,10.6,0.5,"16,685"
Chad,TCD,AFR,Low,2020,4.4,38,12.7,71.2,69.8,0.9,16.1,0.0,"1,605","2,209","15,150","4,962",867,14.0,0.6,"17,225"
Chad,TCD,AFR,Low,2021,4.0,38,18.5,70.3,69.5,0.4,11.2,0.0,"1,218","1,279","14,484","5,144",946,13.1,0.7,"17,828"
Chad,TCD,AFR,Low,2022,4.2,40,22.3,59.0,58.2,0.3,18.7,0.4,"1,525","3,375","14,577","8,860",966,12.7,0.9,"18,455"
Chad,TCD,AFR,Low,2023,5.0,47,25.2,52.4,51.7,0.3,22.4,0.4,"3,426","3,213","14,871","10,356",949,17.4,1.3,"19,319"
Comoros,COM,AFR,Lower-middle,2000,7.5,48,11.9,82.2,79.7,0.6,5.9,0.0,"2,072",62,"20,210","3,062",633,9.7,0.9,536
Comoros,COM,AFR,Lower-middle,2001,6.7,45,8.0,84.1,81.3,0.7,7.9,0.0,"2,233",433,"20,244","2,421",681,13.0,0.5,547
Comoros,COM,AFR,Lower-middle,2002,6.7,51,14.3,79.0,76.2,0.7,6.7,0.1,"2,465",61,"20,266","3,853",765,14.3,1.0,559
Comoros,COM,AFR,Lower-middle,2003,6.7,64,12.8,75.9,73.1,0.7,11.3,0.0,"3,843",70,"20,326","3,617",960,12.8,0.9,570
Comoros,COM,AFR,Lower-middle,2004,6.6,71,12.0,75.9,73.0,0.7,12.1,0.0,"4,134",46,"20,393","3,390","1,072",11.7,0.8,581
Comoros,COM,AFR,Lower-middle,2005,6.1,68,11.3,79.2,76.2,0.7,9.4,0.0,"3,201",143,"20,431","3,166","1,106",12.8,0.7,593
Comoros,COM,AFR,Lower-middle,2006,5.8,66,11.2,82.8,79.5,0.8,6.1,0.1,"2,318",84,"20,473","2,950","1,138",12.5,0.6,605
Comoros,COM,AFR,Lower-middle,2007,5.4,70,10.4,85.2,81.8,0.8,4.3,0.1,"1,806",136,"20,520","2,742","1,290",13.1,0.6,617
Comoros,COM,AFR,Lower-middle,2008,5.1,74,8.5,87.1,83.4,0.9,4.4,0.1,"1,543",449,"20,569","2,541","1,455",15.1,0.4,629
Comoros,COM,AFR,Lower-middle,2009,4.9,69,7.7,87.9,84.1,0.9,4.4,0.1,"1,543",463,"20,618","2,332","1,410",13.7,0.4,642
Comoros,COM,AFR,Lower-middle,2010,5.0,69,7.5,84.2,80.5,0.9,8.2,0.1,"1,814","1,267","20,667","3,189","1,387",13.3,0.4,655
Comoros,COM,AFR,Lower-middle,2011,5.3,81,18.0,67.7,64.0,0.9,14.3,0.1,"1,461","3,680","18,380","8,841","1,531",13.2,1.0,668
Comoros,COM,AFR,Lower-middle,2012,5.2,77,15.4,70.1,68.0,1.3,14.5,0.1,"2,034","2,885","20,066","7,401","1,490",14.9,0.8,682
Comoros,COM,AFR,Lower-middle,2013,5.1,82,12.9,70.5,68.0,1.6,16.6,0.1,"2,049","3,728","20,611","7,619","1,603",14.8,0.7,696
Comoros,COM,AFR,Lower-middle,2014,5.2,85,10.6,68.3,65.5,1.9,21.2,0.1,"4,792","2,697","20,534","5,985","1,616",14.5,0.6,712
Comoros,COM,AFR,Lower-middle,2015,4.6,61,10.1,79.1,75.0,2.5,10.8,0.1,"1,417","2,619","20,337","5,330","1,329",19.1,0.5,727
Comoros,COM,AFR,Lower-middle,2016,4.7,64,12.3,75.0,71.3,2.8,12.7,0.3,"3,122","1,508","20,123","4,903","1,365",18.9,0.6,742
Comoros,COM,AFR,Lower-middle,2017,5.3,75,12.8,67.4,63.8,2.7,19.8,0.4,"3,285","4,335","20,857","8,389","1,424",18.8,0.7,757
Comoros,COM,AFR,Lower-middle,2018,4.9,75,15.6,71.2,67.2,3.1,13.1,0.6,"2,871","2,477","20,980","7,163","1,527",19.2,0.8,772
Comoros,COM,AFR,Lower-middle,2019,5.2,78,16.1,66.4,61.8,3.1,17.6,0.7,"1,649","5,951","21,258","11,245","1,510",20.1,0.8,787
Comoros,COM,AFR,Lower-middle,2020,5.9,90,21.9,66.1,61.9,2.9,12.0,0.5,"3,051","3,204","23,910","11,453","1,519",18.8,1.3,802
Comoros,COM,AFR,Lower-middle,2021,6.5,101,14.6,59.6,55.6,2.8,25.8,0.5,"4,147","8,320","23,223","14,211","1,555",20.0,0.9,818
Comoros,COM,AFR,Lower-middle,2022,8.5,124,10.3,46.4,43.5,2.0,43.3,0.4,"3,865","22,922","25,231","28,684","1,465",18.4,0.9,834
Comoros,COM,AFR,Lower-middle,2023,6.6,102,12.9,60.3,56.6,2.6,26.8,0.5,"3,756","10,438","26,312","16,227","1,560",17.9,0.8,850
Congo,COG,AFR,Lower-middle,2000,1.5,17,34.2,54.3,52.7,0.5,11.5,0.0,195,"1,420","6,494","5,634","1,153",22.6,0.5,"3,151"
Congo,COG,AFR,Lower-middle,2001,2.2,20,44.2,47.1,45.8,0.5,8.7,0.0,194,"1,301","6,808","7,868",929,29.1,1.0,"3,273"
Congo,COG,AFR,Lower-middle,2002,1.7,17,25.4,63.0,61.4,0.5,11.6,0.0,184,"1,370","7,240","4,362",998,32.1,0.4,"3,351"
Congo,COG,AFR,Lower-middle,2003,1.9,22,26.1,62.7,61.4,0.4,11.1,0.0,162,"1,391","7,665","4,650","1,121",27.0,0.5,"3,446"
Congo,COG,AFR,Lower-middle,2004,1.9,28,22.6,57.1,55.6,0.5,20.2,0.0,219,"2,935","8,064","6,219","1,431",24.4,0.4,"3,566"
Congo,COG,AFR,Lower-middle,2005,1.7,31,25.2,53.5,52.0,0.5,21.3,0.0,252,"3,473","8,469","7,572","1,799",22.1,0.4,"3,696"
Congo,COG,AFR,Lower-middle,2006,1.7,36,32.5,50.3,48.7,0.5,17.3,0.0,295,"3,243","9,141","9,341","2,104",26.6,0.6,"3,837"
Congo,COG,AFR,Lower-middle,2007,1.9,42,30.8,50.8,49.2,0.6,18.4,0.0,324,"3,695","9,874","9,889","2,206",28.6,0.6,"3,980"
Congo,COG,AFR,Lower-middle,2008,2.2,63,49.1,39.4,37.9,0.6,11.5,0.0,443,"3,251","10,706","17,136","2,832",24.2,1.1,"4,114"
Congo,COG,AFR,Lower-middle,2009,2.1,49,28.8,52.0,50.4,0.7,19.2,0.0,407,"4,351","11,526","10,949","2,271",24.4,0.6,"4,281"
Congo,COG,AFR,Lower-middle,2010,1.9,55,44.7,43.5,42.2,0.4,11.7,0.0,408,"3,132","11,380","15,209","2,947",23.0,0.8,"4,462"
Congo,COG,AFR,Lower-middle,2011,1.8,60,37.2,41.9,41.1,0.3,21.0,0.0,715,"5,382","11,524","15,807","3,396",27.9,0.7,"4,610"
Congo,COG,AFR,Lower-middle,2012,1.9,71,42.9,30.8,29.7,0.3,26.4,0.0,"1,432","8,531","10,822","24,137","3,732",30.7,0.8,"4,740"
Congo,COG,AFR,Lower-middle,2013,1.9,72,48.2,32.0,30.7,0.5,19.8,0.0,723,"6,784","10,879","23,889","3,697",42.4,0.9,"4,857"
Congo,COG,AFR,Lower-middle,2014,2.0,71,48.0,33.8,31.2,0.4,18.2,0.0,"1,184","6,118","10,938","22,950","3,600",48.6,0.9,"4,976"
Congo,COG,AFR,Lower-middle,2015,2.5,57,45.5,35.5,32.5,0.5,18.9,0.0,"1,409","6,044","10,997","21,473","2,333",41.3,1.1,"5,098"
Congo,COG,AFR,Lower-middle,2016,2.6,54,43.2,51.7,44.3,5.9,5.1,0.0,"2,754","1,297","14,241","15,184","2,093",38.8,1.1,"5,223"
Congo,COG,AFR,Lower-middle,2017,2.4,52,38.4,54.4,45.6,6.3,7.2,0.0,"3,077","1,794","13,845","13,446","2,212",26.6,0.9,"5,351"
Congo,COG,AFR,Lower-middle,2018,1.8,47,35.3,59.2,50.3,6.6,5.5,0.0,"2,570","1,219","13,207","10,502","2,694",17.8,0.6,"5,483"
Congo,COG,AFR,Lower-middle,2019,2.3,58,43.8,49.1,42.2,5.6,7.0,0.0,"2,408","2,380","14,435","17,387","2,488",20.2,1.0,"5,617"
Congo,COG,AFR,Lower-middle,2020,4.0,80,43.2,45.8,25.2,3.5,11.0,0.0,"9,530","5,057","11,613","24,960","1,994",21.1,1.7,"5,753"
Congo,COG,AFR,Lower-middle,2021,3.5,79,49.7,43.4,23.6,3.3,6.9,0.0,"10,748",900,"10,277","22,562","2,271",20.9,1.7,"5,892"
Congo,COG,AFR,Lower-middle,2022,2.3,53,35.0,50.6,26.9,3.8,14.4,0.0,"11,953",659,"8,923","12,258","2,309",22.8,0.8,"6,035"
Congo,COG,AFR,Lower-middle,2023,3.3,76,34.0,51.1,28.0,3.9,14.9,0.0,"12,984","4,446","12,819","20,026","2,291",20.7,1.1,"6,183"
Côte d'Ivoire,CIV,AFR,Lower-middle,2000,3.6,30,16.2,81.8,75.3,2.5,2.0,0.6,"1,782",49,"16,220","3,401",839,12.9,0.6,"17,699"
Côte d'Ivoire,CIV,AFR,Lower-middle,2001,3.6,31,14.2,83.8,77.2,2.6,2.0,0.6,"1,780",148,"17,297","3,193",852,11.4,0.5,"18,179"
Côte d'Ivoire,CIV,AFR,Lower-middle,2002,3.5,33,15.3,82.4,75.8,2.5,2.2,0.7,"1,853",148,"17,125","3,454",919,13.1,0.5,"18,655"
Côte d'Ivoire,CIV,AFR,Lower-middle,2003,4.0,44,13.0,82.0,76.1,2.3,5.0,0.6,"2,474",297,"19,329","3,456","1,109",12.7,0.5,"19,126"
Côte d'Ivoire,CIV,AFR,Lower-middle,2004,4.0,47,13.9,82.9,77.0,2.3,3.2,0.6,"2,255",0,"19,107","3,297","1,170",13.5,0.6,"19,595"
Côte d'Ivoire,CIV,AFR,Lower-middle,2005,4.0,47,13.3,82.7,76.7,2.3,4.0,0.6,"2,451",0,"18,892","3,124","1,177",13.6,0.5,"20,068"
Côte d'Ivoire,CIV,AFR,Lower-middle,2006,3.9,47,14.2,82.0,75.9,2.4,3.8,0.7,"2,429",4,"18,683","3,325","1,199",14.5,0.6,"20,547"
Côte d'Ivoire,CIV,AFR,Lower-middle,2007,4.2,56,16.2,74.5,68.8,2.3,9.3,0.6,"2,332","1,718","18,478","5,893","1,339",14.8,0.7,"21,031"
Côte d'Ivoire,CIV,AFR,Lower-middle,2008,4.1,65,16.4,70.8,65.5,2.0,12.8,0.6,"2,202","3,008","18,908","7,551","1,563",14.6,0.7,"21,514"
Côte d'Ivoire,CIV,AFR,Lower-middle,2009,4.6,71,18.0,72.0,57.4,2.1,9.9,0.6,"6,370","1,835","19,193","7,671","1,532",14.4,0.8,"21,998"
Côte d'Ivoire,CIV,AFR,Lower-middle,2010,4.6,70,18.4,71.4,56.5,2.3,10.2,0.6,"6,215","2,515","19,575","8,670","1,531",14.5,0.8,"22,488"
Côte d'Ivoire,CIV,AFR,Lower-middle,2011,4.4,68,13.2,74.6,59.2,2.9,12.2,0.5,"6,063","2,788","18,966","6,830","1,546",13.2,0.6,"22,982"
Côte d'Ivoire,CIV,AFR,Lower-middle,2012,4.4,70,16.9,67.5,52.8,2.8,15.7,0.5,"6,620","4,235","18,832","10,042","1,578",16.1,0.7,"23,467"
Côte d'Ivoire,CIV,AFR,Lower-middle,2013,3.7,67,19.6,71.7,56.2,3.4,8.7,0.7,"6,378","1,687","18,620","7,934","1,806",15.9,0.7,"23,940"
Côte d'Ivoire,CIV,AFR,Lower-middle,2014,3.7,74,20.8,65.7,51.1,3.3,13.5,0.6,"6,925","3,369","18,777","10,799","1,993",15.2,0.8,"24,527"
Côte d'Ivoire,CIV,AFR,Lower-middle,2015,3.2,58,25.0,61.9,42.6,7.4,13.1,0.6,"9,902","1,305","14,713","9,707","1,815",16.5,0.8,"25,246"
Côte d'Ivoire,CIV,AFR,Lower-middle,2016,3.3,62,25.7,59.4,40.0,7.9,14.9,0.3,"9,734","2,845","14,667","12,133","1,863",17.6,0.9,"25,989"
Côte d'Ivoire,CIV,AFR,Lower-middle,2017,3.2,64,28.7,58.2,39.2,7.8,13.0,1.5,"9,042","2,836","14,523","12,904","1,964",18.1,0.9,"26,733"
Côte d'Ivoire,CIV,AFR,Lower-middle,2018,3.1,66,29.1,58.7,39.3,7.9,12.3,1.2,"9,813","1,772","14,375","11,963","2,131",17.6,0.9,"27,464"
Côte d'Ivoire,CIV,AFR,Lower-middle,2019,3.2,68,30.2,56.8,37.3,7.8,13.0,3.4,"11,139","1,887","14,912","12,605","2,142",17.2,1.0,"28,193"
Côte d'Ivoire,CIV,AFR,Lower-middle,2020,3.6,79,36.8,49.7,32.0,7.4,13.5,4.7,"11,077","3,134","14,543","17,690","2,180",20.4,1.3,"28,915"
Côte d'Ivoire,CIV,AFR,Lower-middle,2021,3.8,92,42.3,44.4,28.4,6.6,13.4,5.6,"12,426","2,620","14,534","21,412","2,456",20.5,1.6,"29,640"
Côte d'Ivoire,CIV,AFR,Lower-middle,2022,3.6,85,41.0,48.6,32.5,6.4,10.5,5.6,"11,752","2,472","17,237","21,028","2,333",21.9,1.5,"30,395"
Côte d'Ivoire,CIV,AFR,Lower-middle,2023,3.4,88,40.8,47.3,32.0,6.1,11.8,4.7,"11,886","2,570","17,015","21,782","2,555",21.3,1.4,"31,166"
Democratic Republic of the Congo,COD,AFR,Low,2000,1.5,18,4.2,72.5,54.0,6.4,23.3,0.0,157,2,207,19,"1,195",2.5,0.1,"50,507"
Democratic Republic of the Congo,COD,AFR,Low,2001,2.6,5,4.1,82.7,72.4,3.6,13.3,0.0,258,7,813,52,207,4.3,0.1,"52,133"
Democratic Republic of the Congo,COD,AFR,Low,2002,2.6,4,4.1,81.8,71.3,3.7,14.1,0.0,339,17,"1,031",76,162,4.2,0.1,"53,751"
Democratic Republic of the Congo,COD,AFR,Low,2003,3.7,6,6.1,75.3,68.0,2.5,18.6,0.0,395,236,"1,663",387,162,9.2,0.2,"55,344"
Democratic Republic of the Congo,COD,AFR,Low,2004,4.3,8,4.7,78.3,72.1,2.2,17.0,0.0,435,291,"2,257",438,181,8.1,0.2,"56,998"
Democratic Republic of the Congo,COD,AFR,Low,2005,4.0,9,5.2,76.1,69.4,2.4,18.7,0.0,613,418,"2,811",629,215,8.3,0.2,"58,776"
Democratic Republic of the Congo,COD,AFR,Low,2006,4.1,10,5.2,75.2,68.5,2.3,19.6,0.0,721,556,"3,329",809,255,8.5,0.2,"60,616"
Democratic Republic of the Congo,COD,AFR,Low,2007,3.9,12,5.6,70.8,63.9,2.4,23.6,0.0,925,898,"3,815","1,235",297,8.8,0.2,"62,478"
Democratic Republic of the Congo,COD,AFR,Low,2008,4.3,15,5.8,56.0,49.7,2.2,38.2,0.0,"1,201",939,"4,270","3,123",356,10.1,0.3,"64,391"
Democratic Republic of the Congo,COD,AFR,Low,2009,4.5,13,6.9,52.0,45.4,2.1,41.1,0.0,"1,039","1,667","4,691","4,601",283,12.4,0.3,"66,412"
Democratic Republic of the Congo,COD,AFR,Low,2010,3.7,12,10.3,44.9,37.1,2.5,44.8,0.0,"1,153","1,920","4,075","5,772",326,15.4,0.4,"68,563"
Democratic Republic of the Congo,COD,AFR,Low,2011,3.2,12,10.9,44.1,38.8,1.4,45.0,,"1,165","3,417","4,248","5,528",373,13.7,0.3,"70,849"
Democratic Republic of the Congo,COD,AFR,Low,2012,3.2,13,16.1,46.2,40.3,,37.6,,"1,887","3,354","4,892","5,367",410,13.4,0.5,"73,255"
Democratic Republic of the Congo,COD,AFR,Low,2013,3.3,15,14.0,45.9,39.4,1.4,40.1,,"3,728","2,840","5,577","4,837",460,11.9,0.5,"75,789"
Democratic Republic of the Congo,COD,AFR,Low,2014,3.7,18,13.8,46.0,38.7,3.0,40.2,,"4,001","3,997","6,528","6,332",489,12.9,0.5,"78,403"
Democratic Republic of the Congo,COD,AFR,Low,2015,3.7,19,16.7,44.1,37.4,2.5,39.3,0.9,"3,080","4,813","6,437","7,534",496,15.2,0.6,"81,036"
Democratic Republic of the Congo,COD,AFR,Low,2016,4.2,19,12.6,44.1,37.3,2.9,43.2,0.9,"5,379","4,392","7,276","6,677",460,13.9,0.5,"83,956"
Democratic Republic of the Congo,COD,AFR,Low,2017,4.0,18,9.9,47.6,40.1,3.3,42.5,0.7,"7,642","5,625","10,663","8,079",454,10.4,0.4,"87,083"
Democratic Republic of the Congo,COD,AFR,Low,2018,3.2,17,15.1,49.7,41.6,3.4,35.2,0.7,"7,716","4,435","11,674","8,465",533,11.7,0.5,"90,048"
Democratic Republic of the Congo,COD,AFR,Low,2019,3.5,19,15.8,45.4,38.5,3.1,38.8,0.6,"7,863","6,597","12,184","11,410",548,13.4,0.6,"92,947"
Democratic Republic of the Congo,COD,AFR,Low,2020,4.0,21,16.1,46.5,39.7,3.2,37.5,0.5,"9,034","7,795","15,116","13,733",517,12.6,0.6,"95,990"
Democratic Republic of the Congo,COD,AFR,Low,2021,3.9,22,16.8,45.7,39.1,3.2,37.5,0.6,"9,943","9,000","16,805","15,932",558,14.4,0.6,"99,149"
Democratic Republic of the Congo,COD,AFR,Low,2022,3.9,24,18.4,43.0,37.1,3.0,38.6,0.4,"10,611","11,181","18,139","19,999",619,18.2,0.7,"102,397"
Democratic Republic of the Congo,COD,AFR,Low,2023,3.7,23,18.7,44.3,38.0,3.2,37.0,0.3,"14,818","8,909","20,838","19,004",636,17.2,0.7,"105,790"
Equatorial Guinea,GNQ,AFR,Upper-middle,2000,1.2,20,42.8,53.4,52.2,0.4,3.9,16.3,722,,"7,463","3,792","1,647",22.6,0.5,703
Equatorial Guinea,GNQ,AFR,Upper-middle,2001,1.3,30,29.6,55.5,54.3,0.4,15.0,15.0,"3,493",,"11,774","3,153","2,232",13.5,0.4,750
Equatorial Guinea,GNQ,AFR,Upper-middle,2002,2.9,75,12.5,83.4,82.4,0.6,4.2,6.9,"2,678",,"42,826","2,900","2,595",11.3,0.4,798
Equatorial Guinea,GNQ,AFR,Upper-middle,2003,2.0,87,20.2,76.9,75.9,0.5,2.9,10.1,"1,992",,"38,198","5,083","4,403",13.9,0.4,848
Equatorial Guinea,GNQ,AFR,Upper-middle,2004,1.6,105,22.3,74.5,73.3,0.5,3.2,12.6,"2,425",,"40,412","5,374","6,598",10.8,0.4,900
Equatorial Guinea,GNQ,AFR,Upper-middle,2005,1.4,123,28.2,68.9,67.7,0.5,2.9,14.0,"2,658",,"43,792","9,209","8,642",14.1,0.4,947
Equatorial Guinea,GNQ,AFR,Upper-middle,2006,1.4,144,32.4,62.4,61.2,0.4,5.2,14.1,"4,775",,"46,047","13,790","10,194",18.1,0.5,990
Equatorial Guinea,GNQ,AFR,Upper-middle,2007,1.4,179,33.8,60.4,59.3,0.4,5.7,14.0,"5,891",,"50,955","17,039","12,634",19.7,0.5,"1,036"
Equatorial Guinea,GNQ,AFR,Upper-middle,2008,1.2,226,39.2,57.1,55.9,0.4,3.6,16.1,"4,878",,"56,259","23,216","18,284",19.9,0.5,"1,085"
Equatorial Guinea,GNQ,AFR,Upper-middle,2009,1.9,249,41.0,53.7,52.8,0.4,5.3,10.6,"7,227",,"61,796","35,631","13,286",39.8,0.8,"1,136"
Equatorial Guinea,GNQ,AFR,Upper-middle,2010,1.7,238,37.2,59.1,58.1,0.4,3.7,11.5,"5,560",,"68,333","30,292","13,720",31.2,0.6,"1,189"
Equatorial Guinea,GNQ,AFR,Upper-middle,2011,1.5,265,38.4,57.8,56.7,0.4,3.8,12.9,"6,109",,"70,942","31,888","17,198",27.5,0.6,"1,242"
Equatorial Guinea,GNQ,AFR,Upper-middle,2012,1.6,281,43.3,54.4,53.4,0.4,2.3,12.3,"4,806",,"76,513","44,516","17,309",35.2,0.7,"1,293"
Equatorial Guinea,GNQ,AFR,Upper-middle,2013,1.8,286,35.2,64.3,63.2,0.4,0.6,11.3,"2,260",,"89,406","33,736","16,304",29.3,0.6,"1,346"
Equatorial Guinea,GNQ,AFR,Upper-middle,2014,1.9,291,34.8,64.9,63.9,0.5,0.2,10.6,"1,766",,"91,698","34,717","15,549",31.6,0.7,"1,400"
Equatorial Guinea,GNQ,AFR,Upper-middle,2015,2.5,223,30.3,69.1,68.1,0.5,0.7,8.1,"2,108",,"89,772","29,186","9,069",41.6,0.7,"1,454"
Equatorial Guinea,GNQ,AFR,Upper-middle,2016,3.0,221,29.1,70.0,69.1,0.5,0.9,6.7,"2,352",,"90,686","29,432","7,453",27.8,0.9,"1,508"
Equatorial Guinea,GNQ,AFR,Upper-middle,2017,2.9,223,27.6,71.5,70.6,0.5,0.9,7.0,"2,325",,"91,592","26,801","7,809",20.1,0.8,"1,562"
Equatorial Guinea,GNQ,AFR,Upper-middle,2018,2.9,240,27.9,71.0,70.1,0.5,1.1,6.8,"2,685",,"93,639","28,163","8,230",19.1,0.8,"1,616"
Equatorial Guinea,GNQ,AFR,Upper-middle,2019,3.3,223,24.5,74.6,73.8,0.5,0.8,6.1,"2,194",,"96,452","24,164","6,804",16.8,0.8,"1,670"
Equatorial Guinea,GNQ,AFR,Upper-middle,2020,3.7,214,27.9,71.4,70.6,0.5,0.7,5.4,"1,884",,"86,758","27,700","5,764",16.2,1.0,"1,716"
Equatorial Guinea,GNQ,AFR,Upper-middle,2021,3.5,244,32.6,65.7,64.9,0.5,1.7,5.7,"3,402",,"87,737","36,400","6,946",12.7,1.1,"1,759"
Equatorial Guinea,GNQ,AFR,Upper-middle,2022,2.8,215,30.6,67.5,66.7,0.4,1.9,4.8,"3,629",,"89,612","34,570","7,589",14.8,0.9,"1,804"
Equatorial Guinea,GNQ,AFR,Upper-middle,2023,3.5,234,32.3,66.7,66.0,0.4,1.0,5.3,"2,502",,"93,528","38,216","6,678",19.2,1.1,"1,848"
Eritrea,ERI,AFR,Low,2000,5.8,14,35.6,63.8,63.8,,0.6,0.0,1,0,86,48,243,84.7,2.1,"2,247"
Eritrea,ERI,AFR,Low,2001,5.9,15,30.3,55.9,55.9,,13.8,0.0,23,0,94,51,252,59.5,1.8,"2,312"
Eritrea,ERI,AFR,Low,2002,6.7,16,31.7,46.0,46.0,,22.3,0.0,49,0,101,70,236,60.1,2.1,"2,393"
Eritrea,ERI,AFR,Low,2003,7.3,20,22.7,38.9,38.9,,38.3,0.0,105,0,107,63,270,58.1,1.7,"2,494"
Eritrea,ERI,AFR,Low,2004,7.0,23,22.2,35.1,35.1,,42.6,0.0,134,2,112,73,330,57.1,1.6,"2,598"
Eritrea,ERI,AFR,Low,2005,6.9,22,12.4,35.2,35.2,,52.3,0.0,149,28,119,70,319,76.6,0.9,"2,661"
Eritrea,ERI,AFR,Low,2006,6.9,24,11.9,34.7,34.5,,53.3,0.0,150,45,126,90,347,50.5,0.8,"2,704"
Eritrea,ERI,AFR,Low,2007,5.3,20,23.0,44.1,44.1,,32.9,0.0,59,41,133,110,372,51.2,1.2,"2,743"
Eritrea,ERI,AFR,Low,2008,6.6,22,25.0,32.6,32.6,,42.4,0.0,43,98,108,181,328,69.4,1.6,"2,816"
Eritrea,ERI,AFR,Low,2009,5.4,24,19.7,45.8,45.8,,34.5,0.0,38,92,172,165,449,44.9,1.1,"2,888"
Eritrea,ERI,AFR,Low,2010,4.8,26,20.9,48.7,48.7,,30.4,0.0,36,86,195,170,540,42.4,1.0,"2,945"
Eritrea,ERI,AFR,Low,2011,5.2,36,14.8,36.5,36.5,,48.7,0.0,39,227,199,308,689,32.2,0.8,"2,998"
Eritrea,ERI,AFR,Low,2012,3.7,28,21.1,52.6,52.6,,26.3,0.0,30,82,225,173,742,33.3,0.8,"3,037"
Eritrea,ERI,AFR,Low,2013,5.0,32,15.6,48.8,48.8,,35.6,0.0,23,151,237,227,637,32.7,0.8,"3,074"
Eritrea,ERI,AFR,Low,2014,3.9,33,13.1,51.0,51.0,,35.9,0.0,28,154,258,220,841,21.6,0.5,"3,095"
Eritrea,ERI,AFR,Low,2015,4.5,29,16.4,42.9,42.9,,40.7,0.0,19,164,193,238,648,31.1,0.7,"3,106"
Eritrea,ERI,AFR,Low,2016,3.7,26,19.6,59.0,59.0,,21.4,0.0,26,59,236,138,696,30.9,0.7,"3,125"
Eritrea,ERI,AFR,Low,2017,4.2,25,24.3,47.0,47.0,,28.8,0.0,23,86,178,178,604,42.5,1.0,"3,150"
Eritrea,ERI,AFR,Low,2018,4.2,27,14.7,50.8,50.8,,34.5,0.0,23,116,204,175,628,26.4,0.6,"3,193"
Eritrea,ERI,AFR,Low,2019,4.6,28,16.0,46.4,46.4,,37.6,0.0,66,95,199,163,612,31.3,0.7,"3,240"
Eritrea,ERI,AFR,Low,2020,4.3,28,19.5,48.6,48.6,,31.9,0.0,38,96,203,177,642,35.5,0.8,"3,291"
Eritrea,ERI,AFR,Low,2021,4.2,28,21.2,49.7,49.7,,29.1,0.0,38,83,207,172,660,37.4,0.9,"3,350"
Eritrea,ERI,AFR,Low,2022,3.9,27,23.2,54.3,54.3,,22.5,0.0,40,51,222,146,699,37.9,0.9,"3,409"
Eritrea,ERI,AFR,Low,2023,3.7,28,23.1,48.4,48.4,,28.5,0.0,39,83,207,181,768,35.8,0.8,"3,470"
Eswatini,SWZ,AFR,Lower-middle,2000,4.6,77,52.3,43.6,18.5,8.3,4.1,0.0,135,20,99,300,"1,669",24.6,2.4,"1,041"
Eswatini,SWZ,AFR,Lower-middle,2001,5.1,75,46.4,42.5,17.9,10.2,11.1,0.0,210,22,116,323,"1,467",25.7,2.4,"1,051"
Eswatini,SWZ,AFR,Lower-middle,2002,5.5,75,43.9,40.3,16.9,11.1,15.8,0.0,284,25,133,370,"1,352",26.4,2.4,"1,059"
Eswatini,SWZ,AFR,Lower-middle,2003,6.4,131,45.7,36.0,15.1,10.9,18.2,0.0,357,33,150,488,"2,060",25.6,2.9,"1,067"
Eswatini,SWZ,AFR,Lower-middle,2004,6.8,176,44.4,35.1,14.6,11.4,20.5,0.0,429,37,166,541,"2,581",31.0,3.0,"1,073"
Eswatini,SWZ,AFR,Lower-middle,2005,7.4,217,49.4,31.8,13.2,10.9,18.8,0.0,500,16,183,698,"2,945",28.9,3.6,"1,079"
Eswatini,SWZ,AFR,Lower-middle,2006,7.8,238,44.2,29.8,12.4,10.6,26.0,0.0,572,126,199,837,"3,035",27.4,3.5,"1,084"
Eswatini,SWZ,AFR,Lower-middle,2007,7.9,252,47.3,29.2,12.1,10.8,23.4,0.0,641,79,216,920,"3,181",30.3,3.8,"1,091"
Eswatini,SWZ,AFR,Lower-middle,2008,8.9,266,50.3,25.4,10.5,9.6,24.3,0.0,710,150,231,"1,254","3,000",33.4,4.5,"1,098"
Eswatini,SWZ,AFR,Lower-middle,2009,8.6,280,51.7,25.1,10.4,9.8,23.2,0.0,777,121,247,"1,345","3,240",33.5,4.5,"1,105"
Eswatini,SWZ,AFR,Lower-middle,2010,8.6,343,49.2,25.2,10.5,10.0,25.5,0.0,845,158,263,"1,394","3,993",30.7,4.2,"1,112"
Eswatini,SWZ,AFR,Lower-middle,2011,8.5,365,42.6,25.3,10.5,10.2,32.0,0.0,911,312,278,"1,443","4,312",25.3,3.6,"1,118"
Eswatini,SWZ,AFR,Lower-middle,2012,7.8,340,43.6,25.4,10.5,10.4,31.0,0.0,978,272,293,"1,491","4,348",27.0,3.4,"1,124"
Eswatini,SWZ,AFR,Lower-middle,2013,7.5,303,44.6,25.5,10.5,10.5,30.0,0.0,"1,043",232,308,"1,538","4,069",28.5,3.3,"1,130"
Eswatini,SWZ,AFR,Lower-middle,2014,7.3,282,37.8,25.5,10.6,10.7,36.7,0.0,"1,107",428,323,"1,585","3,892",32.2,2.7,"1,136"
Eswatini,SWZ,AFR,Lower-middle,2015,7.1,251,41.8,25.6,10.6,10.8,32.7,0.0,"1,171",295,338,"1,631","3,552",34.3,2.9,"1,143"
Eswatini,SWZ,AFR,Lower-middle,2016,6.8,226,41.7,25.6,10.6,10.9,32.6,0.0,"1,233",286,353,"1,676","3,320",34.6,2.8,"1,150"
Eswatini,SWZ,AFR,Lower-middle,2017,7.0,266,50.7,25.5,10.5,10.8,23.7,0.0,"1,293",0,371,"1,718","3,803",35.5,3.5,"1,158"
Eswatini,SWZ,AFR,Lower-middle,2018,7.3,292,46.4,25.9,10.1,13.6,27.7,0.0,"1,460",221,393,"2,016","3,994",35.0,3.4,"1,169"
Eswatini,SWZ,AFR,Lower-middle,2019,8.4,320,52.5,24.3,9.2,12.6,23.3,0.0,"1,552",220,426,"2,647","3,810",34.1,4.4,"1,180"
Eswatini,SWZ,AFR,Lower-middle,2020,7.1,237,49.8,29.6,11.3,15.4,20.6,0.0,"1,273",245,441,"2,190","3,339",34.0,3.5,"1,193"
Eswatini,SWZ,AFR,Lower-middle,2021,7.4,298,49.3,28.3,10.8,14.7,22.4,0.0,"1,160",599,474,"2,768","4,020",29.7,3.7,"1,207"
Eswatini,SWZ,AFR,Lower-middle,2022,7.2,285,44.8,27.3,10.3,14.1,27.9,0.0,"1,816",276,482,"2,362","3,930",30.5,3.2,"1,219"
Eswatini,SWZ,AFR,Lower-middle,2023,7.5,296,42.7,28.8,11.0,15.0,28.4,0.0,"2,006",521,602,"2,856","3,949",30.1,3.2,"1,231"
Ethiopia,ETH,AFR,Low,2000,4.4,5,41.2,42.5,36.0,0.2,16.3,0.0,9,1,16,19,121,25.6,1.8,"67,411"
Ethiopia,ETH,AFR,Low,2001,4.7,6,42.7,40.3,34.6,0.3,17.1,0.0,9,1,16,21,117,22.4,2.0,"69,488"
Ethiopia,ETH,AFR,Low,2002,4.7,5,44.2,43.1,37.5,0.5,12.7,0.0,7,1,17,21,109,24.9,2.1,"71,636"
Ethiopia,ETH,AFR,Low,2003,4.9,6,46.5,39.3,34.5,0.6,14.2,0.0,8,1,17,24,117,27.0,2.3,"73,833"
Ethiopia,ETH,AFR,Low,2004,4.3,6,30.7,39.6,34.9,0.9,29.6,0.0,11,6,17,21,133,23.1,1.3,"76,077"
Ethiopia,ETH,AFR,Low,2005,4.1,6,42.1,35.6,31.3,1.2,22.2,0.0,13,2,18,26,158,22.9,1.7,"78,367"
Ethiopia,ETH,AFR,Low,2006,4.5,8,25.1,42.5,38.8,1.0,32.4,0.0,17,9,28,28,189,22.1,1.1,"80,703"
Ethiopia,ETH,AFR,Low,2007,5.0,12,26.7,40.0,37.0,0.8,33.3,0.0,22,16,39,44,233,20.5,1.3,"83,103"
Ethiopia,ETH,AFR,Low,2008,4.3,13,12.0,41.2,38.5,0.7,46.8,0.0,28,34,48,49,305,18.8,0.5,"85,544"
Ethiopia,ETH,AFR,Low,2009,4.6,15,19.5,46.9,41.5,0.7,33.6,0.0,32,37,74,72,326,17.1,0.9,"88,008"
Ethiopia,ETH,AFR,Low,2010,5.5,16,17.3,48.3,42.3,0.6,34.4,0.0,46,48,99,88,296,18.5,0.9,"90,539"
Ethiopia,ETH,AFR,Low,2011,4.5,15,8.5,53.9,46.5,0.6,37.5,0.0,55,56,115,77,327,18.2,0.4,"93,150"
Ethiopia,ETH,AFR,Low,2012,4.5,20,23.5,48.6,42.2,0.6,27.9,0.0,60,61,149,144,441,16.6,1.1,"95,799"
Ethiopia,ETH,AFR,Low,2013,4.1,19,27.0,49.7,42.4,0.6,23.3,0.0,66,44,152,141,473,17.8,1.1,"98,439"
Ethiopia,ETH,AFR,Low,2014,4.0,22,17.7,58.8,38.5,0.5,23.4,0.0,125,27,163,135,536,17.5,0.7,"101,116"
Ethiopia,ETH,AFR,Low,2015,3.8,23,25.3,56.5,36.7,0.7,18.3,0.0,124,58,176,178,607,17.3,1.0,"103,867"
Ethiopia,ETH,AFR,Low,2016,3.6,24,25.0,54.8,35.4,0.8,20.2,0.0,123,87,187,219,676,17.9,0.9,"106,718"
Ethiopia,ETH,AFR,Low,2017,3.5,24,24.9,39.7,34.4,0.9,35.4,0.0,121,114,199,257,700,18.0,0.9,"109,666"
Ethiopia,ETH,AFR,Low,2018,3.3,24,23.2,40.7,35.5,1.0,36.1,0.0,133,134,229,283,712,16.1,0.8,"112,664"
Ethiopia,ETH,AFR,Low,2019,3.2,26,22.5,43.1,37.8,1.0,34.3,0.0,148,151,285,321,800,15.4,0.7,"115,737"
Ethiopia,ETH,AFR,Low,2020,3.5,28,28.2,37.3,33.1,1.4,34.4,0.0,218,140,327,422,812,14.5,1.0,"118,918"
Ethiopia,ETH,AFR,Low,2021,3.2,26,30.5,41.2,37.0,1.6,28.3,0.0,190,181,422,529,813,13.8,1.0,"122,139"
Ethiopia,ETH,AFR,Low,2022,2.9,27,25.3,49.4,44.6,1.9,25.3,0.0,260,162,625,516,949,12.7,0.7,"125,384"
Ethiopia,ETH,AFR,Low,2023,2.8,35,21.9,51.2,46.3,1.9,26.9,0.0,341,263,879,679,"1,241",10.8,0.6,"128,692"
Gabon,GAB,AFR,Upper-middle,2000,2.9,123,36.6,61.2,53.2,7.3,2.1,5.4,"8,355",585,"46,511","27,925","4,241",20.3,1.1,"1,276"
Gabon,GAB,AFR,Upper-middle,2001,3.2,121,40.1,58.6,50.8,7.0,1.3,6.8,"7,423",641,"45,003","30,107","3,836",27.8,1.3,"1,310"
Gabon,GAB,AFR,Upper-middle,2002,3.3,132,36.0,62.3,54.1,7.5,1.6,5.9,"8,413",598,"49,601","28,160","3,966",25.7,1.2,"1,345"
Gabon,GAB,AFR,Upper-middle,2003,3.5,167,40.6,57.8,50.1,6.9,1.6,4.6,"8,015",957,"48,428","35,699","4,711",21.2,1.4,"1,382"
Gabon,GAB,AFR,Upper-middle,2004,3.4,184,40.4,58.0,50.3,6.9,1.6,4.8,"8,637",395,"48,770","34,953","5,466",20.9,1.4,"1,422"
Gabon,GAB,AFR,Upper-middle,2005,2.9,189,36.1,59.9,52.0,7.2,4.0,5.5,"9,966","1,936","51,762","32,432","6,466",20.8,1.1,"1,463"
Gabon,GAB,AFR,Upper-middle,2006,3.1,212,38.7,59.0,51.1,7.0,2.3,5.2,"10,917",338,"56,642","37,467","6,738",21.1,1.2,"1,508"
Gabon,GAB,AFR,Upper-middle,2007,3.1,247,40.0,57.1,49.5,6.8,2.9,4.8,"11,115","1,284","58,469","42,820","8,004",19.4,1.2,"1,556"
Gabon,GAB,AFR,Upper-middle,2008,2.8,276,37.3,60.7,52.7,7.3,2.0,5.1,"11,684",595,"64,860","40,212","9,689",18.9,1.1,"1,607"
Gabon,GAB,AFR,Upper-middle,2009,3.8,278,40.8,57.7,50.1,6.9,1.5,10.2,"11,720",257,"65,384","40,175","7,343",22.6,1.5,"1,662"
Gabon,GAB,AFR,Upper-middle,2010,2.5,207,63.6,35.3,25.5,8.7,1.1,19.1,"9,976",0,"26,108","45,530","8,357",23.1,1.6,"1,720"
Gabon,GAB,AFR,Upper-middle,2011,2.6,261,62.0,36.9,27.7,6.8,1.1,21.0,"11,318",0,"34,158","50,511","10,219",22.1,1.6,"1,782"
Gabon,GAB,AFR,Upper-middle,2012,2.4,225,61.3,38.3,28.0,9.0,0.5,16.1,"11,793",123,"32,182","51,990","9,297",23.9,1.5,"1,847"
Gabon,GAB,AFR,Upper-middle,2013,2.8,261,64.2,35.5,28.6,6.0,0.4,19.8,"8,861",156,"36,900","57,429","9,198",34.7,1.8,"1,913"
Gabon,GAB,AFR,Upper-middle,2014,2.5,233,59.9,39.1,28.1,10.0,1.0,21.3,"12,652",0,"32,370","44,393","9,201",23.8,1.5,"1,978"
Gabon,GAB,AFR,Upper-middle,2015,2.7,187,58.9,40.3,25.9,13.0,0.8,24.6,"16,011",210,"28,681","37,881","7,047",22.3,1.6,"2,041"
Gabon,GAB,AFR,Upper-middle,2016,3.1,208,64.7,34.6,22.6,10.5,0.7,23.8,"14,883",155,"27,730","50,504","6,677",21.8,2.0,"2,100"
Gabon,GAB,AFR,Upper-middle,2017,2.8,192,63.3,36.1,25.2,9.4,0.6,24.4,"12,246",130,"28,115","43,545","6,922",18.1,1.8,"2,157"
Gabon,GAB,AFR,Upper-middle,2018,2.8,209,58.6,40.2,23.1,12.2,1.2,25.0,"21,125",130,"26,870","39,181","7,604",17.1,1.6,"2,212"
Gabon,GAB,AFR,Upper-middle,2019,2.8,206,60.3,39.1,23.1,11.0,0.6,24.9,"20,033",,"27,867","42,768","7,441",17.4,1.7,"2,268"
Gabon,GAB,AFR,Upper-middle,2020,3.4,227,55.1,34.1,20.4,9.7,10.7,22.7,"18,676","13,359","26,646","55,731","6,606",19.8,1.9,"2,323"
Gabon,GAB,AFR,Upper-middle,2021,2.8,228,59.3,36.8,21.6,10.3,4.0,24.4,"20,224","4,066","27,323","48,178","8,181",17.3,1.7,"2,377"
Gabon,GAB,AFR,Upper-middle,2022,2.9,243,65.2,31.2,17.9,8.5,3.6,26.9,"21,444","4,148","27,167","62,240","8,409",19.7,1.9,"2,431"
Gabon,GAB,AFR,Upper-middle,2023,3.1,253,65.7,29.9,17.3,8.2,4.4,27.1,"20,615","5,538","26,503","64,758","8,071",21.5,2.1,"2,485"
Gambia,GMB,AFR,Low,2000,10.8,75,5.6,16.0,13.7,1.0,78.4,0.0,773,,131,53,694,9.5,0.6,"1,455"
Gambia,GMB,AFR,Low,2001,8.3,56,7.4,15.9,13.4,0.9,76.7,0.0,692,,117,64,671,9.7,0.6,"1,495"
Gambia,GMB,AFR,Low,2002,6.2,36,8.7,15.9,13.1,0.9,75.4,0.0,560,,94,62,578,8.6,0.5,"1,536"
Gambia,GMB,AFR,Low,2003,5.3,28,11.1,15.5,11.7,1.3,73.4,0.0,623,,95,89,534,9.3,0.6,"1,578"
Gambia,GMB,AFR,Low,2004,5.4,32,14.4,14.8,9.8,1.6,70.8,0.0,731,,95,139,593,12.4,0.8,"1,621"
Gambia,GMB,AFR,Low,2005,5.4,33,15.2,16.3,11.5,1.5,68.6,0.0,696,,109,144,616,12.9,0.8,"1,667"
Gambia,GMB,AFR,Low,2006,5.4,33,16.3,17.8,13.0,1.5,65.9,0.0,663,,122,153,615,14.0,0.9,"1,715"
Gambia,GMB,AFR,Low,2007,5.0,36,14.3,20.1,15.1,1.6,65.7,0.0,631,,135,127,725,11.2,0.7,"1,766"
Gambia,GMB,AFR,Low,2008,4.7,40,15.6,21.7,16.4,1.8,62.7,0.0,603,,146,139,859,11.6,0.7,"1,818"
Gambia,GMB,AFR,Low,2009,4.5,35,20.3,22.5,17.0,2.0,57.3,0.0,578,,157,187,775,14.4,0.9,"1,871"
Gambia,GMB,AFR,Low,2010,4.1,33,22.3,23.6,18.0,2.2,54.1,0.0,552,,167,206,801,14.6,0.9,"1,927"
Gambia,GMB,AFR,Low,2011,4.4,31,23.9,24.4,19.2,1.9,51.8,0.0,520,,176,219,711,16.5,1.0,"1,984"
Gambia,GMB,AFR,Low,2012,4.3,30,28.3,24.5,19.4,2.0,47.2,0.0,496,,184,268,693,19.1,1.2,"2,043"
Gambia,GMB,AFR,Low,2013,3.9,26,27.7,26.3,20.9,2.2,46.0,0.0,473,,192,255,654,17.2,1.1,"2,104"
Gambia,GMB,AFR,Low,2014,3.1,17,35.8,36.2,26.8,3.1,28.0,0.0,271,,194,259,568,19.0,1.1,"2,165"
Gambia,GMB,AFR,Low,2015,3.2,20,31.4,33.6,23.4,3.0,35.0,0.0,378,,196,263,620,19.6,1.0,"2,225"
Gambia,GMB,AFR,Low,2016,3.2,21,40.4,32.9,30.5,1.0,26.7,0.0,262,,275,364,650,19.4,1.3,"2,284"
Gambia,GMB,AFR,Low,2017,3.4,22,31.6,31.7,26.7,3.6,36.7,0.0,419,,268,318,643,23.6,1.1,"2,342"
Gambia,GMB,AFR,Low,2018,3.2,22,32.9,27.7,20.2,1.7,39.4,0.0,501,,216,351,696,19.0,1.0,"2,400"
Gambia,GMB,AFR,Low,2019,3.1,23,40.9,31.8,20.3,1.7,27.2,0.0,451,,236,476,738,23.9,1.3,"2,457"
Gambia,GMB,AFR,Low,2020,4.0,29,48.6,27.8,24.9,0.9,23.6,0.0,395,,370,724,720,25.3,2.0,"2,516"
Gambia,GMB,AFR,Low,2021,3.7,30,34.4,30.7,27.6,1.0,34.9,0.0,583,,423,527,795,21.5,1.3,"2,576"
Gambia,GMB,AFR,Low,2022,3.5,30,43.6,32.7,29.4,1.0,23.6,0.0,438,,478,709,836,22.6,1.5,"2,636"
Gambia,GMB,AFR,Low,2023,2.9,26,44.9,37.6,33.8,1.2,17.4,0.0,335,,531,707,890,23.8,1.3,"2,698"
Ghana,GHA,AFR,Lower-middle,2000,1.7,10,43.9,53.5,38.0,,2.5,0.0,1,0,2,3,629,12.0,0.7,"19,637"
Ghana,GHA,AFR,Lower-middle,2001,1.9,12,45.0,47.4,33.6,,7.6,0.0,2,0,3,4,650,13.8,0.8,"20,167"
Ghana,GHA,AFR,Lower-middle,2002,1.9,14,33.4,45.2,32.0,,21.4,0.0,2,2,4,5,735,10.7,0.7,"20,729"
Ghana,GHA,AFR,Lower-middle,2003,2.1,19,43.9,40.7,36.0,,15.4,0.0,3,0,6,8,882,12.1,0.9,"21,297"
Ghana,GHA,AFR,Lower-middle,2004,2.4,24,40.1,36.7,32.4,,23.2,0.0,5,1,7,9,995,13.7,1.0,"21,868"
Ghana,GHA,AFR,Lower-middle,2005,3.3,39,53.7,26.6,23.5,,19.7,20.4,7,1,8,12,"1,177",12.9,1.8,"22,449"
Ghana,GHA,AFR,Lower-middle,2006,3.7,49,45.0,37.9,35.2,,17.1,11.3,7,2,16,17,"1,344",14.4,1.7,"23,041"
Ghana,GHA,AFR,Lower-middle,2007,3.7,57,44.1,42.3,39.6,,13.6,13.2,5,4,21,20,"1,546",16.8,1.6,"23,642"
Ghana,GHA,AFR,Lower-middle,2008,3.7,63,44.1,43.8,41.1,,12.1,15.8,4,6,27,25,"1,703",16.6,1.6,"24,250"
Ghana,GHA,AFR,Lower-middle,2009,4.2,62,49.0,37.3,34.9,,13.7,19.6,4,10,31,36,"1,495",16.6,2.0,"24,863"
Ghana,GHA,AFR,Lower-middle,2010,4.5,81,50.0,36.5,34.3,,13.5,18.1,9,9,40,46,"1,784",19.0,2.3,"25,475"
Ghana,GHA,AFR,Lower-middle,2011,4.5,92,52.7,35.3,33.0,,12.0,21.0,8,11,46,56,"2,055",19.5,2.4,"26,095"
Ghana,GHA,AFR,Lower-middle,2012,3.9,82,50.3,41.0,36.9,1.7,8.6,14.8,7,12,55,65,"2,086",22.1,2.0,"26,734"
Ghana,GHA,AFR,Lower-middle,2013,4.6,105,40.5,43.0,38.9,0.5,16.6,13.7,13,14,81,68,"2,294",21.6,1.9,"27,386"
Ghana,GHA,AFR,Lower-middle,2014,4.0,78,35.1,49.2,45.1,0.2,15.7,8.7,9,36,102,90,"1,954",21.0,1.4,"28,042"
Ghana,GHA,AFR,Lower-middle,2015,4.5,78,35.1,40.0,35.8,0.8,24.9,9.1,29,49,104,124,"1,722",18.6,1.6,"28,696"
Ghana,GHA,AFR,Lower-middle,2016,3.4,65,38.4,48.8,37.8,1.7,12.8,11.0,45,13,96,82,"1,913",19.9,1.3,"29,357"
Ghana,GHA,AFR,Lower-middle,2017,2.7,54,60.7,24.7,22.7,1.4,14.7,14.0,23,17,53,126,"2,013",17.6,1.6,"30,008"
Ghana,GHA,AFR,Lower-middle,2018,2.4,53,56.4,35.7,33.5,1.7,7.9,13.8,14,11,82,115,"2,197",20.9,1.4,"30,638"
Ghana,GHA,AFR,Lower-middle,2019,3.3,71,60.6,30.7,29.0,1.2,8.7,15.0,28,11,108,180,"2,186",22.5,2.0,"31,259"
Ghana,GHA,AFR,Lower-middle,2020,4.4,97,57.0,25.0,23.8,0.8,18.0,9.4,94,10,129,270,"2,197",31.5,2.5,"31,888"
Ghana,GHA,AFR,Lower-middle,2021,3.9,94,54.4,30.8,26.5,2.9,14.8,10.6,93,12,145,252,"2,446",27.2,2.1,"32,519"
Ghana,GHA,AFR,Lower-middle,2022,3.7,82,55.4,28.8,25.0,2.4,15.8,21.1,113,20,170,254,"2,240",27.5,2.0,"33,149"
Ghana,GHA,AFR,Lower-middle,2023,2.9,70,63.2,28.2,26.7,1.1,8.5,22.7,70,8,207,322,"2,384",18.5,1.9,"33,788"
Guinea,GIN,AFR,Lower-middle,2000,4.7,23,6.4,65.7,65.4,0.3,27.9,0.3,"1,948","9,272","25,943","11,661",479,12.6,0.3,"8,429"
Guinea,GIN,AFR,Lower-middle,2001,4.9,22,7.6,63.8,63.4,0.3,28.6,0.4,"2,131","10,178","26,926","13,240",446,14.9,0.4,"8,540"
Guinea,GIN,AFR,Lower-middle,2002,5.4,25,12.0,59.7,59.4,0.3,28.3,0.3,"2,425","11,634","29,155","17,342",464,14.4,0.6,"8,674"
Guinea,GIN,AFR,Lower-middle,2003,4.8,26,8.8,62.9,62.5,0.3,28.3,0.3,"2,504","12,037","31,782","16,391",536,14.7,0.4,"8,871"
Guinea,GIN,AFR,Lower-middle,2004,4.8,26,5.1,69.8,69.5,0.3,25.1,0.4,"2,622","12,453","41,198","15,233",553,13.0,0.2,"9,063"
Guinea,GIN,AFR,Lower-middle,2005,4.0,20,6.5,70.5,70.2,0.3,23.0,0.2,"2,943","13,806","50,271","18,307",487,11.0,0.3,"9,246"
Guinea,GIN,AFR,Lower-middle,2006,3.6,16,6.9,71.6,70.8,0.6,21.6,0.3,"3,549","15,022","58,916","20,483",447,13.2,0.2,"9,441"
Guinea,GIN,AFR,Lower-middle,2007,3.5,23,6.9,72.7,71.9,0.7,20.4,0.3,"3,925","16,237","68,313","22,488",650,8.7,0.2,"9,662"
Guinea,GIN,AFR,Lower-middle,2008,3.3,23,8.3,71.8,70.9,0.7,20.0,1.0,"4,300","17,685","75,007","25,379",704,10.1,0.3,"9,899"
Guinea,GIN,AFR,Lower-middle,2009,3.6,24,7.3,73.3,72.5,0.6,19.5,1.5,"4,497","18,544","82,545","25,102",662,16.2,0.3,"10,144"
Guinea,GIN,AFR,Lower-middle,2010,3.4,23,10.6,70.0,69.3,0.6,19.4,1.8,"4,996","21,036","89,660","32,373",659,20.5,0.4,"10,396"
Guinea,GIN,AFR,Lower-middle,2011,3.8,24,13.5,60.6,60.0,0.5,25.9,3.3,"6,251","36,395","96,364","52,777",637,16.0,0.5,"10,657"
Guinea,GIN,AFR,Lower-middle,2012,3.5,24,14.7,63.3,62.4,0.8,22.0,3.4,"6,749","31,203","103,311","49,826",676,19.6,0.5,"10,922"
Guinea,GIN,AFR,Lower-middle,2013,3.5,26,14.1,63.3,61.9,1.3,22.6,2.9,"8,125","34,791","110,770","54,783",748,18.6,0.5,"11,192"
Guinea,GIN,AFR,Lower-middle,2014,4.8,37,12.8,68.7,58.4,0.7,18.5,1.8,"27,235","43,273","149,962","71,436",765,20.1,0.6,"11,473"
Guinea,GIN,AFR,Lower-middle,2015,5.8,43,7.4,69.1,49.4,0.5,23.5,1.5,"69,154","69,131","160,389","88,207",747,21.7,0.4,"11,767"
Guinea,GIN,AFR,Lower-middle,2016,5.4,38,12.3,60.5,49.8,0.6,27.2,1.4,"37,923","91,347","171,480","128,894",712,16.1,0.7,"12,073"
Guinea,GIN,AFR,Lower-middle,2017,3.9,33,15.3,75.2,64.6,0.2,9.5,1.7,"33,248","19,799","191,603","61,289",834,17.3,0.6,"12,386"
Guinea,GIN,AFR,Lower-middle,2018,3.7,35,16.5,72.7,67.1,0.3,10.8,1.5,"17,532","31,182","211,010","78,386",933,15.9,0.6,"12,705"
Guinea,GIN,AFR,Lower-middle,2019,4.1,42,22.5,66.7,59.2,0.3,10.8,1.2,"28,907","39,283","229,327","121,850","1,031",14.9,0.9,"13,034"
Guinea,GIN,AFR,Lower-middle,2020,3.9,41,19.9,67.8,57.2,1.0,12.3,0.6,"59,434","30,604","224,775","106,510","1,054",17.1,0.8,"13,371"
Guinea,GIN,AFR,Lower-middle,2021,3.7,44,18.3,59.0,53.5,0.8,22.7,0.4,"54,946","64,779","230,998","142,221","1,186",15.1,0.7,"13,711"
Guinea,GIN,AFR,Lower-middle,2022,3.8,53,19.0,59.6,54.1,0.8,21.4,0.4,"85,088","39,783","251,276","126,409","1,390",14.2,0.7,"14,055"
Guinea,GIN,AFR,Lower-middle,2023,3.7,59,21.8,60.0,54.4,0.8,18.1,0.4,"73,900","46,008","274,753","154,162","1,606",15.8,0.8,"14,405"
Guinea-Bissau,GNB,AFR,Low,2000,4.2,13,14.2,67.8,60.7,,18.0,,705,"1,665","5,725","3,001",317,23.5,0.6,"1,235"
Guinea-Bissau,GNB,AFR,Low,2001,4.1,14,11.7,70.9,63.5,,17.4,,"2,238",224,"6,278","1,377",327,19.1,0.5,"1,261"
Guinea-Bissau,GNB,AFR,Low,2002,3.9,14,9.2,64.1,57.4,,26.7,,"3,206",48,"5,582",939,362,14.1,0.4,"1,289"
Guinea-Bissau,GNB,AFR,Low,2003,3.5,15,12.3,64.3,57.5,,23.4,,"2,554",19,"4,905","1,066",420,17.0,0.4,"1,319"
Guinea-Bissau,GNB,AFR,Low,2004,4.3,18,13.6,60.2,53.9,,26.2,,"3,137",24,"5,236","1,343",431,23.0,0.6,"1,350"
Guinea-Bissau,GNB,AFR,Low,2005,4.5,21,11.2,59.2,53.0,,29.5,,"3,693",267,"5,869","1,510",463,20.2,0.5,"1,382"
Guinea-Bissau,GNB,AFR,Low,2006,5.1,23,9.8,57.4,51.4,,32.7,,"3,293","1,321","6,113","2,493",449,19.8,0.5,"1,415"
Guinea-Bissau,GNB,AFR,Low,2007,4.9,26,12.1,53.7,48.1,,34.1,,"2,509","2,360","5,884","3,845",519,23.7,0.6,"1,451"
Guinea-Bissau,GNB,AFR,Low,2008,5.4,34,10.3,53.3,47.7,,36.5,,"2,556","3,877","7,282","5,445",640,21.8,0.5,"1,488"
Guinea-Bissau,GNB,AFR,Low,2009,4.6,27,11.3,59.2,53.0,,29.5,,"3,008","1,508","6,704","2,934",583,20.6,0.5,"1,526"
Guinea-Bissau,GNB,AFR,Low,2010,4.9,29,9.6,53.7,48.0,,36.7,,"2,534","3,591","6,951","4,981",600,18.5,0.5,"1,566"
Guinea-Bissau,GNB,AFR,Low,2011,6.2,45,7.0,40.0,35.8,,52.9,,"3,820","8,226","7,551","9,708",720,17.3,0.4,"1,608"
Guinea-Bissau,GNB,AFR,Low,2012,5.9,38,8.5,63.3,58.7,,28.2,,"3,978","2,340","11,321","3,976",635,13.0,0.5,"1,651"
Guinea-Bissau,GNB,AFR,Low,2013,7.0,46,7.8,68.1,64.3,,24.1,,"5,326","1,004","14,637","2,786",654,12.4,0.6,"1,696"
Guinea-Bissau,GNB,AFR,Low,2014,10.0,65,6.0,57.9,55.4,,36.1,,"7,568","4,829","17,776","6,750",652,23.0,0.6,"1,741"
Guinea-Bissau,GNB,AFR,Low,2015,8.1,52,6.6,69.9,66.9,,23.5,,"6,107","2,101","20,755","4,152",645,21.5,0.5,"1,786"
Guinea-Bissau,GNB,AFR,Low,2016,8.3,57,5.8,67.5,64.6,0.0,26.7,,"8,159","1,770","21,665","3,722",680,20.5,0.5,"1,832"
Guinea-Bissau,GNB,AFR,Low,2017,7.0,55,7.1,71.7,68.4,0.0,21.2,,"6,323","1,465","21,778","3,732",783,18.1,0.5,"1,877"
Guinea-Bissau,GNB,AFR,Low,2018,7.3,59,6.9,70.1,67.0,0.0,22.9,,"1,419","7,108","21,905","9,378",809,19.5,0.5,"1,922"
Guinea-Bissau,GNB,AFR,Low,2019,7.1,54,6.4,73.0,69.6,0.0,20.6,,"1,464","6,113","22,022","8,144",755,18.8,0.5,"1,968"
Guinea-Bissau,GNB,AFR,Low,2020,9.0,68,13.4,59.1,56.6,0.0,27.6,,"1,550","10,174","22,132","15,393",755,25.0,1.2,"2,013"
Guinea-Bissau,GNB,AFR,Low,2021,8.4,70,13.6,63.6,61.0,0.0,22.8,,"2,352","7,550","23,754","12,829",836,25.0,1.1,"2,059"
Guinea-Bissau,GNB,AFR,Low,2022,8.3,68,12.5,69.1,66.3,0.0,18.4,,"4,248","4,780","28,112","10,063",816,21.3,1.0,"2,106"
Guinea-Bissau,GNB,AFR,Low,2023,8.8,82,10.6,64.2,61.6,0.0,25.1,,"6,320","7,533","30,669","12,832",931,21.9,0.9,"2,153"
Kenya,KEN,AFR,Lower-middle,2000,3.6,22,27.6,58.5,47.3,4.1,13.9,3.8,236,176,776,565,594,14.1,1.0,"30,643"
Kenya,KEN,AFR,Lower-middle,2001,3.7,22,28.3,57.4,46.4,4.0,14.3,3.9,251,188,806,612,591,14.9,1.1,"31,619"
Kenya,KEN,AFR,Lower-middle,2002,3.8,22,29.0,55.2,44.6,3.9,15.8,4.0,271,192,783,630,583,15.7,1.1,"32,630"
Kenya,KEN,AFR,Lower-middle,2003,4.0,26,27.9,55.3,45.3,4.0,16.8,3.7,340,183,882,654,636,16.0,1.1,"33,652"
Kenya,KEN,AFR,Lower-middle,2004,4.2,28,25.6,53.9,44.5,4.0,20.5,3.3,465,189,973,679,657,15.4,1.1,"34,713"
Kenya,KEN,AFR,Lower-middle,2005,4.2,31,26.6,54.5,45.2,4.1,18.9,3.0,509,151,"1,059",702,735,16.2,1.1,"35,796"
Kenya,KEN,AFR,Lower-middle,2006,5.0,40,23.5,47.5,39.2,3.6,29.0,2.5,973,111,"1,139",723,804,17.3,1.2,"36,904"
Kenya,KEN,AFR,Lower-middle,2007,5.1,49,24.8,46.2,36.5,4.8,29.0,3.3,"1,157",132,"1,213",848,965,18.1,1.3,"38,036"
Kenya,KEN,AFR,Lower-middle,2008,5.2,54,26.1,44.8,34.1,5.6,29.0,3.9,"1,366",129,"1,282",965,"1,047",18.9,1.4,"39,206"
Kenya,KEN,AFR,Lower-middle,2009,5.3,55,27.6,42.8,31.4,6.0,29.6,4.2,"1,688",72,"1,346","1,075","1,048",20.3,1.5,"40,409"
Kenya,KEN,AFR,Lower-middle,2010,5.4,59,29.0,42.2,30.2,6.5,28.8,4.6,"1,862",111,"1,406","1,179","1,092",21.5,1.6,"41,599"
Kenya,KEN,AFR,Lower-middle,2011,5.2,57,30.9,42.8,31.0,7.4,26.3,4.5,"1,814",119,"1,568","1,452","1,096",20.1,1.6,"42,758"
Kenya,KEN,AFR,Lower-middle,2012,5.0,64,32.4,43.3,31.6,8.1,24.3,4.5,"1,768",193,"1,723","1,712","1,285",22.1,1.6,"43,888"
Kenya,KEN,AFR,Lower-middle,2013,4.9,68,33.7,43.7,32.1,8.7,22.6,4.5,"1,727",288,"1,871","1,961","1,371",23.2,1.7,"44,987"
Kenya,KEN,AFR,Lower-middle,2014,4.9,73,37.4,42.6,29.2,9.5,20.0,5.9,"1,796",342,"1,872","2,360","1,483",23.4,1.8,"46,051"
Kenya,KEN,AFR,Lower-middle,2015,4.8,71,40.4,41.7,26.9,10.1,17.9,7.0,"1,862",417,"1,874","2,743","1,489",23.8,1.9,"47,089"
Kenya,KEN,AFR,Lower-middle,2016,4.8,74,42.8,41.0,25.0,10.7,16.2,7.9,"1,926",489,"1,875","3,108","1,554",25.4,2.0,"48,140"
Kenya,KEN,AFR,Lower-middle,2017,4.0,66,42.9,36.0,23.3,12.1,21.1,10.3,"2,208",244,"1,600","2,357","1,667",25.2,1.7,"49,198"
Kenya,KEN,AFR,Lower-middle,2018,4.1,75,43.1,34.7,23.4,8.8,22.2,12.4,"2,129",427,"1,782","2,767","1,836",24.5,1.8,"50,207"
Kenya,KEN,AFR,Lower-middle,2019,4.4,86,46.0,35.5,24.3,9.8,18.5,13.8,"2,473",256,"2,123","2,934","1,960",24.4,2.0,"51,203"
Kenya,KEN,AFR,Lower-middle,2020,4.5,87,49.2,33.6,23.3,9.4,17.2,14.7,"2,036",646,"2,151","3,677","1,927",24.8,2.2,"52,217"
Kenya,KEN,AFR,Lower-middle,2021,4.6,94,48.8,32.7,22.7,9.1,18.5,14.5,"2,054","1,063","2,340","4,434","2,061",24.0,2.2,"53,219"
Kenya,KEN,AFR,Lower-middle,2022,4.3,91,46.4,34.6,24.0,9.7,19.0,13.9,"2,515",835,"2,580","4,162","2,110",23.2,2.0,"54,252"
Kenya,KEN,AFR,Lower-middle,2023,4.4,85,44.9,35.0,24.2,9.8,20.1,13.4,"2,937",904,"2,881","4,467","1,952",22.6,2.0,"55,339"
Lesotho,LSO,AFR,Lower-middle,2000,5.2,24,56.4,39.7,39.7,,3.9,0.0,1,6,65,98,460,39.3,2.9,"2,004"
Lesotho,LSO,AFR,Lower-middle,2001,6.6,28,54.7,38.5,28.4,,6.8,0.0,27,14,69,147,428,41.4,3.6,"2,001"
Lesotho,LSO,AFR,Lower-middle,2002,5.9,23,54.3,37.8,30.1,,7.8,0.0,33,5,74,138,396,41.2,3.2,"1,995"
Lesotho,LSO,AFR,Lower-middle,2003,5.3,32,58.9,32.5,32.5,,8.6,0.0,14,6,79,149,600,39.8,3.1,"1,985"
Lesotho,LSO,AFR,Lower-middle,2004,5.2,41,57.0,31.5,31.5,,11.5,0.0,23,8,84,159,785,36.3,3.0,"1,971"
Lesotho,LSO,AFR,Lower-middle,2005,4.7,42,48.3,34.4,34.4,,17.4,0.0,26,20,91,147,891,37.6,2.3,"1,953"
Lesotho,LSO,AFR,Lower-middle,2006,5.4,50,56.4,30.0,30.0,,13.6,0.0,28,18,101,208,919,43.2,3.0,"1,945"
Lesotho,LSO,AFR,Lower-middle,2007,7.2,66,64.2,24.1,24.1,,11.7,0.0,30,25,112,323,911,48.1,4.6,"1,953"
Lesotho,LSO,AFR,Lower-middle,2008,7.7,69,57.0,22.0,22.0,,21.0,0.0,30,90,126,415,901,54.1,4.4,"1,967"
Lesotho,LSO,AFR,Lower-middle,2009,9.0,81,54.3,19.7,19.7,,25.9,0.0,39,138,135,510,903,66.4,4.9,"1,981"
Lesotho,LSO,AFR,Lower-middle,2010,7.4,86,53.8,23.5,23.5,,22.8,0.0,41,102,148,440,"1,160",55.3,4.0,"1,996"
Lesotho,LSO,AFR,Lower-middle,2011,9.0,118,54.8,18.8,18.8,,26.3,0.0,53,172,161,640,"1,308",60.2,4.9,"2,014"
Lesotho,LSO,AFR,Lower-middle,2012,10.0,125,56.3,16.9,16.9,,26.8,0.0,103,172,174,752,"1,256",58.1,5.6,"2,034"
Lesotho,LSO,AFR,Lower-middle,2013,11.0,131,55.7,13.9,13.9,,30.3,0.0,146,239,177,946,"1,196",58.4,6.1,"2,057"
Lesotho,LSO,AFR,Lower-middle,2014,10.0,121,58.1,14.2,14.2,,27.7,0.0,142,222,187,987,"1,214",50.1,5.8,"2,080"
Lesotho,LSO,AFR,Lower-middle,2015,9.3,105,60.7,15.6,15.6,,23.7,0.0,159,157,208,967,"1,130",51.7,5.6,"2,105"
Lesotho,LSO,AFR,Lower-middle,2016,9.2,91,60.8,15.8,15.8,,23.3,0.0,153,160,212,974,990,54.1,5.6,"2,130"
Lesotho,LSO,AFR,Lower-middle,2017,10.5,115,57.4,15.8,15.8,,26.9,0.0,217,196,243,"1,078","1,096",50.4,6.0,"2,157"
Lesotho,LSO,AFR,Lower-middle,2018,11.1,131,50.3,14.5,14.5,,35.2,0.0,284,327,251,"1,198","1,177",51.9,5.6,"2,184"
Lesotho,LSO,AFR,Lower-middle,2019,21.9,236,30.8,7.3,7.3,,61.9,0.0,"1,390",720,249,"1,770","1,076",53.6,6.8,"2,209"
Lesotho,LSO,AFR,Lower-middle,2020,10.4,97,46.8,16.0,16.0,,37.2,0.0,379,214,255,960,930,54.4,4.9,"2,236"
Lesotho,LSO,AFR,Lower-middle,2021,10.7,116,41.1,14.7,14.7,,44.2,0.0,259,498,251,"1,202","1,086",53.8,4.4,"2,262"
Lesotho,LSO,AFR,Lower-middle,2022,12.9,133,50.8,12.8,12.8,,36.5,0.0,483,312,278,"1,420","1,034",50.8,6.6,"2,286"
Lesotho,LSO,AFR,Lower-middle,2023,12.6,123,46.3,13.2,13.2,,40.5,0.0,501,415,299,"1,463",972,49.4,5.8,"2,311"
Liberia,LBR,AFR,Low,2000,2.7,8,24.0,76.0,69.6,0.5,0.0,0.0,21,,226,78,295,15.2,0.6,"2,928"
Liberia,LBR,AFR,Low,2001,2.2,6,24.7,65.2,57.3,0.5,10.1,0.0,57,,180,77,300,12.5,0.5,"3,015"
Liberia,LBR,AFR,Low,2002,2.2,7,26.1,61.5,53.6,0.6,12.5,0.0,83,,218,106,305,13.3,0.6,"3,095"
Liberia,LBR,AFR,Low,2003,2.5,6,16.6,63.8,57.2,0.4,19.6,0.0,90,0,196,57,229,9.8,0.4,"3,120"
Liberia,LBR,AFR,Low,2004,5.9,17,8.8,76.4,73.5,0.2,14.9,0.0,164,0,677,81,284,12.2,0.5,"3,157"
Liberia,LBR,AFR,Low,2005,6.7,19,8.1,69.6,67.1,0.2,22.2,0.0,268,2,733,91,286,12.8,0.5,"3,301"
Liberia,LBR,AFR,Low,2006,5.8,18,8.2,67.4,64.5,0.2,24.4,0.0,286,4,687,91,318,11.1,0.5,"3,491"
Liberia,LBR,AFR,Low,2007,4.3,16,17.0,46.3,42.2,0.4,36.8,0.0,393,4,410,169,366,17.3,0.7,"3,669"
Liberia,LBR,AFR,Low,2008,6.0,26,15.3,37.8,34.8,0.3,46.9,0.0,538,290,579,545,439,21.6,0.9,"3,821"
Liberia,LBR,AFR,Low,2009,9.0,40,13.3,43.5,39.7,1.9,43.2,0.0,832,458,"1,091",824,448,23.7,1.2,"3,943"
Liberia,LBR,AFR,Low,2010,8.4,41,15.1,46.3,42.7,2.2,38.6,0.0,902,329,"1,246",770,484,25.2,1.3,"4,059"
Liberia,LBR,AFR,Low,2011,8.6,48,17.7,43.9,40.3,2.6,38.5,0.0,923,521,"1,385","1,129",554,30.1,1.5,"4,221"
Liberia,LBR,AFR,Low,2012,7.6,47,20.3,45.7,41.8,3.0,34.0,0.0,965,265,"1,434",962,612,30.7,1.6,"4,373"
Liberia,LBR,AFR,Low,2013,7.2,49,4.4,44.0,40.1,3.0,51.6,0.0,822,988,"1,514","1,156",681,27.4,0.3,"4,470"
Liberia,LBR,AFR,Low,2014,8.1,55,10.2,48.1,44.8,2.6,41.7,0.0,"1,102",971,"2,058","1,439",677,33.5,0.8,"4,564"
Liberia,LBR,AFR,Low,2015,10.4,69,11.6,53.3,45.3,7.4,35.1,0.0,"1,609",950,"2,690","1,639",664,37.1,1.2,"4,659"
Liberia,LBR,AFR,Low,2016,9.9,68,14.1,55.3,46.8,7.7,30.7,0.0,"1,511",929,"2,988","1,830",685,35.7,1.4,"4,756"
Liberia,LBR,AFR,Low,2017,9.9,68,14.0,52.2,44.1,7.2,33.8,0.0,"2,299",905,"3,375","1,976",685,35.1,1.4,"4,849"
Liberia,LBR,AFR,Low,2018,10.4,69,16.2,50.1,42.4,7.0,33.7,0.0,"2,786","1,328","4,204","2,933",660,32.7,1.7,"4,945"
Liberia,LBR,AFR,Low,2019,8.4,51,16.2,59.2,54.7,3.5,24.7,0.0,"2,208",573,"5,218","2,118",611,32.3,1.4,"5,044"
Liberia,LBR,AFR,Low,2020,12.9,76,10.3,71.7,63.2,2.6,18.1,0.0,"2,818",776,"9,215","2,271",590,35.3,1.3,"5,149"
Liberia,LBR,AFR,Low,2021,13.3,89,8.4,69.9,61.7,2.5,21.7,0.0,"3,019","1,388","9,074","2,620",667,29.8,1.1,"5,259"
Liberia,LBR,AFR,Low,2022,13.6,100,9.5,70.6,62.3,2.5,19.9,0.0,"3,169","1,169","9,573","2,628",740,26.9,1.3,"5,373"
Liberia,LBR,AFR,Low,2023,13.0,104,10.0,71.7,63.2,2.6,18.3,0.0,"3,668","1,198","11,500","3,017",799,27.2,1.3,"5,493"
Madagascar,MDG,AFR,Low,2000,4.0,11,46.2,52.0,43.3,3.0,1.7,0.0,"1,421",161,"6,559","7,163",280,15.3,1.8,"16,516"
Madagascar,MDG,AFR,Low,2001,4.1,13,44.5,47.0,38.8,2.6,8.5,0.0,"2,244",644,"6,713","8,356",319,15.3,1.8,"17,033"
Madagascar,MDG,AFR,Low,2002,4.9,15,35.4,44.8,37.6,2.6,19.8,0.0,"4,921",619,"7,717","7,899",305,12.4,1.7,"17,550"
Madagascar,MDG,AFR,Low,2003,5.0,18,43.4,46.6,34.5,2.4,10.0,0.0,"4,294",521,"7,543","10,009",353,16.6,2.2,"18,072"
Madagascar,MDG,AFR,Low,2004,5.3,14,41.4,37.0,30.6,2.1,21.6,0.0,"6,551",936,"8,169","11,992",272,21.7,2.2,"18,607"
Madagascar,MDG,AFR,Low,2005,5.2,16,37.1,39.7,33.0,2.3,23.2,0.0,"7,546","2,001","10,551","13,851",306,18.4,1.9,"19,160"
Madagascar,MDG,AFR,Low,2006,5.1,16,37.3,38.3,31.7,2.2,24.3,0.0,"8,481","2,445","11,149","15,591",324,18.5,1.9,"19,731"
Madagascar,MDG,AFR,Low,2007,4.6,19,41.3,42.5,32.7,2.2,16.2,0.0,"7,181","2,248","11,832","17,220",420,16.1,1.9,"20,319"
Madagascar,MDG,AFR,Low,2008,4.1,21,34.6,45.3,37.2,2.5,20.1,0.0,"5,324","4,772","13,290","17,123",513,15.7,1.4,"20,924"
Madagascar,MDG,AFR,Low,2009,4.4,20,29.8,45.5,37.7,2.6,24.8,0.0,"6,851","5,615","14,415","17,016",446,12.5,1.3,"21,547"
Madagascar,MDG,AFR,Low,2010,4.7,21,39.8,44.4,36.2,2.5,15.8,0.0,"8,284","2,358","15,972","19,925",450,12.3,1.9,"22,183"
Madagascar,MDG,AFR,Low,2011,4.5,23,37.1,36.8,28.0,2.5,26.1,0.0,"14,626","1,555","12,965","18,757",506,12.0,1.7,"22,822"
Madagascar,MDG,AFR,Low,2012,3.9,19,38.1,42.7,32.5,3.0,19.2,0.0,"10,951","1,513","13,764","17,651",494,11.5,1.5,"23,462"
Madagascar,MDG,AFR,Low,2013,3.8,19,34.8,44.9,35.6,3.2,20.3,0.0,"10,882","1,766","15,183","16,599",515,12.7,1.3,"24,109"
Madagascar,MDG,AFR,Low,2014,4.5,23,39.2,35.9,28.2,2.6,25.0,0.0,"15,599","2,197","15,349","23,545",506,12.6,1.7,"24,764"
Madagascar,MDG,AFR,Low,2015,5.0,22,39.8,32.0,25.2,2.3,28.2,0.0,"17,626","5,313","16,463","31,310",445,13.0,2.0,"25,427"
Madagascar,MDG,AFR,Low,2016,5.3,24,44.5,29.5,23.1,2.1,26.1,0.0,"19,957","5,005","17,731","39,209",454,13.5,2.4,"26,100"
Madagascar,MDG,AFR,Low,2017,4.8,24,46.8,30.3,25.6,2.3,22.9,0.0,"15,305","5,004","18,868","39,431",492,14.9,2.2,"26,788"
Madagascar,MDG,AFR,Low,2018,4.2,21,35.5,34.7,29.3,2.7,29.9,,"19,451","5,362","20,663","30,341",500,14.4,1.5,"27,495"
Madagascar,MDG,AFR,Low,2019,3.1,16,22.0,39.8,34.2,0.6,38.2,0.2,"15,667","7,312","19,196","19,569",500,15.4,0.7,"28,220"
Madagascar,MDG,AFR,Low,2020,3.7,17,18.5,35.9,30.9,0.9,45.6,0.2,"16,297","12,163","19,667","23,836",451,16.4,0.7,"28,954"
Madagascar,MDG,AFR,Low,2021,3.6,17,21.0,38.5,32.7,1.3,40.5,0.2,"10,438","17,429","21,523","31,139",483,13.9,0.7,"29,691"
Madagascar,MDG,AFR,Low,2022,3.1,16,28.4,36.6,30.4,1.2,35.0,0.3,"20,544","6,177","19,759","24,485",504,16.2,0.9,"30,437"
Madagascar,MDG,AFR,Low,2023,3.4,17,28.8,33.0,27.4,1.1,38.1,0.3,"22,996","10,809","21,184","32,869",509,17.9,1.0,"31,196"
Malawi,MWI,AFR,Low,2000,2.4,9,43.2,19.9,16.8,3.2,36.9,0.0,101,27,88,254,376,14.4,1.0,"11,316"
Malawi,MWI,AFR,Low,2001,2.1,7,40.6,22.1,18.5,3.5,37.3,0.0,114,11,99,229,360,11.9,0.8,"11,593"
Malawi,MWI,AFR,Low,2002,2.7,11,36.1,17.8,15.0,2.8,46.0,0.0,147,184,128,494,414,13.8,1.0,"11,880"
Malawi,MWI,AFR,Low,2003,3.3,12,35.4,18.7,12.1,2.3,45.9,0.0,166,366,145,761,371,15.4,1.2,"12,182"
Malawi,MWI,AFR,Low,2004,4.1,16,21.1,12.9,9.7,3.2,66.1,0.0,321,594,168,960,392,17.2,0.9,"12,501"
Malawi,MWI,AFR,Low,2005,4.3,17,24.5,13.1,9.1,4.0,62.5,0.0,467,635,186,"1,319",401,17.4,1.1,"12,840"
Malawi,MWI,AFR,Low,2006,4.9,21,19.2,18.2,8.9,3.7,62.6,0.0,606,852,254,"1,410",427,17.8,0.9,"13,199"
Malawi,MWI,AFR,Low,2007,5.4,25,13.5,21.2,11.7,2.9,65.3,0.0,"1,431","1,249",410,"1,661",460,20.7,0.7,"13,576"
Malawi,MWI,AFR,Low,2008,6.1,33,22.4,20.4,10.4,3.0,57.2,0.0,"1,501","1,682",477,"2,622",536,20.6,1.4,"13,976"
Malawi,MWI,AFR,Low,2009,5.9,36,18.0,19.9,11.2,3.3,62.1,0.0,"1,405","2,238",564,"3,051",606,20.2,1.1,"14,396"
Malawi,MWI,AFR,Low,2010,5.1,34,22.0,15.2,10.9,4.3,62.8,0.0,"2,128","1,722",559,"2,428",661,19.6,1.1,"14,826"
Malawi,MWI,AFR,Low,2011,5.3,39,21.7,13.9,9.0,5.0,64.4,0.0,"2,746","1,967",551,"2,853",738,17.0,1.2,"15,265"
Malawi,MWI,AFR,Low,2012,6.0,33,15.9,13.3,10.2,3.1,70.8,0.0,"4,167","2,328",830,"3,108",540,18.8,1.0,"15,710"
Malawi,MWI,AFR,Low,2013,8.2,40,18.0,13.7,6.7,1.9,68.3,0.0,"5,928","4,935",966,"7,513",481,20.7,1.5,"16,162"
Malawi,MWI,AFR,Low,2014,6.9,35,22.7,14.2,8.2,2.6,63.0,0.0,"6,561","3,819","1,229","7,218",512,18.3,1.6,"16,622"
Malawi,MWI,AFR,Low,2015,6.6,35,28.6,17.8,11.0,3.2,53.5,0.0,"7,224","2,871","1,919","8,266",528,19.5,1.9,"17,086"
Malawi,MWI,AFR,Low,2016,7.7,34,24.7,21.6,12.4,3.5,53.7,0.0,"13,693","1,665","3,034","7,708",440,19.7,1.9,"17,558"
Malawi,MWI,AFR,Low,2017,7.6,38,22.7,17.5,12.7,4.1,59.9,0.0,"17,227",522,"3,486","6,746",496,21.0,1.7,"18,040"
Malawi,MWI,AFR,Low,2018,6.9,37,24.5,18.1,12.8,4.7,57.4,0.0,"16,588",289,"3,441","6,850",533,19.4,1.7,"18,528"
Malawi,MWI,AFR,Low,2019,6.4,37,24.1,21.4,11.9,9.1,54.5,0.0,"13,263","4,372","3,262","10,996",579,19.3,1.5,"19,026"
Malawi,MWI,AFR,Low,2020,7.0,42,22.2,22.6,12.5,9.6,55.2,0.0,"11,687","9,054","3,973","16,104",602,22.7,1.6,"19,534"
Malawi,MWI,AFR,Low,2021,7.5,46,18.1,20.8,11.5,8.9,61.1,0.0,"13,849","12,463","4,315","19,238",617,23.7,1.4,"20,047"
Malawi,MWI,AFR,Low,2022,6.6,40,13.2,22.7,12.6,9.7,64.0,0.0,"16,978","11,206","4,782","16,235",604,26.7,0.9,"20,569"
Malawi,MWI,AFR,Low,2023,6.5,41,12.8,21.7,12.0,9.2,65.5,0.0,"22,607","13,414","5,751","19,556",632,25.5,0.8,"21,104"
Mali,MLI,AFR,Low,2000,5.5,14,23.7,70.5,68.8,0.8,5.8,0.5,467,281,"6,845","2,583",256,19.4,1.3,"11,559"
Mali,MLI,AFR,Low,2001,4.5,13,23.3,69.8,67.8,0.9,6.9,0.5,545,312,"6,534","2,510",291,18.3,1.1,"11,912"
Mali,MLI,AFR,Low,2002,5.0,16,22.2,63.6,61.8,0.8,14.2,0.3,"1,533",236,"6,809","2,655",318,19.9,1.1,"12,288"
Mali,MLI,AFR,Low,2003,5.1,19,28.0,63.1,61.2,0.8,8.9,0.3,"1,048",131,"6,661","3,142",372,20.8,1.4,"12,685"
Mali,MLI,AFR,Low,2004,5.2,22,30.4,57.5,55.6,0.8,12.1,0.3,"1,259",338,"6,370","3,795",416,21.8,1.6,"13,102"
Mali,MLI,AFR,Low,2005,5.2,24,26.9,58.9,57.0,0.8,14.2,0.4,"1,561",473,"7,207","3,828",461,21.6,1.4,"13,539"
Mali,MLI,AFR,Low,2006,5.5,27,22.4,58.5,56.7,0.7,19.1,0.3,"2,184",746,"7,984","3,855",494,22.1,1.2,"13,990"
Mali,MLI,AFR,Low,2007,5.3,30,19.0,63.2,61.3,0.8,17.8,0.3,"1,559","1,232","8,702","3,875",564,21.5,1.0,"14,458"
Mali,MLI,AFR,Low,2008,5.0,33,14.2,65.2,63.2,0.8,20.6,0.3,"1,511","1,834","9,365","3,890",661,18.8,0.7,"14,941"
Mali,MLI,AFR,Low,2009,5.2,35,12.8,63.7,61.8,0.8,23.5,0.4,"2,258","1,880","10,076","3,901",665,22.8,0.7,"15,436"
Mali,MLI,AFR,Low,2010,4.7,31,14.3,58.4,56.3,0.9,27.4,3.7,"2,304","2,265","8,732","3,908",670,20.3,0.7,"15,945"
Mali,MLI,AFR,Low,2011,4.0,32,15.1,52.4,50.0,1.0,32.5,4.4,"2,898","2,317","7,465","3,911",789,20.6,0.6,"16,469"
Mali,MLI,AFR,Low,2012,3.8,28,11.0,47.3,44.7,1.1,41.7,3.5,"3,346","2,871","6,289","3,922",734,15.5,0.4,"16,957"
Mali,MLI,AFR,Low,2013,4.0,30,20.6,37.3,34.8,1.1,42.1,4.3,"5,093","1,525","5,175","3,948",758,19.8,0.8,"17,460"
Mali,MLI,AFR,Low,2014,4.5,36,19.9,35.8,33.6,1.0,44.3,3.8,"6,083","2,128","5,918","4,964",797,20.0,0.9,"18,020"
Mali,MLI,AFR,Low,2015,4.1,29,22.4,36.3,34.2,0.9,41.3,6.2,"4,386","2,840","5,854","5,615",705,20.9,0.9,"18,593"
Mali,MLI,AFR,Low,2016,3.8,28,32.0,37.7,35.8,0.7,30.2,9.5,"3,497","1,769","5,843","5,444",731,22.3,1.2,"19,191"
Mali,MLI,AFR,Low,2017,3.7,28,32.0,39.3,37.5,0.5,28.6,9.6,"1,606","3,432","6,205","7,144",776,22.9,1.2,"19,813"
Mali,MLI,AFR,Low,2018,3.7,31,30.8,34.2,32.6,0.3,35.0,8.2,"3,730","2,607","5,636","6,521",835,20.3,1.2,"20,442"
Mali,MLI,AFR,Low,2019,3.8,31,29.2,54.8,31.1,1.1,16.0,8.8,"5,536","1,094","5,719","4,851",820,23.1,1.1,"21,068"
Mali,MLI,AFR,Low,2020,3.5,28,40.0,53.8,44.7,0.4,6.2,3.4,"1,465","1,012","7,262","6,955",804,26.1,1.4,"21,714"
Mali,MLI,AFR,Low,2021,3.5,31,38.3,53.6,44.1,1.9,8.2,8.3,"1,605","1,387","7,472","6,467",862,26.9,1.4,"22,389"
Mali,MLI,AFR,Low,2022,3.7,31,36.7,60.0,50.8,3.6,3.3,13.8,"1,767",650,"9,862","5,100",836,24.4,1.4,"23,073"
Mali,MLI,AFR,Low,2023,3.8,34,35.4,58.6,47.2,4.0,6.0,14.0,"2,349","1,234","9,735","5,640",891,24.8,1.3,"23,769"
Mauritania,MRT,AFR,Lower-middle,2000,3.4,23,13.9,81.7,77.8,2.7,4.4,0.0,22,24,428,100,681,18.7,0.5,"2,613"
Mauritania,MRT,AFR,Lower-middle,2001,3.6,23,15.3,80.9,77.1,2.5,3.9,0.0,23,23,459,114,652,22.5,0.5,"2,679"
Mauritania,MRT,AFR,Lower-middle,2002,4.0,26,21.8,73.2,70.0,2.3,4.9,0.0,24,34,494,188,649,24.4,0.9,"2,739"
Mauritania,MRT,AFR,Lower-middle,2003,4.0,30,19.1,71.6,68.4,2.2,9.3,0.0,26,71,531,220,732,29.6,0.8,"2,802"
Mauritania,MRT,AFR,Lower-middle,2004,3.7,31,19.1,73.8,70.5,2.4,7.1,0.0,28,56,571,210,850,23.9,0.7,"2,869"
Mauritania,MRT,AFR,Lower-middle,2005,3.4,34,24.1,70.7,67.1,2.4,5.3,0.0,32,47,606,265,999,21.3,0.8,"2,939"
Mauritania,MRT,AFR,Lower-middle,2006,2.7,35,25.0,72.5,68.2,2.5,2.5,0.0,42,23,644,259,"1,301",19.0,0.7,"3,014"
Mauritania,MRT,AFR,Lower-middle,2007,2.9,40,26.6,69.3,65.3,2.6,4.2,4.3,42,43,682,276,"1,405",19.7,0.8,"3,093"
Mauritania,MRT,AFR,Lower-middle,2008,3.0,49,29.5,65.4,60.9,2.5,5.2,3.6,53,60,715,363,"1,636",19.8,0.9,"3,183"
Mauritania,MRT,AFR,Lower-middle,2009,3.1,45,28.3,66.5,62.8,2.5,5.2,9.5,56,49,735,269,"1,435",19.6,0.9,"3,284"
Mauritania,MRT,AFR,Lower-middle,2010,2.6,44,27.7,66.3,62.6,2.5,5.9,7.1,65,51,756,300,"1,660",17.3,0.7,"3,391"
Mauritania,MRT,AFR,Lower-middle,2011,2.5,48,30.3,64.4,58.4,2.3,5.3,7.8,87,65,784,367,"1,931",17.0,0.7,"3,503"
Mauritania,MRT,AFR,Lower-middle,2012,2.6,49,33.9,60.8,55.4,1.9,5.3,7.9,93,63,810,443,"1,859",21.5,0.9,"3,619"
Mauritania,MRT,AFR,Lower-middle,2013,2.9,55,37.8,53.3,50.2,1.5,8.9,7.7,62,139,837,640,"1,934",20.1,1.1,"3,734"
Mauritania,MRT,AFR,Lower-middle,2014,3.5,59,36.1,53.6,47.6,1.3,10.3,9.3,110,182,856,664,"1,713",23.9,1.3,"3,849"
Mauritania,MRT,AFR,Lower-middle,2015,3.7,57,38.6,52.7,47.7,1.1,8.6,8.7,95,158,885,712,"1,555",25.7,1.4,"3,966"
Mauritania,MRT,AFR,Lower-middle,2016,3.2,50,37.6,60.1,55.7,1.0,2.3,9.6,80,36,980,529,"1,566",20.8,1.2,"4,087"
Mauritania,MRT,AFR,Lower-middle,2017,3.4,55,36.0,57.5,54.1,2.0,6.5,9.5,89,107,"1,069",631,"1,615",20.3,1.2,"4,211"
Mauritania,MRT,AFR,Lower-middle,2018,2.9,50,31.6,66.2,64.9,0.1,2.3,3.1,22,40,"1,151",544,"1,723",19.0,0.9,"4,338"
Mauritania,MRT,AFR,Lower-middle,2019,3.1,55,35.6,61.2,60.3,0.1,3.2,7.8,20,62,"1,209",619,"1,767",17.8,1.1,"4,468"
Mauritania,MRT,AFR,Lower-middle,2020,3.0,54,33.4,62.4,61.5,0.1,4.1,7.1,20,81,"1,233",609,"1,796",18.5,1.0,"4,600"
Mauritania,MRT,AFR,Lower-middle,2021,3.8,74,39.6,51.1,48.2,1.6,9.3,16.5,82,243,"1,280",856,"1,948",20.8,1.5,"4,735"
Mauritania,MRT,AFR,Lower-middle,2022,4.7,92,36.5,44.2,41.7,1.4,19.3,18.5,274,461,"1,410","1,072","1,960",28.7,1.7,"4,876"
Mauritania,MRT,AFR,Lower-middle,2023,4.3,92,34.2,46.4,43.8,1.4,19.5,17.3,286,456,"1,471","1,024","2,121",25.0,1.5,"5,022"
Mauritius,MUS,AFR,Upper-middle,2000,2.9,116,53.5,46.2,44.0,0.9,0.3,0.0,75,0,"1,339","1,628","4,056",22.2,1.5,"1,217"
Mauritius,MUS,AFR,Upper-middle,2001,2.9,116,53.8,45.7,43.8,0.9,0.6,0.0,81,0,"1,485","1,823","3,983",22.4,1.6,"1,226"
Mauritius,MUS,AFR,Upper-middle,2002,3.2,132,52.9,46.8,44.9,0.8,0.3,0.0,88,0,"1,780","2,098","4,151",23.3,1.7,"1,234"
Mauritius,MUS,AFR,Upper-middle,2003,3.2,158,52.4,47.4,45.3,0.8,0.1,0.0,98,0,"1,994","2,307","4,955",23.4,1.7,"1,242"
Mauritius,MUS,AFR,Upper-middle,2004,3.3,185,54.4,45.6,43.4,0.8,0.0,0.0,112,0,"2,206","2,762","5,570",22.6,1.8,"1,250"
Mauritius,MUS,AFR,Upper-middle,2005,3.5,192,48.2,51.8,49.6,0.8,0.0,0.0,125,1,"2,810","2,732","5,462",23.0,1.7,"1,257"
Mauritius,MUS,AFR,Upper-middle,2006,3.6,203,44.9,55.0,52.9,0.8,0.1,0.0,141,1,"3,410","2,894","5,637",22.2,1.6,"1,264"
Mauritius,MUS,AFR,Upper-middle,2007,3.5,229,41.8,58.0,55.8,0.8,0.2,0.0,160,11,"4,006","3,012","6,506",21.5,1.5,"1,270"
Mauritius,MUS,AFR,Upper-middle,2008,3.9,313,35.3,63.8,61.8,0.8,0.9,0.0,186,70,"5,505","3,211","7,943",22.7,1.4,"1,275"
Mauritius,MUS,AFR,Upper-middle,2009,4.2,302,37.9,60.4,58.4,0.8,1.7,0.0,193,168,"5,628","3,821","7,234",25.2,1.6,"1,279"
Mauritius,MUS,AFR,Upper-middle,2010,4.5,357,44.1,54.0,52.3,0.7,1.9,0.0,203,186,"5,752","5,040","7,904",24.0,2.0,"1,283"
Mauritius,MUS,AFR,Upper-middle,2011,4.3,386,41.1,54.9,53.1,0.8,3.9,0.0,218,424,"5,877","4,979","9,075",23.7,1.7,"1,286"
Mauritius,MUS,AFR,Upper-middle,2012,4.2,387,44.4,53.4,51.6,0.8,2.2,0.0,233,226,"6,004","5,396","9,173",22.5,1.9,"1,289"
Mauritius,MUS,AFR,Upper-middle,2013,4.6,440,41.8,56.8,53.2,2.6,1.4,0.0,509,169,"7,184","5,816","9,522",24.1,1.9,"1,291"
Mauritius,MUS,AFR,Upper-middle,2014,5.4,544,45.1,54.5,50.2,3.7,0.5,0.0,784,0,"8,366","7,497","10,119",23.0,2.4,"1,292"
Mauritius,MUS,AFR,Upper-middle,2015,5.6,516,41.7,55.7,49.6,4.9,2.6,0.0,"1,139",442,"8,963","7,977","9,292",24.5,2.3,"1,292"
Mauritius,MUS,AFR,Upper-middle,2016,5.5,540,44.1,55.7,48.2,6.0,0.2,0.0,"1,495",7,"9,250","8,461","9,749",24.0,2.4,"1,292"
Mauritius,MUS,AFR,Upper-middle,2017,5.6,595,44.2,55.3,47.4,6.5,0.5,0.0,"1,664",80,"9,722","9,126","10,625",24.3,2.5,"1,291"
Mauritius,MUS,AFR,Upper-middle,2018,5.6,641,44.3,55.2,46.9,6.9,0.5,0.0,"1,875",59,"10,200","9,664","11,433",24.3,2.5,"1,289"
Mauritius,MUS,AFR,Upper-middle,2019,5.7,639,44.0,55.9,47.1,7.4,0.2,0.0,"2,031",15,"10,685","9,958","11,223",27.8,2.5,"1,286"
Mauritius,MUS,AFR,Upper-middle,2020,6.1,542,48.1,51.7,43.6,6.9,0.2,0.0,"1,787",12,"9,294","10,243","8,890",32.6,2.9,"1,283"
Mauritius,MUS,AFR,Upper-middle,2021,6.6,594,50.8,47.9,40.4,6.4,1.3,0.0,"1,943",272,"10,006","12,807","8,975",30.8,3.4,"1,280"
Mauritius,MUS,AFR,Upper-middle,2022,5.8,591,43.2,52.2,44.0,7.0,4.6,0.0,"2,274","1,095","11,491","12,343","10,115",29.3,2.5,"1,276"
Mauritius,MUS,AFR,Upper-middle,2023,5.6,616,44.3,53.7,45.2,7.2,2.0,0.0,"2,498",448,"12,620","12,776","11,072",29.9,2.5,"1,274"
Mozambique,MOZ,AFR,Low,2000,2.1,7,50.7,39.8,38.9,1.0,9.5,0.0,10,2,41,56,327,17.2,1.1,"18,130"
Mozambique,MOZ,AFR,Low,2001,2.8,9,46.8,27.4,26.7,0.7,25.7,0.0,41,6,47,89,305,20.8,1.3,"18,538"
Mozambique,MOZ,AFR,Low,2002,3.2,10,36.9,28.6,28.0,0.6,34.5,0.0,75,9,66,96,314,18.6,1.2,"18,958"
Mozambique,MOZ,AFR,Low,2003,3.3,11,36.2,21.8,21.2,0.6,42.0,0.0,99,13,56,108,339,18.6,1.2,"19,392"
Mozambique,MOZ,AFR,Low,2004,3.5,14,31.8,16.2,15.6,0.6,52.0,0.0,156,12,50,113,400,17.8,1.1,"19,840"
Mozambique,MOZ,AFR,Low,2005,4.2,18,33.8,12.9,12.3,0.6,53.2,0.0,190,39,52,183,437,17.0,1.4,"20,305"
Mozambique,MOZ,AFR,Low,2006,3.9,18,29.0,13.4,12.7,0.6,57.7,0.0,239,28,58,161,457,20.1,1.1,"20,787"
Mozambique,MOZ,AFR,Low,2007,3.8,19,30.9,13.1,12.0,1.1,56.0,0.0,193,92,60,246,508,20.9,1.2,"21,288"
Mozambique,MOZ,AFR,Low,2008,4.1,24,29.2,12.5,11.2,1.3,58.3,0.0,136,218,67,392,592,21.3,1.2,"21,819"
Mozambique,MOZ,AFR,Low,2009,5.1,28,25.2,9.6,8.2,1.3,65.2,0.0,195,312,63,504,548,25.7,1.3,"22,392"
Mozambique,MOZ,AFR,Low,2010,5.3,26,23.5,8.5,7.1,1.4,68.0,0.0,279,339,63,549,496,26.6,1.2,"22,999"
Mozambique,MOZ,AFR,Low,2011,4.9,30,25.5,8.3,6.7,1.6,66.1,0.0,216,384,59,609,618,28.9,1.3,"23,649"
Mozambique,MOZ,AFR,Low,2012,5.1,35,24.0,17.6,5.6,1.6,58.4,0.0,486,202,56,443,686,28.1,1.2,"24,338"
Mozambique,MOZ,AFR,Low,2013,6.0,42,24.8,16.6,8.0,1.0,58.6,0.0,505,334,100,644,687,31.7,1.5,"25,052"
Mozambique,MOZ,AFR,Low,2014,6.2,44,27.5,18.5,10.4,0.7,54.0,0.0,515,332,142,707,697,39.7,1.7,"25,788"
Mozambique,MOZ,AFR,Low,2015,6.6,40,27.0,18.3,11.3,0.4,54.7,0.0,607,389,182,825,611,32.2,1.8,"26,548"
Mozambique,MOZ,AFR,Low,2016,7.2,32,23.9,17.0,10.5,0.4,59.1,0.0,616,701,212,"1,181",441,28.7,1.7,"27,337"
Mozambique,MOZ,AFR,Low,2017,7.8,37,22.3,15.6,9.7,0.4,62.1,0.0,676,915,226,"1,435",471,28.6,1.7,"28,166"
Mozambique,MOZ,AFR,Low,2018,8.0,41,22.4,15.1,9.3,0.4,62.5,0.0,768,933,232,"1,491",518,31.2,1.8,"29,019"
Mozambique,MOZ,AFR,Low,2019,7.9,41,23.1,15.6,9.7,0.4,61.3,0.0,905,818,249,"1,411",519,28.0,1.8,"29,884"
Mozambique,MOZ,AFR,Low,2020,7.6,35,31.7,16.5,10.3,0.4,51.9,0.0,933,474,250,"1,242",462,33.9,2.4,"30,784"
Mozambique,MOZ,AFR,Low,2021,8.6,44,26.4,14.8,9.4,0.3,58.8,0.0,830,"1,022",273,"1,785",510,32.1,2.3,"31,708"
Mozambique,MOZ,AFR,Low,2022,8.2,48,27.7,16.0,10.4,0.4,56.2,0.0,"1,217",666,317,"1,512",578,32.9,2.3,"32,656"
Mozambique,MOZ,AFR,Low,2023,8.5,53,26.5,15.8,10.4,0.3,57.7,0.0,"1,571",566,351,"1,461",623,33.3,2.2,"33,635"
Namibia,NAM,AFR,Upper-middle,2000,10.0,218,55.9,39.1,6.5,39.9,4.9,0.0,650,37,99,761,"2,166",30.1,5.6,"1,819"
Namibia,NAM,AFR,Upper-middle,2001,10.5,201,54.8,39.9,6.7,40.4,5.3,0.0,759,46,116,860,"1,925",30.7,5.7,"1,857"
Namibia,NAM,AFR,Upper-middle,2002,10.5,188,56.5,38.1,6.3,38.6,5.4,0.0,832,54,126,"1,022","1,793",29.8,5.9,"1,890"
Namibia,NAM,AFR,Upper-middle,2003,10.7,279,56.4,38.0,6.6,38.4,5.6,0.0,883,59,139,"1,086","2,594",31.1,6.1,"1,917"
Namibia,NAM,AFR,Upper-middle,2004,10.9,373,52.3,34.7,6.0,34.9,13.0,0.0,"1,110",63,145,"1,157","3,431",28.4,5.7,"1,942"
Namibia,NAM,AFR,Upper-middle,2005,10.8,402,48.5,32.2,5.8,32.6,19.3,0.0,"1,118",231,148,"1,299","3,715",27.7,5.2,"1,967"
Namibia,NAM,AFR,Upper-middle,2006,11.3,438,44.6,32.9,5.6,33.1,22.4,0.0,"1,278",387,166,"1,517","3,871",27.4,5.0,"1,992"
Namibia,NAM,AFR,Upper-middle,2007,11.4,494,47.2,34.3,5.4,34.3,18.5,0.0,"1,507",354,190,"1,785","4,325",26.1,5.4,"2,019"
Namibia,NAM,AFR,Upper-middle,2008,10.7,443,45.8,34.1,6.4,34.1,20.1,0.0,"1,573",435,234,"1,849","4,151",28.4,4.9,"2,047"
Namibia,NAM,AFR,Upper-middle,2009,9.9,421,43.5,38.7,7.8,38.8,17.8,0.0,"1,711",345,278,"1,597","4,248",32.0,4.3,"2,077"
Namibia,NAM,AFR,Upper-middle,2010,10.6,567,46.0,41.0,8.5,40.2,13.1,0.0,"1,987",257,353,"1,819","5,341",33.5,4.9,"2,110"
Namibia,NAM,AFR,Upper-middle,2011,10.9,625,47.2,43.0,9.3,42.4,9.9,0.0,"2,244",172,425,"1,890","5,751",38.5,5.1,"2,146"
Namibia,NAM,AFR,Upper-middle,2012,10.2,606,47.1,45.7,9.9,44.2,7.2,0.0,"2,502",89,492,"1,974","5,943",35.0,4.8,"2,195"
Namibia,NAM,AFR,Upper-middle,2013,10.1,539,51.6,42.6,8.9,43.1,5.8,0.0,"2,493",119,467,"2,299","5,347",38.3,5.2,"2,253"
Namibia,NAM,AFR,Upper-middle,2014,8.4,452,59.5,34.5,9.0,37.8,6.0,0.0,"2,048",148,443,"2,413","5,378",41.8,5.0,"2,312"
Namibia,NAM,AFR,Upper-middle,2015,10.0,477,54.0,40.2,7.3,44.0,5.7,0.0,"2,989",68,450,"2,659","4,774",43.7,5.4,"2,374"
Namibia,NAM,AFR,Upper-middle,2016,9.3,410,61.8,31.2,7.7,37.6,7.0,0.0,"2,620",89,465,"2,915","4,396",41.8,5.8,"2,439"
Namibia,NAM,AFR,Upper-middle,2017,8.7,448,61.3,32.1,7.8,38.7,6.6,0.0,"2,627",94,465,"2,871","5,141",38.1,5.3,"2,507"
Namibia,NAM,AFR,Upper-middle,2018,8.6,458,59.9,32.2,7.8,41.2,7.9,0.0,"2,775",322,471,"2,811","5,309",36.3,5.2,"2,577"
Namibia,NAM,AFR,Upper-middle,2019,8.9,419,59.5,31.2,7.5,41.3,9.3,0.0,"2,783",406,456,"2,817","4,732",37.4,5.3,"2,650"
Namibia,NAM,AFR,Upper-middle,2020,9.6,371,68.1,28.9,7.0,40.4,2.9,0.0,"2,763",7,425,"2,917","3,879",41.5,6.5,"2,729"
Namibia,NAM,AFR,Upper-middle,2021,10.2,450,63.9,28.6,7.3,38.2,7.4,0.0,"2,874",283,484,"3,292","4,413",39.3,6.5,"2,811"
Namibia,NAM,AFR,Upper-middle,2022,9.6,419,60.3,30.0,7.5,37.8,9.6,0.0,"3,061",314,517,"3,268","4,350",36.6,5.8,"2,890"
Namibia,NAM,AFR,Upper-middle,2023,9.5,397,58.5,30.1,7.5,36.6,11.4,0.0,"3,259",389,549,"3,517","4,188",37.0,5.5,"2,963"
Niger,NER,AFR,Low,2000,4.7,9,24.3,66.5,60.3,0.9,9.3,0.8,713,277,"3,875","1,784",194,13.5,1.1,"11,510"
Niger,NER,AFR,Low,2001,4.7,10,24.2,66.4,60.3,0.9,9.3,0.8,787,312,"4,272","1,974",205,13.7,1.1,"11,921"
Niger,NER,AFR,Low,2002,4.8,11,25.0,65.5,59.5,0.9,9.4,0.8,825,344,"4,472","2,164",225,14.4,1.2,"12,349"
Niger,NER,AFR,Low,2003,4.7,13,22.6,67.3,61.1,0.9,10.1,0.8,818,373,"4,446","1,956",264,14.0,1.1,"12,797"
Niger,NER,AFR,Low,2004,5.0,14,23.7,66.0,59.8,0.9,10.3,0.8,820,400,"4,437","2,099",283,16.1,1.2,"13,266"
Niger,NER,AFR,Low,2005,5.9,19,32.7,56.7,51.3,0.9,10.6,0.6,942,631,"5,055","3,788",318,15.6,1.9,"13,756"
Niger,NER,AFR,Low,2006,6.0,20,34.3,55.1,49.9,0.9,10.5,0.5,972,669,"5,192","4,190",332,15.2,2.1,"14,269"
Niger,NER,AFR,Low,2007,5.4,21,27.6,59.2,53.7,0.9,13.1,0.5,"1,002",874,"5,386","3,595",386,17.4,1.5,"14,804"
Niger,NER,AFR,Low,2008,5.2,25,29.6,58.1,52.6,0.9,12.4,0.5,"1,086",891,"5,834","4,112",474,16.9,1.6,"15,362"
Niger,NER,AFR,Low,2009,5.3,25,28.8,59.2,53.7,0.9,12.0,0.5,"1,151",873,"6,196","4,143",460,17.7,1.5,"15,944"
Niger,NER,AFR,Low,2010,5.0,23,26.4,61.2,55.5,0.8,12.3,0.6,"1,192",901,"6,451","3,908",473,14.3,1.3,"16,549"
Niger,NER,AFR,Low,2011,4.9,25,26.1,63.2,57.7,0.4,10.7,0.6,"1,189",702,"6,759","3,685",510,15.3,1.3,"17,176"
Niger,NER,AFR,Low,2012,4.3,23,24.1,62.7,60.8,0.6,13.2,0.6,683,"1,062","7,052","3,791",527,16.6,1.0,"17,837"
Niger,NER,AFR,Low,2013,4.5,25,30.0,58.1,56.5,0.3,11.8,0.9,609,"1,025","6,874","4,559",551,20.4,1.3,"18,520"
Niger,NER,AFR,Low,2014,4.5,25,28.7,58.1,54.7,0.1,13.3,1.6,632,"1,432","6,774","4,783",563,23.6,1.3,"19,216"
Niger,NER,AFR,Low,2015,5.3,26,20.8,54.7,51.7,0.9,24.6,1.1,"2,061","2,165","7,935","5,193",486,24.2,1.1,"19,939"
Niger,NER,AFR,Low,2016,4.5,23,24.3,60.9,58.5,0.7,14.8,1.1,572,"1,740","7,866","4,859",501,19.4,1.1,"20,686"
Niger,NER,AFR,Low,2017,5.6,29,33.8,51.7,48.3,1.1,14.5,0.9,983,"2,038","8,163","7,592",522,19.5,1.9,"21,435"
Niger,NER,AFR,Low,2018,5.3,31,33.3,54.9,49.0,1.6,11.8,1.0,"1,280","1,735","8,325","7,230",577,21.2,1.8,"22,188"
Niger,NER,AFR,Low,2019,5.7,32,35.7,49.1,46.1,1.5,15.2,0.9,872,"2,531","8,614","9,038",563,21.6,2.0,"22,948"
Niger,NER,AFR,Low,2020,6.2,36,37.5,46.8,43.5,1.7,15.7,0.4,996,"2,886","8,962","10,520",579,22.4,2.3,"23,718"
Niger,NER,AFR,Low,2021,5.8,35,36.5,49.2,42.5,3.2,14.3,0.5,"1,312","2,794","8,347","9,867",609,24.3,2.1,"24,502"
Niger,NER,AFR,Low,2022,4.3,27,35.3,46.6,40.3,1.5,18.2,0.9,"1,027","3,000","6,670","8,687",609,21.6,1.5,"25,312"
Niger,NER,AFR,Low,2023,4.0,26,24.0,61.4,51.5,3.3,14.6,0.7,"1,567","2,297","8,123","5,968",642,15.8,1.0,"26,160"
Nigeria,NGA,AFR,Lower-middle,2000,3.2,17,18.3,64.7,60.2,3.3,17.0,0.0,125,250,"1,050",570,537,24.7,0.6,"126,382"
Nigeria,NGA,AFR,Lower-middle,2001,3.2,18,26.9,66.4,60.7,4.4,6.7,0.0,165,81,"1,214",619,563,30.9,0.9,"129,863"
Nigeria,NGA,AFR,Lower-middle,2002,2.5,18,21.3,71.4,65.0,4.9,7.3,0.0,205,83,"1,376",534,704,19.4,0.5,"133,472"
Nigeria,NGA,AFR,Lower-middle,2003,5.1,38,18.4,75.9,72.8,2.3,5.7,0.0,232,198,"3,567","1,100",750,23.2,0.9,"137,203"
Nigeria,NGA,AFR,Lower-middle,2004,4.6,43,25.9,67.8,64.5,2.3,6.2,0.0,290,251,"3,673","1,727",924,18.3,1.2,"141,057"
Nigeria,NGA,AFR,Lower-middle,2005,4.5,52,25.6,69.0,66.0,2.1,5.4,0.0,337,244,"4,524","1,997","1,170",17.8,1.1,"145,017"
Nigeria,NGA,AFR,Lower-middle,2006,4.3,64,21.2,73.4,70.5,1.7,5.4,0.8,403,281,"5,768","1,951","1,494",12.3,0.9,"149,077"
Nigeria,NGA,AFR,Lower-middle,2007,3.9,67,19.9,74.2,70.9,1.6,5.9,1.0,455,316,"5,971","1,906","1,711",18.1,0.8,"153,267"
Nigeria,NGA,AFR,Lower-middle,2008,3.7,77,17.9,76.1,72.8,1.4,6.1,1.4,512,348,"6,681","1,861","2,096",14.4,0.7,"157,595"
Nigeria,NGA,AFR,Lower-middle,2009,3.6,66,15.9,77.9,74.5,1.3,6.2,1.2,561,378,"7,287","1,818","1,836",15.4,0.6,"162,049"
Nigeria,NGA,AFR,Lower-middle,2010,3.3,73,13.6,80.1,76.9,1.1,6.3,1.1,638,407,"8,436","1,775","2,215",16.6,0.4,"166,643"
Nigeria,NGA,AFR,Lower-middle,2011,3.3,80,14.4,77.7,74.7,1.0,7.9,1.1,840,499,"9,225","2,143","2,416",17.3,0.5,"171,380"
Nigeria,NGA,AFR,Lower-middle,2012,3.4,88,16.2,75.4,72.8,0.8,8.4,1.4,643,874,"10,084","2,923","2,616",14.8,0.5,"176,201"
Nigeria,NGA,AFR,Lower-middle,2013,3.4,97,14.3,73.3,70.9,0.7,12.4,1.1,"1,308",953,"10,856","2,966","2,844",14.1,0.5,"181,049"
Nigeria,NGA,AFR,Lower-middle,2014,3.3,102,13.3,74.4,71.9,0.7,12.3,1.0,"1,298","1,110","11,666","3,113","3,058",13.4,0.4,"185,897"
Nigeria,NGA,AFR,Lower-middle,2015,3.6,93,16.4,73.6,71.9,0.6,9.9,1.1,"1,593",493,"12,854","3,239","2,594",11.0,0.6,"190,672"
Nigeria,NGA,AFR,Lower-middle,2016,3.6,76,13.0,76.7,75.2,0.6,10.3,1.0,"1,740",515,"14,394","2,817","2,070",9.8,0.5,"195,444"
Nigeria,NGA,AFR,Lower-middle,2017,3.7,70,14.2,78.2,77.4,0.4,7.6,0.7,"1,696",63,"16,640","2,962","1,876",12.0,0.5,"200,255"
Nigeria,NGA,AFR,Lower-middle,2018,3.1,64,16.1,76.7,75.9,0.6,7.2,1.5,"1,472",25,"14,785","2,865","2,058",12.8,0.5,"204,939"
Nigeria,NGA,AFR,Lower-middle,2019,3.0,68,15.7,72.5,71.5,0.8,11.7,1.7,"2,175",390,"14,840","3,308","2,265",12.5,0.5,"209,486"
Nigeria,NGA,AFR,Lower-middle,2020,3.4,68,15.0,75.4,74.7,0.7,9.6,1.3,"1,909",465,"18,197","3,801","2,009",12.1,0.5,"213,996"
Nigeria,NGA,AFR,Lower-middle,2021,4.1,82,13.3,78.9,76.2,1.0,7.9,1.4,"3,229",214,"25,041","4,110","2,009",12.6,0.5,"218,529"
Nigeria,NGA,AFR,Lower-middle,2022,4.2,90,14.7,78.3,75.7,1.0,7.0,1.6,"2,958",688,"28,917","5,709","2,129",14.4,0.6,"223,151"
Nigeria,NGA,AFR,Lower-middle,2023,4.2,67,14.3,74.4,71.9,0.9,11.3,1.5,"4,124","1,807","31,000","7,332","1,594",13.9,0.6,"227,883"
Rwanda,RWA,AFR,Low,2000,3.6,9,18.1,35.5,26.6,0.5,46.4,6.7,"1,454",338,933,885,252,18.2,0.6,"8,214"
Rwanda,RWA,AFR,Low,2001,3.3,8,21.1,38.2,27.7,0.9,40.7,8.3,"1,241",391,965,991,237,19.1,0.7,"8,287"
Rwanda,RWA,AFR,Low,2002,3.1,7,24.2,40.7,28.5,1.3,35.1,9.7,"1,027",461,991,"1,126",234,20.5,0.8,"8,400"
Rwanda,RWA,AFR,Low,2003,6.9,17,33.2,24.3,17.1,0.6,42.4,13.6,"3,470",304,"1,589","2,957",249,18.5,2.3,"8,587"
Rwanda,RWA,AFR,Low,2004,7.5,20,25.7,27.1,21.2,0.5,47.2,8.9,"3,850","1,775","2,479","4,317",269,17.9,1.9,"8,817"
Rwanda,RWA,AFR,Low,2005,7.7,25,20.9,28.8,23.8,0.5,50.3,5.9,"4,210","3,169","3,322","5,602",324,19.9,1.6,"9,055"
Rwanda,RWA,AFR,Low,2006,7.6,27,19.5,23.5,14.3,6.3,57.0,4.1,"5,409","4,407","2,137","6,816",357,20.6,1.5,"9,299"
Rwanda,RWA,AFR,Low,2007,7.9,34,22.2,22.0,12.5,5.9,55.7,6.0,"6,079","5,728","2,289","8,852",426,22.4,1.7,"9,550"
Rwanda,RWA,AFR,Low,2008,7.6,40,24.0,22.5,11.8,6.4,53.5,7.1,"6,930","6,899","2,575","10,780",528,22.5,1.8,"9,804"
Rwanda,RWA,AFR,Low,2009,7.8,44,24.1,22.5,11.4,6.3,53.4,7.9,"7,577","8,330","2,845","12,608",564,22.3,1.9,"10,060"
Rwanda,RWA,AFR,Low,2010,8.1,48,25.2,22.4,11.1,6.1,52.4,8.5,"8,147","9,411","3,102","14,344",594,23.8,2.0,"10,318"
Rwanda,RWA,AFR,Low,2011,7.9,52,27.7,22.4,10.8,6.1,49.9,9.0,"8,799","9,530","3,347","13,749",651,24.7,2.2,"10,574"
Rwanda,RWA,AFR,Low,2012,8.1,57,25.4,20.8,10.2,5.9,53.8,8.9,"11,237","11,662","3,580","14,496",707,24.6,2.1,"10,830"
Rwanda,RWA,AFR,Low,2013,6.8,48,32.1,23.2,12.3,6.9,44.8,11.3,"10,527","9,941","3,800","13,049",705,26.2,2.2,"11,093"
Rwanda,RWA,AFR,Low,2014,7.0,51,31.4,21.0,12.1,6.7,47.6,11.2,"10,003","8,665","4,166","11,660",725,27.5,2.2,"11,365"
Rwanda,RWA,AFR,Low,2015,6.7,49,31.6,25.6,12.2,2.4,42.8,12.6,"8,485","9,511","4,281","12,556",734,26.6,2.1,"11,640"
Rwanda,RWA,AFR,Low,2016,6.0,44,26.2,22.7,13.2,2.6,51.0,2.1,"9,529","11,098","4,540","13,602",729,25.1,1.6,"11,919"
Rwanda,RWA,AFR,Low,2017,5.4,41,29.1,24.2,14.0,2.7,46.8,2.4,"8,716","10,564","4,762","19,615",758,25.1,1.6,"12,202"
Rwanda,RWA,AFR,Low,2018,5.5,42,30.1,21.8,11.5,2.8,48.1,2.5,"9,706","11,467","4,173","21,495",772,26.4,1.6,"12,488"
Rwanda,RWA,AFR,Low,2019,4.9,40,36.0,20.9,10.1,2.9,43.1,2.9,"9,592","9,711","3,609","21,551",810,28.2,1.8,"12,776"
Rwanda,RWA,AFR,Low,2020,5.8,45,36.9,16.9,7.2,2.6,46.3,3.0,"14,338","9,476","3,069","23,900",779,33.5,2.1,"13,066"
Rwanda,RWA,AFR,Low,2021,6.2,52,42.3,17.7,5.0,10.0,40.0,9.5,"12,597","12,254","2,553","29,683",829,31.6,2.6,"13,355"
Rwanda,RWA,AFR,Low,2022,5.9,58,41.0,16.0,4.2,9.1,43.0,8.4,"15,042","15,373","2,503","35,458",975,29.7,2.4,"13,651"
Rwanda,RWA,AFR,Low,2023,5.1,53,47.0,16.0,4.1,9.3,37.0,10.5,"15,305","13,561","2,505","35,258","1,027",27.0,2.4,"13,954"
Sao Tome and Principe,STP,AFR,Lower-middle,2000,9.3,50,37.7,45.9,43.8,0.0,16.4,0.0,68,5,174,154,533,10.8,3.5,144
Sao Tome and Principe,STP,AFR,Lower-middle,2001,9.6,47,38.5,45.7,43.6,0.0,15.8,0.0,70,5,182,165,489,52.8,3.7,146
Sao Tome and Principe,STP,AFR,Lower-middle,2002,9.5,51,39.8,44.2,41.9,0.0,16.1,0.0,78,6,193,189,533,44.2,3.8,150
Sao Tome and Principe,STP,AFR,Lower-middle,2003,11.5,71,52.8,33.9,31.9,0.0,13.3,0.0,94,8,212,359,621,51.8,6.1,154
Sao Tome and Principe,STP,AFR,Lower-middle,2004,10.7,71,48.4,37.4,35.3,0.0,14.3,0.0,106,9,248,349,663,60.6,5.2,158
Sao Tome and Principe,STP,AFR,Lower-middle,2005,10.4,80,48.6,35.5,33.4,0.0,15.9,0.0,132,20,283,431,774,43.7,5.0,162
Sao Tome and Principe,STP,AFR,Lower-middle,2006,7.1,57,7.7,43.5,39.9,0.0,48.7,0.0,164,209,284,264,805,32.5,0.5,166
Sao Tome and Principe,STP,AFR,Lower-middle,2007,7.0,60,23.8,38.9,35.3,0.0,37.3,0.0,189,142,286,334,852,38.9,1.7,170
Sao Tome and Principe,STP,AFR,Lower-middle,2008,6.0,65,20.5,34.6,30.2,0.0,44.9,0.0,261,207,287,401,"1,082",30.4,1.2,174
Sao Tome and Principe,STP,AFR,Lower-middle,2009,5.8,65,27.7,31.7,27.4,0.0,40.7,0.0,299,174,288,465,"1,128",48.6,1.6,178
Sao Tome and Principe,STP,AFR,Lower-middle,2010,5.8,61,36.5,29.0,25.7,0.0,34.6,0.0,311,115,290,527,"1,049",51.7,2.1,182
Sao Tome and Principe,STP,AFR,Lower-middle,2011,5.7,69,40.7,27.1,23.8,0.0,32.2,0.0,347,88,291,586,"1,229",53.3,2.3,186
Sao Tome and Principe,STP,AFR,Lower-middle,2012,7.1,86,32.6,20.6,17.8,0.0,46.8,0.0,374,443,293,979,"1,220",50.5,2.3,189
Sao Tome and Principe,STP,AFR,Lower-middle,2013,8.9,125,33.5,16.7,14.2,0.0,49.8,0.0,375,826,327,"1,597","1,394",35.5,3.0,193
Sao Tome and Principe,STP,AFR,Lower-middle,2014,7.9,119,35.3,17.0,15.0,0.0,47.7,0.1,83,"1,005",330,"1,777","1,500",36.0,2.8,197
Sao Tome and Principe,STP,AFR,Lower-middle,2015,6.5,85,31.4,17.2,16.0,0.0,51.3,0.2,39,952,302,"1,541","1,307",41.6,2.1,200
Sao Tome and Principe,STP,AFR,Lower-middle,2016,7.6,110,40.3,15.8,13.9,0.2,43.9,1.4,173,940,338,"1,886","1,443",38.3,3.1,204
Sao Tome and Principe,STP,AFR,Lower-middle,2017,7.5,117,46.0,16.1,14.8,0.3,37.9,0.7,136,862,376,"2,017","1,568",31.9,3.4,207
Sao Tome and Principe,STP,AFR,Lower-middle,2018,5.9,109,44.3,18.5,15.8,0.1,37.2,1.8,300,600,357,"1,560","1,839",28.0,2.6,210
Sao Tome and Principe,STP,AFR,Lower-middle,2019,5.5,107,40.7,18.9,17.0,0.1,40.3,1.4,347,642,397,"1,562","1,950",22.8,2.2,213
Sao Tome and Principe,STP,AFR,Lower-middle,2020,7.3,160,40.5,13.7,11.8,0.1,45.8,0.7,160,"1,476",407,"2,848","2,184",23.2,3.0,217
Sao Tome and Principe,STP,AFR,Lower-middle,2021,7.9,187,42.9,13.4,11.7,0.1,43.7,0.7,230,"1,527",452,"3,161","2,380",25.6,3.4,222
Sao Tome and Principe,STP,AFR,Lower-middle,2022,5.8,139,40.0,17.6,15.2,0.1,42.3,1.0,509,940,492,"2,202","2,408",27.7,2.3,226
Sao Tome and Principe,STP,AFR,Lower-middle,2023,5.8,171,37.0,19.1,16.7,0.1,43.9,0.9,622,"1,176",646,"2,573","2,963",24.3,2.1,231
Senegal,SEN,AFR,Lower-middle,2000,3.6,21,35.3,60.7,55.7,4.3,4.0,3.3,"1,205",171,"8,467","5,032",603,14.0,1.3,"9,968"
Senegal,SEN,AFR,Lower-middle,2001,3.7,23,38.5,57.9,52.8,4.4,3.6,3.6,"1,336",172,"9,065","6,160",637,15.7,1.4,"10,213"
Senegal,SEN,AFR,Lower-middle,2002,4.0,26,33.9,61.1,55.3,5.1,5.0,3.3,"1,539",439,"10,157","6,053",669,15.5,1.3,"10,466"
Senegal,SEN,AFR,Lower-middle,2003,4.3,35,35.9,61.1,54.9,5.6,2.9,3.4,"1,700",160,"11,195","6,801",818,17.1,1.5,"10,721"
Senegal,SEN,AFR,Lower-middle,2004,4.6,42,35.6,62.2,55.1,6.5,2.1,3.4,"1,811",244,"12,185","7,380",918,18.1,1.6,"10,976"
Senegal,SEN,AFR,Lower-middle,2005,3.7,36,43.4,50.0,39.5,9.7,6.6,4.3,"2,566",676,"7,502","8,102",980,18.7,1.6,"11,235"
Senegal,SEN,AFR,Lower-middle,2006,3.8,38,46.8,47.8,37.4,9.8,5.4,4.8,"2,235",927,"7,488","9,321","1,017",21.3,1.8,"11,500"
Senegal,SEN,AFR,Lower-middle,2007,3.4,41,38.6,55.6,44.3,10.3,5.8,5.5,"2,292","1,032","8,604","7,472","1,189",22.2,1.3,"11,770"
Senegal,SEN,AFR,Lower-middle,2008,3.5,49,39.6,54.0,41.6,11.4,6.5,5.0,"2,896","1,221","9,107","8,772","1,399",20.9,1.4,"12,049"
Senegal,SEN,AFR,Lower-middle,2009,3.8,50,36.6,56.6,45.6,10.2,6.8,4.6,"2,782","1,420","10,785","8,979","1,309",21.1,1.4,"12,337"
Senegal,SEN,AFR,Lower-middle,2010,4.0,51,28.8,58.8,48.7,9.5,12.3,4.5,"2,723","2,993","12,377","9,170","1,276",21.7,1.2,"12,635"
Senegal,SEN,AFR,Lower-middle,2011,4.2,58,31.1,60.4,50.8,9.1,8.5,4.7,"2,827","2,128","13,868","9,333","1,375",23.3,1.3,"12,959"
Senegal,SEN,AFR,Lower-middle,2012,4.3,57,28.6,62.1,52.8,8.9,9.3,4.5,"2,868","2,523","15,254","9,468","1,327",23.0,1.2,"13,310"
Senegal,SEN,AFR,Lower-middle,2013,4.4,61,26.7,63.9,55.2,3.4,9.4,4.3,"2,548","2,767","16,510","9,559","1,380",22.1,1.2,"13,711"
Senegal,SEN,AFR,Lower-middle,2014,4.4,61,24.6,57.0,50.4,3.9,18.4,4.0,"2,090","5,557","15,274","11,728","1,399",23.1,1.1,"14,152"
Senegal,SEN,AFR,Lower-middle,2015,4.4,53,24.6,57.4,50.8,5.1,18.0,4.0,"2,363","5,673","16,027","11,844","1,218",22.9,1.1,"14,593"
Senegal,SEN,AFR,Lower-middle,2016,4.3,54,25.1,57.6,51.1,7.8,17.4,4.0,"3,052","5,541","16,335","11,259","1,266",24.0,1.1,"15,035"
Senegal,SEN,AFR,Lower-middle,2017,4.2,56,24.3,57.4,48.9,7.0,18.3,5.2,"2,983","5,890","16,039","12,052","1,357",22.5,1.0,"15,475"
Senegal,SEN,AFR,Lower-middle,2018,4.4,64,25.2,54.4,48.3,5.1,20.4,5.7,"2,340","7,174","17,283","14,079","1,453",22.6,1.1,"15,914"
Senegal,SEN,AFR,Lower-middle,2019,4.5,64,23.5,57.2,48.7,5.5,19.3,6.8,"3,222","7,229","18,375","13,530","1,431",30.2,1.1,"16,353"
Senegal,SEN,AFR,Lower-middle,2020,5.2,75,33.4,49.8,41.6,5.5,16.8,7.1,"3,652","7,212","17,986","18,521","1,459",29.4,1.7,"16,789"
Senegal,SEN,AFR,Lower-middle,2021,4.4,71,27.0,54.4,46.9,5.4,18.5,6.3,"2,883","7,236","18,488","15,360","1,601",31.0,1.2,"17,221"
Senegal,SEN,AFR,Lower-middle,2022,4.0,63,26.9,58.1,47.2,7.0,15.0,6.7,"5,075","4,901","18,684","13,148","1,569",32.5,1.1,"17,651"
Senegal,SEN,AFR,Lower-middle,2023,4.3,73,27.6,55.6,44.3,6.9,16.8,6.2,"5,745","6,446","19,688","16,234","1,694",33.3,1.2,"18,078"
Seychelles,SYC,AFR,High,2000,4.6,340,82.1,17.9,17.9,,0.0,0.0,0,,348,"1,596","7,379",55.4,3.8,83
Seychelles,SYC,AFR,High,2001,4.5,334,82.6,17.1,17.1,,0.3,0.0,5,,335,"1,619","7,355",46.8,3.8,85
Seychelles,SYC,AFR,High,2002,4.2,341,86.7,12.5,12.5,,0.8,0.0,16,,233,"1,619","8,123",56.3,3.6,86
Seychelles,SYC,AFR,High,2003,4.9,394,85.3,13.7,13.7,,1.0,0.0,22,,291,"1,815","8,108",44.6,4.1,87
Seychelles,SYC,AFR,High,2004,4.7,444,81.7,15.6,15.6,,2.6,0.0,65,,382,"1,996","9,520",39.9,3.8,88
Seychelles,SYC,AFR,High,2005,4.4,458,81.4,17.9,17.9,,0.7,0.0,18,,450,"2,050","10,296",39.0,3.6,89
Seychelles,SYC,AFR,High,2006,4.3,487,79.5,19.8,19.8,,0.7,0.0,10,9,533,"2,147","11,246",43.5,3.4,90
Seychelles,SYC,AFR,High,2007,3.8,429,80.2,19.2,19.2,,0.5,0.0,2,14,552,"2,318","11,300",41.9,3.0,91
Seychelles,SYC,AFR,High,2008,3.5,367,68.4,31.2,31.2,,0.5,0.0,15,2,"1,083","2,377","10,451",27.0,2.4,93
Seychelles,SYC,AFR,High,2009,3.4,311,69.5,30.1,29.8,,0.4,0.0,13,18,"1,261","2,959","9,051",32.1,2.4,94
Seychelles,SYC,AFR,High,2010,4.4,450,70.6,27.1,22.2,,2.3,0.0,290,104,"1,202","3,933","10,213",34.6,3.1,95
Seychelles,SYC,AFR,High,2011,4.4,457,69.2,23.2,23.2,,7.6,0.0,4,429,"1,312","4,345","10,497",36.4,3.0,97
Seychelles,SYC,AFR,High,2012,5.3,563,76.0,22.2,18.9,,1.8,0.0,335,61,"1,456","5,924","10,643",38.6,4.0,100
Seychelles,SYC,AFR,High,2013,4.2,545,76.5,20.4,19.1,0.1,3.2,0.0,259,1,"1,254","5,029","13,009",37.8,3.2,102
Seychelles,SYC,AFR,High,2014,4.4,588,71.8,27.8,27.5,,0.5,0.0,56,,"2,060","5,381","13,259",33.4,3.2,105
Seychelles,SYC,AFR,High,2015,4.2,567,73.5,26.1,26.1,,0.4,0.0,30,,"1,968","5,551","13,358",31.5,3.1,107
Seychelles,SYC,AFR,High,2016,4.7,673,69.1,26.9,25.3,0.7,3.9,0.0,219,278,"2,269","6,478","14,282",34.5,3.3,110
Seychelles,SYC,AFR,High,2017,4.5,667,73.0,26.4,24.6,0.7,0.6,0.0,188,4,"2,240","6,677","14,902",34.3,3.3,112
Seychelles,SYC,AFR,High,2018,4.4,685,71.6,27.9,26.2,0.7,0.4,0.0,205,0,"2,498","6,828","15,511",33.0,3.2,115
Seychelles,SYC,AFR,High,2019,4.3,675,71.5,28.5,26.3,0.7,0.0,0.0,208,0,"2,491","6,781","15,884",31.7,3.0,118
Seychelles,SYC,AFR,High,2020,5.8,671,76.7,23.0,21.6,0.6,0.3,0.0,201,0,"2,553","9,065","11,494",46.7,4.5,120
Seychelles,SYC,AFR,High,2021,5.2,630,71.4,28.6,26.9,0.8,0.0,0.0,171,0,"2,872","7,614","12,092",38.8,3.7,123
Seychelles,SYC,AFR,High,2022,4.4,707,68.2,31.8,30.0,0.9,0.0,0.0,187,0,"3,025","6,884","16,079",31.3,3.0,126
Seychelles,SYC,AFR,High,2023,4.5,766,70.3,29.7,28.0,0.8,0.0,0.0,190,0,"3,003","7,548","17,096",32.9,3.1,128
Sierra Leone,SLE,AFR,Low,2000,5.3,18,10.6,86.4,85.7,0.7,3.0,0.0,"1,143",220,"31,688","4,134",334,10.3,0.6,"4,424"
Sierra Leone,SLE,AFR,Low,2001,5.2,19,12.5,78.4,77.8,0.6,9.1,0.0,"3,541",183,"29,844","4,988",370,12.0,0.7,"4,693"
Sierra Leone,SLE,AFR,Low,2002,5.6,22,12.3,73.5,73.0,0.6,14.1,0.0,"4,091","2,769","34,158","8,546",401,12.6,0.7,"4,971"
Sierra Leone,SLE,AFR,Low,2003,5.1,22,12.6,79.4,78.8,0.6,8.0,0.0,"2,517","1,898","40,275","8,347",430,11.7,0.6,"5,178"
Sierra Leone,SLE,AFR,Low,2004,5.2,23,11.6,73.4,72.8,0.6,15.0,0.0,"7,197","2,483","45,328","9,699",440,11.1,0.6,"5,356"
Sierra Leone,SLE,AFR,Low,2005,5.2,26,11.3,70.9,70.3,0.5,17.8,0.0,"9,097","4,699","52,952","13,222",498,10.9,0.6,"5,502"
Sierra Leone,SLE,AFR,Low,2006,5.3,30,10.3,67.6,67.1,0.5,22.1,0.0,"12,492","7,373","58,904","16,375",559,10.0,0.5,"5,624"
Sierra Leone,SLE,AFR,Low,2007,5.3,32,8.3,72.7,72.2,0.5,18.9,0.0,"12,432","6,134","68,770","14,048",600,8.1,0.4,"5,749"
Sierra Leone,SLE,AFR,Low,2008,5.6,37,8.1,72.1,71.6,0.5,19.7,0.0,"8,624","13,868","79,484","22,907",665,10.3,0.5,"5,895"
Sierra Leone,SLE,AFR,Low,2009,6.3,39,10.1,65.8,65.3,0.5,24.1,0.0,"16,310","16,359","86,945","29,800",627,11.3,0.6,"6,056"
Sierra Leone,SLE,AFR,Low,2010,5.6,38,14.4,56.6,56.2,0.4,28.9,0.0,"26,910","17,309","84,624","39,018",671,12.5,0.8,"6,223"
Sierra Leone,SLE,AFR,Low,2011,6.6,50,10.7,60.7,60.2,0.5,28.6,0.0,"37,041","25,745","130,010","48,814",751,13.2,0.7,"6,387"
Sierra Leone,SLE,AFR,Low,2012,5.9,52,10.8,68.2,67.7,0.5,21.0,0.0,"23,289","25,323","152,878","49,686",877,13.5,0.6,"6,551"
Sierra Leone,SLE,AFR,Low,2013,8.5,85,7.0,63.3,62.8,0.5,29.8,0.0,"70,750","28,068","231,022","53,665","1,004",11.4,0.6,"6,714"
Sierra Leone,SLE,AFR,Low,2014,15.1,144,6.8,40.4,35.0,0.3,52.8,0.0,"125,654","19,188","227,619","63,319",950,13.5,1.0,"6,876"
Sierra Leone,SLE,AFR,Low,2015,12.4,119,6.5,41.0,35.6,0.3,52.5,0.0,"88,956","72,771","214,611","112,240",958,13.1,0.8,"7,038"
Sierra Leone,SLE,AFR,Low,2016,10.1,84,6.6,50.4,43.7,0.3,42.9,0.0,"105,387","104,409","231,550","139,393",838,14.9,0.7,"7,205"
Sierra Leone,SLE,AFR,Low,2017,6.0,47,9.1,56.2,54.5,0.5,34.8,0.0,"128,520",0,"190,657","30,677",789,15.0,0.5,"7,379"
Sierra Leone,SLE,AFR,Low,2018,5.3,45,9.3,61.9,61.0,0.3,28.9,0.0,"109,446",0,"216,848","29,260",846,13.7,0.5,"7,555"
Sierra Leone,SLE,AFR,Low,2019,5.7,48,13.6,54.2,52.9,0.7,32.2,0.0,"148,047",0,"229,393","56,278",844,13.3,0.8,"7,732"
Sierra Leone,SLE,AFR,Low,2020,5.7,48,14.6,53.5,52.3,0.4,31.9,0.0,"156,201",0,"246,376","68,141",845,15.6,0.8,"7,913"
Sierra Leone,SLE,AFR,Low,2021,5.1,45,22.6,51.7,51.4,0.2,25.7,0.0,"122,079",0,"240,976","105,680",885,20.3,1.1,"8,095"
Sierra Leone,SLE,AFR,Low,2022,4.8,41,18.1,55.2,54.9,0.3,26.7,0.0,"156,990",0,"318,830","104,611",860,19.5,0.9,"8,277"
Sierra Leone,SLE,AFR,Low,2023,4.7,36,16.7,54.8,54.5,0.3,28.5,0.0,"220,137",0,"415,004","126,765",758,17.7,0.8,"8,461"
South Africa,ZAF,AFR,Upper-middle,2000,7.3,236,36.6,62.8,14.5,47.4,0.6,0.0,802,0,237,600,"3,218",22.6,2.7,"47,160"
South Africa,ZAF,AFR,Upper-middle,2001,7.1,203,33.7,65.6,14.1,50.6,0.6,0.0,910,0,247,589,"2,847",22.6,2.4,"47,567"
South Africa,ZAF,AFR,Upper-middle,2002,6.7,180,34.5,64.8,13.6,50.4,0.6,0.0,982,0,257,653,"2,688",22.2,2.3,"48,019"
South Africa,ZAF,AFR,Upper-middle,2003,7.0,286,39.6,54.8,12.3,46.6,5.5,0.0,"1,039",0,267,858,"4,062",22.6,2.8,"48,500"
South Africa,ZAF,AFR,Upper-middle,2004,6.9,362,39.4,55.2,11.8,47.5,5.5,0.0,"1,142",0,277,921,"5,221",22.7,2.7,"48,991"
South Africa,ZAF,AFR,Upper-middle,2005,6.9,401,40.0,48.2,11.3,47.2,11.8,0.0,"1,240",0,288,"1,019","5,837",25.1,2.7,"49,490"
South Africa,ZAF,AFR,Upper-middle,2006,6.9,418,47.0,46.6,10.6,46.5,6.4,0.0,"1,363",0,299,"1,168","6,077",24.7,3.2,"49,998"
South Africa,ZAF,AFR,Upper-middle,2007,6.9,455,47.8,44.9,9.7,45.7,7.3,0.0,"1,540",0,311,"1,356","6,592",24.4,3.3,"50,529"
South Africa,ZAF,AFR,Upper-middle,2008,7.1,442,47.4,44.6,8.8,46.5,8.1,0.0,"1,798",0,323,"1,532","6,185",26.0,3.4,"51,115"
South Africa,ZAF,AFR,Upper-middle,2009,7.6,488,49.7,42.2,8.1,44.8,8.1,0.0,"1,971",0,335,"1,826","6,375",28.5,3.8,"51,729"
South Africa,ZAF,AFR,Upper-middle,2010,7.8,621,51.3,41.0,8.0,43.8,7.6,0.0,"2,101",0,364,"2,085","7,973",28.3,4.0,"52,344"
South Africa,ZAF,AFR,Upper-middle,2011,7.9,687,51.9,41.0,7.8,43.8,7.1,0.0,"2,283",0,387,"2,318","8,646",28.1,4.1,"52,995"
South Africa,ZAF,AFR,Upper-middle,2012,8.0,646,51.7,41.6,7.7,44.2,6.6,0.0,"2,447",0,410,"2,451","8,077",28.6,4.1,"53,783"
South Africa,ZAF,AFR,Upper-middle,2013,8.1,594,51.2,42.1,7.6,44.3,6.7,0.0,"2,680",0,436,"2,617","7,328",28.9,4.1,"54,679"
South Africa,ZAF,AFR,Upper-middle,2014,7.9,539,55.6,42.7,5.7,45.8,1.7,0.0,"2,815",0,332,"2,706","6,852",29.3,4.4,"55,595"
South Africa,ZAF,AFR,Upper-middle,2015,8.1,492,57.1,41.3,5.7,45.4,1.7,0.0,"2,991",0,360,"2,925","6,108",30.2,4.6,"56,724"
South Africa,ZAF,AFR,Upper-middle,2016,8.1,457,56.6,41.4,5.8,45.2,2.0,0.0,"3,210",0,389,"3,118","5,651",29.9,4.6,"57,260"
South Africa,ZAF,AFR,Upper-middle,2017,8.0,528,57.2,41.7,5.8,45.6,1.1,0.0,"3,319",0,410,"3,300","6,613",29.9,4.6,"57,635"
South Africa,ZAF,AFR,Upper-middle,2018,8.1,559,57.0,41.8,5.8,45.7,1.1,0.0,"3,503",0,432,"3,460","6,914",30.2,4.6,"58,613"
South Africa,ZAF,AFR,Upper-middle,2019,8.2,539,58.2,40.7,5.7,44.8,1.1,0.0,"3,621",0,447,"3,717","6,534",31.4,4.8,"59,588"
South Africa,ZAF,AFR,Upper-middle,2020,9.0,503,64.8,33.5,6.4,43.5,1.7,0.0,"3,752",0,533,"4,002","5,581",34.6,5.8,"60,562"
South Africa,ZAF,AFR,Upper-middle,2021,8.7,593,63.4,35.2,6.6,44.8,1.4,0.0,"4,041",0,579,"4,142","6,843",32.5,5.5,"61,503"
South Africa,ZAF,AFR,Upper-middle,2022,8.7,570,61.6,36.5,6.7,45.5,1.9,0.0,"4,423",0,627,"4,281","6,523",31.9,5.4,"62,378"
South Africa,ZAF,AFR,Upper-middle,2023,8.9,537,61.6,36.3,6.7,45.3,2.1,0.0,"4,691",0,663,"4,547","6,023",32.5,5.5,"63,212"
South Sudan,SSD,AFR,Low,2017,22.1,28,8.4,23.4,19.2,2.7,68.1,0.0,"2,307",0,612,269,127,88.6,1.9,"10,259"
South Sudan,SSD,AFR,Low,2018,11.7,31,10.2,31.7,25.7,3.6,58.2,0.0,"2,822",0,"1,131",447,266,56.4,1.2,"10,123"
South Sudan,SSD,AFR,Low,2019,9.1,35,10.9,51.5,42.2,5.9,37.5,0.0,"2,604",0,"2,345",609,388,47.1,1.0,"10,423"
South Sudan,SSD,AFR,Low,2020,9.4,47,7.6,48.3,39.5,5.5,44.2,0.0,"4,165",0,"3,105",594,507,33.5,0.7,"10,698"
South Sudan,SSD,AFR,Low,2021,6.3,35,14.7,38.9,30.9,4.3,46.3,0.0,"5,796",1,"3,289","1,572",552,44.1,0.9,"10,866"
South Sudan,SSD,AFR,Low,2022,6.6,48,9.5,39.9,31.8,4.4,50.6,0.0,"15,070",1,"8,160","2,445",731,29.7,0.6,"11,021"
South Sudan,SSD,AFR,Low,2023,11.6,73,4.3,33.4,27.1,3.8,62.3,0.0,"46,390",2,"18,373","2,923",627,23.5,0.5,"11,483"
Togo,TGO,AFR,Low,2000,3.3,13,8.7,88.0,81.6,6.2,3.3,0.0,732,163,"7,567",972,392,11.9,0.3,"5,140"
Togo,TGO,AFR,Low,2001,3.4,13,9.4,86.8,80.5,6.1,3.8,0.0,752,206,"7,693","1,108",379,10.9,0.3,"5,277"
Togo,TGO,AFR,Low,2002,3.4,15,9.9,85.9,79.7,6.0,4.2,0.0,794,261,"8,102","1,267",425,8.4,0.3,"5,413"
Togo,TGO,AFR,Low,2003,3.4,18,10.9,84.1,78.0,5.9,4.9,0.0,802,330,"8,015","1,453",514,8.9,0.4,"5,552"
Togo,TGO,AFR,Low,2004,3.5,19,12.8,81.1,75.2,5.7,6.2,0.0,770,417,"7,384","1,670",535,10.6,0.4,"5,697"
Togo,TGO,AFR,Low,2005,4.0,21,12.6,80.8,74.8,5.7,6.6,0.0,856,527,"8,276","1,925",527,13.3,0.5,"5,845"
Togo,TGO,AFR,Low,2006,4.3,23,13.1,79.5,73.6,5.6,7.4,0.0,911,664,"8,751","2,221",528,14.7,0.6,"6,011"
Togo,TGO,AFR,Low,2007,3.7,22,16.2,73.8,67.0,6.5,10.0,0.0,962,837,"7,165","2,567",608,13.7,0.6,"6,188"
Togo,TGO,AFR,Low,2008,3.7,27,16.0,73.1,66.3,6.4,10.8,0.0,"1,058","1,055","7,958","2,979",719,12.4,0.6,"6,369"
Togo,TGO,AFR,Low,2009,3.9,28,17.4,72.0,65.4,6.2,10.7,0.0,"1,137","1,158","8,703","3,471",721,14.3,0.7,"6,552"
Togo,TGO,AFR,Low,2010,4.3,31,25.9,68.2,62.3,5.5,5.9,0.0,"1,177",606,"9,411","4,525",705,15.1,1.1,"6,733"
Togo,TGO,AFR,Low,2011,4.4,34,23.5,68.1,62.1,5.4,8.4,0.0,"1,264","1,061","10,078","4,874",784,18.2,1.0,"6,916"
Togo,TGO,AFR,Low,2012,4.6,35,25.1,64.7,59.2,5.0,10.2,2.5,"1,304","1,521","10,709","5,607",762,19.1,1.2,"7,101"
Togo,TGO,AFR,Low,2013,4.8,40,20.1,63.5,57.9,4.8,16.4,4.4,"1,363","2,950","11,308","6,017",827,20.5,1.0,"7,285"
Togo,TGO,AFR,Low,2014,4.9,42,20.4,64.7,57.3,6.3,15.0,5.6,"1,903","2,726","11,874","5,777",856,21.9,1.0,"7,472"
Togo,TGO,AFR,Low,2015,6.2,47,14.8,73.1,67.0,3.3,12.1,2.0,"2,054","3,006","18,576","6,569",751,22.9,0.9,"7,663"
Togo,TGO,AFR,Low,2016,6.6,51,14.8,69.9,63.4,4.3,15.3,2.8,"2,610","3,959","19,116","7,596",773,22.9,1.0,"7,858"
Togo,TGO,AFR,Low,2017,6.5,52,16.1,68.8,61.5,4.2,15.0,2.5,"2,214","4,489","18,397","8,576",793,16.3,1.0,"8,057"
Togo,TGO,AFR,Low,2018,6.2,52,16.7,73.7,64.7,5.8,9.5,2.7,"2,645","2,769","18,834","6,852",851,18.8,1.0,"8,259"
Togo,TGO,AFR,Low,2019,5.9,49,15.1,75.8,66.2,6.2,9.1,3.5,"2,827","2,529","18,952","5,841",826,16.6,0.9,"8,463"
Togo,TGO,AFR,Low,2020,6.2,53,14.7,70.2,64.3,4.2,15.1,3.4,"1,848","4,504","19,531","7,953",852,23.7,0.9,"8,670"
Togo,TGO,AFR,Low,2021,5.6,53,9.9,73.9,69.0,4.5,16.2,3.7,"1,577","4,580","20,174","6,399",939,21.8,0.6,"8,878"
Togo,TGO,AFR,Low,2022,6.2,56,10.7,68.7,64.2,4.2,20.6,4.0,"6,415","2,346","22,332","4,669",894,26.0,0.7,"9,090"
Togo,TGO,AFR,Low,2023,6.1,60,11.1,68.9,64.3,4.2,20.0,4.2,"4,382","4,482","23,262","7,004",976,26.6,0.7,"9,304"
Uganda,UGA,AFR,Low,2000,5.1,16,25.0,43.6,43.0,0.1,31.5,0.0,"8,090",556,"11,624","7,299",323,15.2,1.3,"24,000"
Uganda,UGA,AFR,Low,2001,5.1,16,26.7,43.9,43.4,0.2,29.3,0.0,"7,774",619,"12,185","8,124",317,16.2,1.4,"24,746"
Uganda,UGA,AFR,Low,2002,4.8,16,30.7,45.1,44.0,0.6,24.1,0.0,"6,431",718,"12,456","9,415",330,16.8,1.5,"25,533"
Uganda,UGA,AFR,Low,2003,4.3,14,34.3,47.1,45.4,1.1,18.6,0.0,"4,809",870,"12,695","10,447",331,16.5,1.5,"26,352"
Uganda,UGA,AFR,Low,2004,4.7,19,29.1,40.2,38.4,1.3,30.7,0.0,"9,926","1,034","12,927","10,831",396,15.6,1.4,"27,155"
Uganda,UGA,AFR,Low,2005,5.8,26,17.8,50.2,48.6,1.2,32.0,0.0,"11,660","3,822","22,384","12,015",446,14.5,1.0,"27,963"
Uganda,UGA,AFR,Low,2006,6.5,32,15.2,55.6,54.1,1.1,29.3,0.0,"13,487","4,324","31,286","13,106",489,13.7,1.0,"28,794"
Uganda,UGA,AFR,Low,2007,6.1,36,16.9,56.1,54.5,1.2,27.0,0.0,"12,931","4,894","33,900","15,390",591,13.2,1.0,"29,653"
Uganda,UGA,AFR,Low,2008,5.5,40,17.2,54.3,52.7,1.2,28.5,0.0,"10,045","10,656","36,335","22,512",734,12.9,0.9,"30,540"
Uganda,UGA,AFR,Low,2009,5.8,44,14.3,44.2,42.8,1.0,41.5,0.0,"27,967","10,650","38,601","23,518",766,11.8,0.8,"31,451"
Uganda,UGA,AFR,Low,2010,6.8,52,16.1,38.7,37.4,1.1,45.1,0.0,"36,064","16,468","42,246","34,675",762,15.4,1.1,"32,391"
Uganda,UGA,AFR,Low,2011,6.7,55,13.6,36.2,33.0,3.0,50.2,0.0,"54,485","19,137","45,976","38,035",824,13.2,0.9,"33,355"
Uganda,UGA,AFR,Low,2012,6.1,55,15.1,38.8,37.5,1.0,46.0,0.0,"51,139","14,129","51,710","35,000",901,13.1,0.9,"34,337"
Uganda,UGA,AFR,Low,2013,5.8,53,16.8,45.7,42.5,1.5,37.4,0.0,"42,815","12,980","58,191","35,857",915,13.3,1.0,"35,337"
Uganda,UGA,AFR,Low,2014,5.3,51,17.8,46.2,40.1,1.9,36.0,0.0,"43,483","12,451","53,186","35,811",955,13.6,1.0,"36,396"
Uganda,UGA,AFR,Low,2015,5.0,40,15.2,41.9,39.5,1.8,42.9,0.0,"54,162","4,951","51,290","24,493",803,14.9,0.8,"37,531"
Uganda,UGA,AFR,Low,2016,5.0,39,15.7,43.1,40.6,1.9,41.3,0.0,"58,723",5,"54,280","20,659",779,15.2,0.8,"38,799"
Uganda,UGA,AFR,Low,2017,4.0,31,16.0,40.9,38.1,2.3,43.1,0.0,"52,332",52,"43,243","17,955",786,16.3,0.6,"40,177"
Uganda,UGA,AFR,Low,2018,4.0,33,16.8,39.7,35.6,3.2,43.5,0.0,"59,170",48,"43,757","19,886",819,16.2,0.7,"41,566"
Uganda,UGA,AFR,Low,2019,3.8,33,15.1,42.9,38.3,3.8,42.0,0.0,"57,986",35,"47,285","18,317",880,18.3,0.6,"43,000"
Uganda,UGA,AFR,Low,2020,5.2,45,22.7,31.3,29.9,1.2,46.0,0.0,"63,629","15,654","49,797","52,905",854,21.4,1.2,"44,457"
Uganda,UGA,AFR,Low,2021,5.5,51,21.0,29.0,27.4,1.6,50.0,0.0,"87,024","8,455","50,079","45,961",932,21.4,1.1,"45,911"
Uganda,UGA,AFR,Low,2022,4.5,44,22.1,35.9,33.8,2.0,42.0,0.0,"48,015","25,185","55,531","60,552",999,20.2,1.0,"47,313"
Uganda,UGA,AFR,Low,2023,4.2,45,21.8,34.1,32.2,1.9,44.1,0.0,"56,302","22,153","54,200","57,968","1,067",19.0,0.9,"48,657"
United Republic of Tanzania,TZA,AFR,Lower-middle,2000,3.4,12,21.8,40.5,38.5,2.1,37.6,3.6,"2,234","1,683","3,797","3,485",361,12.3,0.7,"34,260"
United Republic of Tanzania,TZA,AFR,Lower-middle,2001,4.2,15,25.7,42.7,40.9,1.8,31.6,2.9,"1,880","2,559","5,440","5,592",358,12.4,1.1,"35,198"
United Republic of Tanzania,TZA,AFR,Lower-middle,2002,4.7,17,28.4,44.2,42.5,1.7,27.4,2.9,"1,397","3,390","7,001","7,593",363,13.6,1.3,"36,121"
United Republic of Tanzania,TZA,AFR,Lower-middle,2003,5.3,20,27.9,45.0,40.0,1.4,27.0,2.9,"2,894","3,897","8,474","9,204",382,15.4,1.5,"37,090"
United Republic of Tanzania,TZA,AFR,Lower-middle,2004,5.7,23,34.3,38.7,37.4,1.3,27.0,3.7,"3,123","4,118","9,546","11,921",409,17.0,2.0,"38,110"
United Republic of Tanzania,TZA,AFR,Lower-middle,2005,6.3,28,36.6,34.9,33.7,1.2,28.6,4.1,"4,439","4,863","10,548","15,018",438,18.3,2.3,"39,182"
United Republic of Tanzania,TZA,AFR,Lower-middle,2006,7.6,36,31.3,26.6,25.8,0.9,42.0,3.6,"6,134","12,987","11,485","25,356",468,17.6,2.4,"40,295"
United Republic of Tanzania,TZA,AFR,Lower-middle,2007,6.9,36,28.2,29.4,28.5,0.9,42.4,3.1,"7,129","12,421","12,847","23,736",526,17.8,1.9,"41,436"
United Republic of Tanzania,TZA,AFR,Lower-middle,2008,5.6,36,40.6,33.6,32.6,1.0,25.8,2.8,"5,811","5,810","14,137","22,206",653,18.1,2.3,"42,571"
United Republic of Tanzania,TZA,AFR,Lower-middle,2009,5.1,34,29.3,35.7,34.6,1.0,35.0,2.4,"7,162","8,835","15,386","20,789",672,19.6,1.5,"43,634"
United Republic of Tanzania,TZA,AFR,Lower-middle,2010,5.2,37,27.8,32.8,31.9,0.9,39.4,1.8,"15,021","5,920","16,553","19,413",712,19.8,1.4,"44,758"
United Republic of Tanzania,TZA,AFR,Lower-middle,2011,5.1,38,25.5,29.6,28.0,1.7,44.9,2.3,"20,758","6,635","16,435","20,233",747,19.0,1.3,"46,029"
United Republic of Tanzania,TZA,AFR,Lower-middle,2012,5.0,42,23.4,28.2,24.7,2.2,48.3,2.7,"26,944","7,300","16,297","20,976",837,19.6,1.2,"47,374"
United Republic of Tanzania,TZA,AFR,Lower-middle,2013,4.6,43,25.5,26.0,24.1,1.3,48.5,3.5,"22,284","12,721","16,731","27,997",936,18.8,1.2,"48,824"
United Republic of Tanzania,TZA,AFR,Lower-middle,2014,4.0,40,29.9,26.6,26.0,0.6,43.6,4.4,"11,000","17,802","17,113","34,559",993,17.3,1.2,"50,352"
United Republic of Tanzania,TZA,AFR,Lower-middle,2015,3.6,33,34.4,27.7,25.8,1.9,37.8,6.5,"12,329","13,953","17,097","32,442",912,17.2,1.3,"52,021"
United Republic of Tanzania,TZA,AFR,Lower-middle,2016,4.0,37,40.6,23.0,21.9,0.8,36.4,7.1,"4,347","16,126","17,470","42,893",925,16.9,1.6,"53,824"
United Republic of Tanzania,TZA,AFR,Lower-middle,2017,4.0,39,38.7,22.1,21.3,0.7,39.3,6.7,"14,087","20,752","18,502","48,552",970,16.4,1.6,"55,653"
United Republic of Tanzania,TZA,AFR,Lower-middle,2018,4.3,41,37.6,21.6,20.8,0.7,40.9,6.6,"16,689","22,196","19,427","51,123",954,17.3,1.6,"57,437"
United Republic of Tanzania,TZA,AFR,Lower-middle,2019,4.0,40,40.5,22.6,21.8,0.8,36.8,7.1,"19,329","15,098","19,962","45,665",994,17.3,1.6,"59,175"
United Republic of Tanzania,TZA,AFR,Lower-middle,2020,3.1,32,28.2,30.1,29.0,1.0,41.6,9.5,"17,627","13,444","21,117","27,086","1,039",17.4,0.9,"60,973"
United Republic of Tanzania,TZA,AFR,Lower-middle,2021,3.5,38,27.2,26.4,25.4,0.9,46.4,8.8,"17,965","22,845","21,941","38,742","1,082",18.4,0.9,"62,830"
United Republic of Tanzania,TZA,AFR,Lower-middle,2022,3.1,36,31.3,29.0,28.0,1.0,39.7,10.1,"18,294","15,399","23,143","32,941","1,146",19.1,1.0,"64,712"
United Republic of Tanzania,TZA,AFR,Lower-middle,2023,3.1,36,31.7,29.0,27.9,1.0,39.4,10.2,"19,642","15,261","24,132","33,782","1,188",18.8,1.0,"66,618"
Zambia,ZMB,AFR,Lower-middle,2000,4.1,15,35.8,57.9,45.5,0.6,6.3,0.0,8,1,21,17,359,21.4,1.5,"10,018"
Zambia,ZMB,AFR,Lower-middle,2001,4.8,19,40.3,49.5,38.8,0.5,10.2,0.0,14,1,27,28,397,28.0,1.9,"10,325"
Zambia,ZMB,AFR,Lower-middle,2002,5.9,23,32.2,36.8,28.4,0.4,30.9,0.0,22,18,29,51,394,27.6,1.9,"10,648"
Zambia,ZMB,AFR,Lower-middle,2003,6.0,27,24.2,37.8,28.4,0.3,38.0,0.0,32,30,36,59,446,27.3,1.5,"10,984"
Zambia,ZMB,AFR,Lower-middle,2004,5.5,30,24.1,41.2,31.1,0.6,34.7,0.0,60,4,45,39,549,23.3,1.3,"11,338"
Zambia,ZMB,AFR,Lower-middle,2005,6.3,45,19.6,34.6,26.1,0.7,45.7,0.0,66,43,52,82,711,22.5,1.2,"11,719"
Zambia,ZMB,AFR,Lower-middle,2006,5.6,59,23.8,35.9,25.7,1.9,40.3,0.0,80,27,54,77,"1,052",19.7,1.3,"12,130"
Zambia,ZMB,AFR,Lower-middle,2007,4.6,51,32.6,33.6,24.8,1.7,33.8,0.0,67,20,51,86,"1,119",19.9,1.5,"12,565"
Zambia,ZMB,AFR,Lower-middle,2008,4.5,62,35.3,26.6,20.4,1.3,38.1,0.0,48,55,47,136,"1,376",19.5,1.6,"13,021"
Zambia,ZMB,AFR,Lower-middle,2009,5.2,59,31.9,18.4,14.7,0.8,49.7,0.0,87,73,44,169,"1,136",17.8,1.7,"13,490"
Zambia,ZMB,AFR,Lower-middle,2010,4.1,60,37.7,17.0,14.2,0.7,45.2,0.0,73,65,41,174,"1,451",18.1,1.6,"13,966"
Zambia,ZMB,AFR,Lower-middle,2011,4.0,64,39.7,14.3,12.2,0.5,46.0,0.0,150,4,38,125,"1,625",19.5,1.6,"14,438"
Zambia,ZMB,AFR,Lower-middle,2012,4.0,69,38.1,15.5,12.6,0.6,46.4,0.0,138,44,45,173,"1,710",21.9,1.5,"14,914"
Zambia,ZMB,AFR,Lower-middle,2013,4.6,83,28.6,15.2,11.7,0.3,56.1,0.0,227,30,53,162,"1,821",24.0,1.3,"15,399"
Zambia,ZMB,AFR,Lower-middle,2014,3.8,65,49.5,18.0,13.8,0.3,32.5,0.0,118,19,56,218,"1,708",24.3,1.9,"15,895"
Zambia,ZMB,AFR,Lower-middle,2015,4.4,57,47.2,16.4,12.3,0.3,36.4,0.0,159,39,61,272,"1,296",27.6,2.1,"16,399"
Zambia,ZMB,AFR,Lower-middle,2016,4.5,55,38.4,19.1,12.1,0.5,42.6,0.0,185,88,69,307,"1,239",23.9,1.7,"16,914"
Zambia,ZMB,AFR,Lower-middle,2017,4.8,71,52.5,15.9,10.7,0.9,31.6,0.0,190,58,72,413,"1,483",25.0,2.5,"17,441"
Zambia,ZMB,AFR,Lower-middle,2018,4.8,70,43.8,12.1,10.3,0.0,44.1,0.0,281,54,75,374,"1,464",27.7,2.1,"17,974"
Zambia,ZMB,AFR,Lower-middle,2019,6.8,85,33.4,8.6,7.3,0.0,58.0,0.0,531,119,79,485,"1,259",29.8,2.3,"18,514"
Zambia,ZMB,AFR,Lower-middle,2020,6.3,60,57.0,10.0,8.1,0.2,33.0,3.5,158,112,89,700,952,34.0,3.6,"19,059"
Zambia,ZMB,AFR,Lower-middle,2021,6.6,75,42.5,8.0,7.1,0.1,49.5,5.9,418,141,106,689,"1,127",30.5,2.8,"19,604"
Zambia,ZMB,AFR,Lower-middle,2022,5.2,75,48.1,10.1,8.9,0.1,41.8,6.4,339,210,114,742,"1,447",28.2,2.5,"20,153"
Zambia,ZMB,AFR,Lower-middle,2023,6.0,80,40.7,11.4,10.3,0.1,47.9,5.4,382,406,165,973,"1,331",27.4,2.4,"20,724"
Zimbabwe,ZWE,AFR,Lower-middle,2010,10.5,94,26.3,46.2,34.4,11.6,27.5,0.0,36,3,33,26,902,20.0,2.8,"13,357"
Zimbabwe,ZWE,AFR,Lower-middle,2011,8.1,84,26.2,54.6,37.2,16.9,19.2,0.0,32,2,31,21,"1,037",16.7,2.1,"13,595"
Zimbabwe,ZWE,AFR,Lower-middle,2012,6.9,86,28.9,55.8,35.0,20.2,15.3,0.0,34,1,30,22,"1,239",14.3,2.0,"13,818"
Zimbabwe,ZWE,AFR,Lower-middle,2013,7.1,97,28.4,51.5,29.8,21.1,20.1,0.0,43,2,29,25,"1,362",25.0,2.0,"14,014"
Zimbabwe,ZWE,AFR,Lower-middle,2014,8.1,112,33.6,46.2,24.8,21.0,20.2,0.0,48,2,28,36,"1,372",25.0,2.7,"14,207"
Zimbabwe,ZWE,AFR,Lower-middle,2015,7.5,103,20.8,54.9,25.8,28.9,24.3,0.0,48,10,27,29,"1,386",25.0,1.6,"14,399"
Zimbabwe,ZWE,AFR,Lower-middle,2016,7.3,102,18.9,51.6,24.6,26.4,29.5,0.0,53,5,25,24,"1,407",25.0,1.4,"14,600"
Zimbabwe,ZWE,AFR,Lower-middle,2017,6.2,92,25.1,37.7,10.5,26.3,37.1,0.0,55,4,10,27,"1,488",22.2,1.6,"14,812"
Zimbabwe,ZWE,AFR,Lower-middle,2018,4.7,115,34.1,36.1,8.8,26.1,29.8,0.0,61,4,10,44,"2,456",20.0,1.6,"15,034"
Zimbabwe,ZWE,AFR,Lower-middle,2019,3.2,55,14.3,23.8,9.1,14.1,61.9,0.0,38,4,5,12,"1,705",14.1,0.5,"15,271"
Zimbabwe,ZWE,AFR,Lower-middle,2020,3.0,51,22.1,22.2,10.4,7.4,55.7,0.0,33,2,5,13,"1,731",13.8,0.7,"15,527"
Zimbabwe,ZWE,AFR,Lower-middle,2021,2.7,61,32.9,20.1,8.9,6.3,47.0,0.0,29,6,5,26,"2,280",18.6,0.9,"15,797"
Zimbabwe,ZWE,AFR,Lower-middle,2022,3.4,69,30.0,18.8,8.7,6.2,51.2,0.0,36,6,6,27,"2,030",21.5,1.0,"16,069"
Zimbabwe,ZWE,AFR,Lower-middle,2023,2.9,63,32.4,22.7,10.6,7.6,45.0,0.0,30,5,7,26,"2,151",20.0,0.9,"16,341"
Afghanistan,AFG,EMR,Low,2002,9.4,17,0.9,85.4,85.4,,13.7,0.0,108,,674,7,177,6.9,0.1,"21,378"
Afghanistan,AFG,EMR,Low,2003,8.9,18,7.3,86.1,86.1,,6.7,0.0,58,,745,63,198,11.9,0.7,"22,733"
Afghanistan,AFG,EMR,Low,2004,9.8,21,5.5,84.5,84.5,,9.9,0.0,102,,866,57,218,15.1,0.5,"23,561"
Afghanistan,AFG,EMR,Low,2005,9.9,25,5.3,79.0,79.0,,15.7,0.0,157,38,982,104,252,15.7,0.5,"24,405"
Afghanistan,AFG,EMR,Low,2006,10.6,29,4.7,76.8,76.8,,18.5,0.0,185,82,"1,110",150,272,18.3,0.5,"25,424"
Afghanistan,AFG,EMR,Low,2007,9.9,33,5.7,78.2,78.2,,16.2,0.0,182,83,"1,277",175,330,21.4,0.6,"25,910"
Afghanistan,AFG,EMR,Low,2008,10.3,40,6.1,75.4,75.4,,18.5,0.0,172,198,"1,511",320,389,20.9,0.6,"26,483"
Afghanistan,AFG,EMR,Low,2009,9.8,43,5.4,72.8,72.8,,21.8,0.0,372,101,"1,580",219,439,21.2,0.5,"27,466"
Afghanistan,AFG,EMR,Low,2010,8.6,46,5.5,79.0,79.0,,15.5,0.0,223,112,"1,704",230,542,20.8,0.5,"28,284"
Afghanistan,AFG,EMR,Low,2011,8.6,52,5.6,73.3,73.3,,21.1,0.0,364,152,"1,787",289,610,21.9,0.5,"29,348"
Afghanistan,AFG,EMR,Low,2012,7.9,52,4.3,74.5,74.5,,21.2,0.0,445,121,"1,989",237,664,25.0,0.3,"30,560"
Afghanistan,AFG,EMR,Low,2013,8.8,56,5.0,72.0,72.0,,22.9,0.0,506,207,"2,241",363,638,25.0,0.4,"31,623"
Afghanistan,AFG,EMR,Low,2014,9.5,60,5.0,73.1,73.1,,22.0,0.0,496,260,"2,511",430,630,25.4,0.5,"32,793"
Afghanistan,AFG,EMR,Low,2015,10.1,60,5.2,78.4,78.4,,16.4,0.0,310,293,"2,872",482,593,25.9,0.5,"33,832"
Afghanistan,AFG,EMR,Low,2016,11.8,61,5.1,76.0,76.0,,18.9,0.0,509,280,"3,164",491,519,28.0,0.6,"34,701"
Afghanistan,AFG,EMR,Low,2017,12.6,67,5.1,75.5,75.5,,19.4,0.0,616,267,"3,431",498,529,27.7,0.6,"35,689"
Afghanistan,AFG,EMR,Low,2018,14.2,71,3.9,76.4,76.2,,19.7,0.0,753,301,"3,913",468,501,28.9,0.6,"36,743"
Afghanistan,AFG,EMR,Low,2019,14.8,74,3.4,76.8,76.8,,19.8,0.0,868,299,"4,423",466,499,28.0,0.5,"37,856"
Afghanistan,AFG,EMR,Low,2020,15.5,80,7.6,76.2,74.8,,16.1,0.0,772,308,"4,603",778,516,27.9,1.2,"39,069"
Afghanistan,AFG,EMR,Low,2021,21.5,82,3.3,77.3,77.2,,19.3,0.0,"1,194",122,"5,195",339,379,17.9,0.7,"40,000"
Afghanistan,AFG,EMR,Low,2022,23.1,81,0.8,77.9,77.9,,21.3,0.0,964,0,"5,692",62,349,16.1,0.2,"40,579"
Afghanistan,AFG,EMR,Low,2023,15.0,59,1.7,77.1,77.1,,21.2,0.0,587,0,"3,767",88,394,17.0,0.2,"41,455"
Bahrain,BHR,EMR,High,2000,3.2,452,71.1,28.9,27.5,1.3,0.0,0.0,2,,47,121,"14,109",22.2,2.3,670
Bahrain,BHR,EMR,High,2001,3.3,458,71.7,28.3,26.8,1.5,0.0,0.0,3,0,46,123,"13,686",26.5,2.4,700
Bahrain,BHR,EMR,High,2002,3.5,469,71.3,28.7,27.0,1.7,0.0,0.0,3,0,48,126,"13,294",30.6,2.5,752
Bahrain,BHR,EMR,High,2003,3.7,531,66.0,34.0,32.3,1.7,0.0,0.0,3,0,64,132,"14,231",28.1,2.5,811
Bahrain,BHR,EMR,High,2004,3.4,528,67.3,32.7,30.7,1.9,0.0,0.0,4,0,61,134,"15,733",25.0,2.3,871
Bahrain,BHR,EMR,High,2005,3.1,558,69.9,30.1,27.5,2.6,0.0,0.0,6,0,58,147,"17,849",23.9,2.2,933
Bahrain,BHR,EMR,High,2006,3.0,578,69.4,30.6,26.7,3.9,0.0,0.0,8,0,58,151,"19,397",23.1,2.1,995
Bahrain,BHR,EMR,High,2007,3.2,677,64.3,35.7,30.2,5.5,0.0,0.0,14,0,77,163,"21,424",22.4,2.0,"1,057"
Bahrain,BHR,EMR,High,2008,3.1,735,65.2,34.8,27.9,6.9,0.0,0.1,19,0,77,180,"23,916",22.7,2.0,"1,121"
Bahrain,BHR,EMR,High,2009,4.2,839,66.2,33.8,26.6,7.2,0.0,0.1,23,0,84,208,"20,203",24.6,2.7,"1,184"
Bahrain,BHR,EMR,High,2010,3.9,867,65.2,34.8,26.7,8.0,0.0,0.1,26,0,87,212,"22,094",31.1,2.6,"1,213"
Bahrain,BHR,EMR,High,2011,3.7,922,65.3,34.7,26.3,8.3,0.0,0.1,29,0,91,226,"24,790",30.2,2.4,"1,207"
Bahrain,BHR,EMR,High,2012,4.0,"1,038",65.3,34.7,26.8,7.8,0.0,0.1,31,0,105,255,"26,279",31.1,2.6,"1,216"
Bahrain,BHR,EMR,High,2013,4.1,"1,115",65.2,34.8,26.9,7.8,0.0,0.1,33,0,113,273,"26,905",31.9,2.7,"1,257"
Bahrain,BHR,EMR,High,2014,4.2,"1,122",65.0,35.0,26.1,8.8,0.0,0.0,37,0,110,274,"26,485",27.3,2.8,"1,313"
Bahrain,BHR,EMR,High,2015,4.8,"1,128",65.0,35.0,25.9,9.0,0.0,0.0,39,0,110,276,"23,746",34.8,3.1,"1,370"
Bahrain,BHR,EMR,High,2016,4.6,"1,096",61.4,38.6,28.0,10.5,0.0,0.0,44,0,115,253,"23,703",33.3,2.8,"1,430"
Bahrain,BHR,EMR,High,2017,4.3,"1,080",56.9,43.1,32.0,11.0,0.0,0.0,45,0,130,231,"25,105",30.7,2.4,"1,482"
Bahrain,BHR,EMR,High,2018,3.9,"1,042",58.8,41.2,30.0,11.2,0.0,0.0,44,0,118,230,"26,421",32.1,2.3,"1,498"
Bahrain,BHR,EMR,High,2019,3.8,"1,030",58.3,41.7,30.0,11.7,0.0,0.0,46,0,116,226,"27,225",31.2,2.2,"1,486"
Bahrain,BHR,EMR,High,2020,4.6,"1,101",63.0,37.0,26.2,10.8,0.0,0.0,45,0,109,261,"24,164",34.6,2.9,"1,483"
Bahrain,BHR,EMR,High,2021,4.3,"1,177",63.7,36.3,25.8,10.5,0.0,0.0,46,0,114,282,"27,195",30.6,2.8,"1,502"
Bahrain,BHR,EMR,High,2022,3.9,"1,179",61.2,38.8,27.9,10.9,0.0,0.0,49,0,124,271,"30,296",27.5,2.4,"1,533"
Bahrain,BHR,EMR,High,2023,4.0,"1,176",59.3,40.7,28.7,12.1,0.0,0.0,53,0,127,262,"29,428",27.9,2.4,"1,570"
Djibouti,DJI,EMR,Lower-middle,2000,3.4,35,41.5,45.4,44.4,0.6,13.1,9.2,890,0,"2,799","2,037","1,045",23.2,1.4,747
Djibouti,DJI,EMR,Lower-middle,2001,3.2,34,39.1,49.0,48.0,0.6,11.8,8.8,766,0,"2,869","1,810","1,052",21.0,1.3,771
Djibouti,DJI,EMR,Lower-middle,2002,3.8,39,34.3,41.7,40.9,0.5,24.0,8.4,348,"1,395","2,871","3,210","1,053",23.4,1.3,796
Djibouti,DJI,EMR,Lower-middle,2003,4.3,46,35.2,35.1,34.4,0.4,29.7,8.2,608,"1,894","2,827","4,117","1,084",25.8,1.5,814
Djibouti,DJI,EMR,Lower-middle,2004,3.5,40,40.7,39.6,38.8,0.5,19.7,10.2,467,994,"2,762","3,164","1,133",26.7,1.4,826
Djibouti,DJI,EMR,Lower-middle,2005,3.8,45,36.7,36.1,35.3,0.5,27.2,9.3,"1,265",978,"2,832","3,178","1,187",26.2,1.4,839
Djibouti,DJI,EMR,Lower-middle,2006,4.2,53,40.9,31.8,31.2,0.3,27.4,8.5,"1,688",959,"2,949","4,024","1,262",23.8,1.7,856
Djibouti,DJI,EMR,Lower-middle,2007,4.1,55,42.8,30.9,30.2,0.4,26.4,8.9,"1,587","1,063","2,960","4,383","1,362",26.6,1.7,875
Djibouti,DJI,EMR,Lower-middle,2008,3.6,56,50.7,28.7,27.9,0.4,20.7,10.8,"1,210",920,"2,772","4,881","1,548",28.8,1.8,893
Djibouti,DJI,EMR,Lower-middle,2009,3.6,57,52.3,27.3,26.6,0.4,20.4,11.5,"1,230",901,"2,694","5,030","1,564",31.0,1.9,912
Djibouti,DJI,EMR,Lower-middle,2010,3.4,56,55.3,27.2,26.5,0.5,17.5,10.7,924,883,"2,620","5,297","1,659",26.6,1.9,930
Djibouti,DJI,EMR,Lower-middle,2011,3.4,62,63.5,25.2,24.2,0.6,11.3,15.9,325,"1,026","2,665","6,260","1,835",25.3,2.1,949
Djibouti,DJI,EMR,Lower-middle,2012,3.3,65,57.3,24.2,22.9,0.6,18.5,14.2,159,"2,120","2,645","7,084","1,967",26.5,1.9,967
Djibouti,DJI,EMR,Lower-middle,2013,2.9,61,61.9,25.0,24.1,0.7,13.1,15.8,473,"1,040","2,590","5,998","2,076",26.8,1.8,985
Djibouti,DJI,EMR,Lower-middle,2014,3.0,66,59.5,23.9,22.7,0.7,16.6,14.7,329,"1,751","2,639","6,966","2,215",29.0,1.8,"1,003"
Djibouti,DJI,EMR,Lower-middle,2015,3.3,80,51.0,20.2,19.0,0.6,28.8,12.2,"1,284","2,950","2,691","8,439","2,376",42.0,1.7,"1,020"
Djibouti,DJI,EMR,Lower-middle,2016,2.7,69,48.5,24.6,23.2,0.8,27.0,11.6,"1,768","1,698","2,835","6,211","2,510",25.9,1.3,"1,038"
Djibouti,DJI,EMR,Lower-middle,2017,2.5,65,46.2,27.6,26.0,0.8,26.2,11.0,"2,271",930,"3,005","4,991","2,619",23.9,1.1,"1,055"
Djibouti,DJI,EMR,Lower-middle,2018,2.5,69,52.9,28.5,26.9,0.9,18.6,11.8,"1,874",589,"3,289","5,625","2,718",25.9,1.3,"1,072"
Djibouti,DJI,EMR,Lower-middle,2019,2.4,68,53.3,29.6,28.2,0.7,17.1,11.8,"1,657",602,"3,427","5,643","2,837",24.9,1.3,"1,089"
Djibouti,DJI,EMR,Lower-middle,2020,2.3,67,45.9,33.2,31.9,0.4,20.9,11.7,"1,043","1,580","3,776","5,620","2,845",25.8,1.1,"1,105"
Djibouti,DJI,EMR,Lower-middle,2021,2.9,87,26.7,28.6,27.3,0.6,44.7,9.5,"3,999","3,098","4,222","5,754","3,026",23.1,0.8,"1,121"
Djibouti,DJI,EMR,Lower-middle,2022,2.5,79,42.3,30.5,29.1,0.7,27.2,10.5,"2,282","1,747","4,087","6,223","3,133",21.0,1.1,"1,137"
Djibouti,DJI,EMR,Lower-middle,2023,2.3,78,46.1,30.3,28.8,0.7,23.6,11.2,"2,089","1,367","3,976","6,180","3,398",21.5,1.1,"1,153"
Egypt,EGY,EMR,Lower-middle,2000,4.9,69,35.2,64.8,62.5,0.2,,9.7,6,,151,61,"1,409",26.0,1.7,"73,083"
Egypt,EGY,EMR,Lower-middle,2001,5.4,69,34.2,65.8,63.8,0.2,,9.5,5,,174,67,"1,272",27.9,1.8,"74,652"
Egypt,EGY,EMR,Lower-middle,2002,5.5,64,34.5,65.5,63.8,0.2,,9.1,5,,184,73,"1,161",30.9,1.9,"76,239"
Egypt,EGY,EMR,Lower-middle,2003,5.2,50,31.9,67.2,65.4,0.3,0.9,9.1,8,0,193,67,964,30.6,1.7,"77,854"
Egypt,EGY,EMR,Lower-middle,2004,4.9,50,32.5,66.4,64.6,0.4,1.1,9.3,8,1,201,73,"1,036",30.1,1.6,"79,477"
Egypt,EGY,EMR,Lower-middle,2005,4.9,59,32.3,66.5,64.6,0.5,1.2,8.8,10,1,222,81,"1,208",30.3,1.6,"81,101"
Egypt,EGY,EMR,Lower-middle,2006,4.8,66,36.0,62.4,60.4,0.6,1.6,8.3,12,1,230,107,"1,370",34.5,1.7,"82,700"
Egypt,EGY,EMR,Lower-middle,2007,4.4,73,35.3,62.6,60.3,0.8,2.1,8.2,14,4,249,116,"1,649",31.3,1.6,"84,276"
Egypt,EGY,EMR,Lower-middle,2008,4.5,90,34.4,64.2,61.8,1.0,1.4,7.5,14,4,303,136,"2,019",32.7,1.5,"85,865"
Egypt,EGY,EMR,Lower-middle,2009,4.4,99,35.0,63.3,60.4,1.1,1.6,6.8,19,6,331,161,"2,259",32.5,1.5,"87,502"
Egypt,EGY,EMR,Lower-middle,2010,4.2,105,32.9,66.4,62.6,1.1,0.6,6.3,24,2,370,160,"2,530",31.4,1.4,"89,196"
Egypt,EGY,EMR,Lower-middle,2011,4.4,116,33.8,65.6,60.5,1.1,0.6,6.0,37,2,417,194,"2,668",30.5,1.5,"91,093"
Egypt,EGY,EMR,Lower-middle,2012,4.5,140,28.7,70.9,60.9,4.4,0.4,5.0,86,2,516,203,"3,136",29.2,1.3,"93,161"
Egypt,EGY,EMR,Lower-middle,2013,4.7,140,29.3,70.6,57.9,6.4,0.2,4.8,122,1,556,235,"2,990",32.9,1.4,"95,334"
Egypt,EGY,EMR,Lower-middle,2014,4.8,155,29.5,69.1,55.1,7.6,1.4,4.6,154,14,605,288,"3,248",33.9,1.4,"97,529"
Egypt,EGY,EMR,Lower-middle,2015,5.1,170,31.2,68.6,58.8,8.1,0.2,4.8,122,,770,354,"3,364",31.3,1.6,"99,597"
Egypt,EGY,EMR,Lower-middle,2016,5.1,143,30.9,68.1,59.0,8.1,1.0,4.6,133,12,844,389,"2,810",31.0,1.6,"101,645"
Egypt,EGY,EMR,Lower-middle,2017,5.3,106,31.0,68.7,56.4,6.9,0.3,3.8,236,2,"1,063",514,"1,983",30.6,1.7,"103,696"
Egypt,EGY,EMR,Lower-middle,2018,4.7,118,28.5,70.9,62.6,6.9,0.7,6.9,164,12,"1,313",476,"2,485",28.6,1.4,"105,682"
Egypt,EGY,EMR,Lower-middle,2019,4.6,143,28.2,70.8,62.5,6.9,1.0,6.2,200,22,"1,496",548,"3,102",26.9,1.3,"107,553"
Egypt,EGY,EMR,Lower-middle,2020,4.2,148,31.9,67.0,59.3,3.5,1.1,6.6,141,22,"1,387",654,"3,571",25.7,1.3,"109,315"
Egypt,EGY,EMR,Lower-middle,2021,4.6,177,37.7,61.7,54.9,3.3,0.6,9.7,155,12,"1,520",825,"3,838",25.5,1.7,"110,957"
Egypt,EGY,EMR,Lower-middle,2022,4.7,172,35.7,61.0,53.7,3.5,3.3,10.7,200,90,"1,767",970,"3,634",24.9,1.7,"112,618"
Egypt,EGY,EMR,Lower-middle,2023,4.9,141,32.2,64.3,57.2,3.7,3.5,10.9,257,138,"2,477","1,123","2,895",22.7,1.6,"114,536"
Iran (Islamic Republic of),IRN,EMR,Upper-middle,2000,4.7,80,37.7,62.3,59.6,1.8,0.0,17.0,"12,317",,"272,882","94,951","1,692",16.3,1.8,"66,419"
Iran (Islamic Republic of),IRN,EMR,Upper-middle,2001,5.2,93,38.3,61.7,59.2,1.7,0.1,16.8,"14,388",,"340,383","123,069","1,806",16.6,2.0,"67,452"
Iran (Islamic Republic of),IRN,EMR,Upper-middle,2002,4.7,105,39.3,60.6,54.7,1.0,0.1,17.9,"43,295",,"395,683","154,572","2,249",19.1,1.8,"68,011"
Iran (Islamic Republic of),IRN,EMR,Upper-middle,2003,5.0,116,39.4,60.5,54.1,1.2,0.0,17.0,"61,760",,"511,789","212,243","2,331",19.1,2.0,"68,769"
Iran (Islamic Republic of),IRN,EMR,Upper-middle,2004,5.1,140,36.4,63.3,56.6,1.4,0.3,16.9,"84,358",,"680,913","235,436","2,725",18.4,1.9,"70,256"
Iran (Islamic Republic of),IRN,EMR,Upper-middle,2005,5.3,170,36.9,62.8,56.1,1.7,0.4,17.7,"107,080",100,"853,883","292,219","3,204",21.7,2.0,"71,828"
Iran (Islamic Republic of),IRN,EMR,Upper-middle,2006,5.2,192,41.7,58.2,51.7,1.2,0.1,18.1,"116,873",84,"910,493","415,708","3,722",22.4,2.2,"73,393"
Iran (Islamic Republic of),IRN,EMR,Upper-middle,2007,4.9,238,39.8,60.1,53.2,1.3,0.1,18.3,"153,386",83,"1,173,053","475,443","4,835",17.0,2.0,"74,603"
Iran (Islamic Republic of),IRN,EMR,Upper-middle,2008,5.0,289,37.1,62.9,55.5,1.5,0.1,18.5,"202,732",43,"1,510,959","505,086","5,731",19.7,1.9,"75,514"
Iran (Islamic Republic of),IRN,EMR,Upper-middle,2009,6.1,354,36.7,63.3,56.0,1.9,0.0,17.0,"255,804",73,"1,957,886","686,733","5,793",18.1,2.2,"76,458"
Iran (Islamic Republic of),IRN,EMR,Upper-middle,2010,6.3,425,32.4,67.6,59.4,2.9,0.0,16.2,"359,028",51,"2,586,140","701,624","6,749",16.3,2.0,"77,421"
Iran (Islamic Republic of),IRN,EMR,Upper-middle,2011,6.1,505,33.3,66.7,57.5,3.6,0.0,15.4,"489,330",,"3,085,897","960,873","8,287",16.9,2.0,"78,384"
Iran (Islamic Republic of),IRN,EMR,Upper-middle,2012,6.1,500,33.6,66.4,55.0,5.8,0.0,18.7,"698,791",,"3,347,391","906,623","8,170",13.2,2.1,"79,371"
Iran (Islamic Republic of),IRN,EMR,Upper-middle,2013,5.7,412,37.9,62.1,47.9,7.1,0.0,19.9,"1,078,863",,"3,631,432","1,365,362","7,182",13.3,2.2,"80,415"
Iran (Islamic Republic of),IRN,EMR,Upper-middle,2014,6.8,395,48.1,51.9,40.1,6.0,0.0,24.7,"1,208,385",,"4,110,286","2,400,903","5,796",14.2,3.3,"81,502"
Iran (Islamic Republic of),IRN,EMR,Upper-middle,2015,8.4,423,50.3,49.6,39.0,5.8,0.0,28.3,"1,317,199",,"4,783,270","2,707,726","5,050",16.3,4.2,"82,619"
Iran (Islamic Republic of),IRN,EMR,Upper-middle,2016,7.8,434,52.9,47.1,36.6,6.2,0.0,30.7,"1,417,481",,"4,903,448","2,973,177","5,561",17.0,4.1,"83,812"
Iran (Islamic Republic of),IRN,EMR,Upper-middle,2017,7.7,457,54.4,45.6,32.8,8.4,0.0,31.0,"1,950,794",,"4,983,471","3,552,285","5,924",17.1,4.2,"85,027"
Iran (Islamic Republic of),IRN,EMR,Upper-middle,2018,6.6,244,47.8,52.2,40.0,7.7,0.0,25.8,"2,036,789",,"6,665,751","3,661,457","3,680",15.3,3.2,"86,118"
Iran (Islamic Republic of),IRN,EMR,Upper-middle,2019,6.2,224,44.1,55.9,39.1,8.4,0.0,23.6,"3,282,198",,"7,669,334","4,019,125","3,587",14.1,2.7,"87,052"
Iran (Islamic Republic of),IRN,EMR,Upper-middle,2020,5.0,185,49.9,50.1,37.4,8.4,0.0,22.6,"2,738,536",,"8,628,781","6,487,457","3,727",13.0,2.5,"87,723"
Iran (Islamic Republic of),IRN,EMR,Upper-middle,2021,4.9,197,46.9,53.1,41.7,8.1,0.0,23.4,"3,997,723",,"15,295,562","8,788,716","4,048",14.2,2.3,"88,455"
Iran (Islamic Republic of),IRN,EMR,Upper-middle,2022,5.6,250,46.7,52.9,41.6,8.0,0.4,17.1,"7,554,201","109,914","27,280,939","19,537,555","4,446",13.8,2.6,"89,524"
Iran (Islamic Republic of),IRN,EMR,Upper-middle,2023,6.0,267,46.7,52.6,43.1,6.1,0.7,17.2,"9,358,984","277,197","41,039,894","28,401,094","4,432",14.8,2.8,"90,609"
Iraq,IRQ,EMR,Upper-middle,2003,3.0,27,45.3,54.6,54.5,0.0,0.2,0.0,64,0,"18,292","15,176",900,43.3,1.4,"26,803"
Iraq,IRQ,EMR,Upper-middle,2004,3.9,52,69.9,28.6,28.6,,1.5,0.0,"1,140",0,"21,551","52,618","1,328",91.5,2.7,"27,578"
Iraq,IRQ,EMR,Upper-middle,2005,3.0,53,67.0,29.1,29.0,,4.0,0.0,"3,118",0,"22,683","52,296","1,759",63.2,2.0,"28,407"
Iraq,IRQ,EMR,Upper-middle,2006,2.5,57,61.5,32.6,32.6,,5.9,0.0,"2,411","2,526","27,144","53,742","2,276",50.3,1.5,"28,617"
Iraq,IRQ,EMR,Upper-middle,2007,3.2,101,63.4,29.6,29.5,,7.0,0.0,"4,294","4,626","37,291","84,618","3,129",44.0,2.0,"28,392"
Iraq,IRQ,EMR,Upper-middle,2008,3.1,139,77.4,21.3,21.3,,1.3,0.0,"1,693",460,"35,423","129,067","4,543",57.3,2.4,"28,971"
Iraq,IRQ,EMR,Upper-middle,2009,3.8,140,76.7,22.4,22.4,,0.9,0.0,206,"1,369","36,672","127,066","3,715",61.1,2.9,"30,058"
Iraq,IRQ,EMR,Upper-middle,2010,3.2,145,73.5,26.1,26.0,0.0,0.5,0.0,501,295,"44,023","124,588","4,462",49.6,2.4,"31,045"
Iraq,IRQ,EMR,Upper-middle,2011,2.8,162,74.2,25.1,25.0,,0.7,0.0,857,524,"47,410","141,153","5,776",43.4,2.1,"32,161"
Iraq,IRQ,EMR,Upper-middle,2012,2.7,174,37.5,62.2,61.7,,0.3,0.0,560,134,"125,470","77,443","6,478",42.9,1.0,"33,655"
Iraq,IRQ,EMR,Upper-middle,2013,2.8,187,40.8,58.8,58.6,,0.4,0.0,798,23,"127,567","89,427","6,650",48.2,1.1,"35,282"
Iraq,IRQ,EMR,Upper-middle,2014,2.8,179,37.2,62.4,62.0,,0.4,0.0,899,30,"129,451","78,338","6,420",43.8,1.0,"36,550"
Iraq,IRQ,EMR,Upper-middle,2015,3.2,149,23.2,76.2,76.2,,0.6,0.0,"1,046",92,"132,591","40,387","4,724",43.5,0.7,"37,561"
Iraq,IRQ,EMR,Upper-middle,2016,4.6,200,55.5,44.3,44.3,,0.3,0.0,576,115,"104,551","131,137","4,371",42.4,2.5,"38,470"
Iraq,IRQ,EMR,Upper-middle,2017,4.1,197,41.4,58.1,58.0,,0.5,0.0,495,693,"135,555","97,478","4,823",35.5,1.7,"39,337"
Iraq,IRQ,EMR,Upper-middle,2018,4.1,233,49.1,50.4,50.4,,0.5,0.0,337,"1,031","138,796","136,292","5,713",31.1,2.0,"40,266"
Iraq,IRQ,EMR,Upper-middle,2019,4.2,242,49.4,50.1,50.1,,0.5,0.0,435,"1,108","143,145","142,155","5,746",34.7,2.1,"41,192"
Iraq,IRQ,EMR,Upper-middle,2020,5.7,248,45.0,54.7,54.7,,0.3,0.0,330,570,"161,618","133,724","4,331",41.9,2.6,"42,117"
Iraq,IRQ,EMR,Upper-middle,2021,5.1,252,49.3,49.9,49.9,,0.7,0.1,"2,112",622,"182,074","180,165","4,893",36.3,2.5,"43,071"
Iraq,IRQ,EMR,Upper-middle,2022,4.3,283,45.8,53.1,53.1,,1.1,0.1,"1,613","3,092","217,999","190,497","6,536",33.9,2.0,"44,071"
Iraq,IRQ,EMR,Upper-middle,2023,5.5,333,46.0,54.0,54.0,,,0.1,0,,"236,145","200,815","6,024",41.2,2.5,"45,074"
Jordan,JOR,EMR,Lower-middle,2000,9.3,151,45.0,52.4,39.1,2.8,2.6,4.7,17,,42,43,"1,620",33.1,4.2,"5,387"
Jordan,JOR,EMR,Lower-middle,2001,9.6,161,45.6,51.7,38.5,3.8,2.7,4.9,18,,44,47,"1,685",32.1,4.4,"5,499"
Jordan,JOR,EMR,Lower-middle,2002,9.3,165,47.4,50.5,39.5,3.7,2.1,5.9,15,,46,48,"1,776",32.9,4.4,"5,616"
Jordan,JOR,EMR,Lower-middle,2003,8.8,162,46.6,49.8,42.0,3.6,3.6,5.9,13,0,48,47,"1,842",36.0,4.1,"5,742"
Jordan,JOR,EMR,Lower-middle,2004,8.7,175,39.3,46.4,40.7,3.2,14.2,5.9,12,13,50,55,"2,001",36.6,3.4,"5,882"
Jordan,JOR,EMR,Lower-middle,2005,8.5,185,51.7,45.4,40.1,2.9,2.9,6.8,11,0,53,59,"2,178",37.3,4.4,"6,030"
Jordan,JOR,EMR,Lower-middle,2006,7.7,189,51.3,43.7,39.2,2.7,5.0,6.3,9,4,52,64,"2,458",34.7,3.9,"6,427"
Jordan,JOR,EMR,Lower-middle,2007,7.9,208,56.7,40.0,36.0,2.3,3.3,7.2,8,2,53,75,"2,630",35.8,4.5,"6,827"
Jordan,JOR,EMR,Lower-middle,2008,8.5,275,60.5,38.1,31.9,5.1,1.4,13.8,14,1,62,92,"3,242",34.0,5.1,"6,990"
Jordan,JOR,EMR,Lower-middle,2009,9.2,317,67.1,29.1,22.7,5.4,3.9,18.5,18,5,51,114,"3,436",34.5,6.2,"7,142"
Jordan,JOR,EMR,Lower-middle,2010,8.2,304,66.7,28.8,21.9,6.1,4.5,18.2,19,6,47,110,"3,718",32.0,5.5,"7,297"
Jordan,JOR,EMR,Lower-middle,2011,8.1,322,67.4,28.8,20.9,7.0,3.7,20.0,23,3,48,112,"3,947",35.6,5.5,"7,480"
Jordan,JOR,EMR,Lower-middle,2012,7.8,326,64.4,29.4,21.6,7.2,6.2,4.3,25,7,50,146,"4,170",36.8,5.0,"7,587"
Jordan,JOR,EMR,Lower-middle,2013,7.2,309,61.6,32.1,22.1,7.4,6.3,5.8,28,7,49,130,"4,311",33.6,4.4,"7,992"
Jordan,JOR,EMR,Lower-middle,2014,7.2,302,64.5,29.6,20.9,6.9,5.9,6.0,23,8,45,134,"4,191",35.6,4.6,"8,792"
Jordan,JOR,EMR,Lower-middle,2015,7.5,302,53.5,45.7,29.3,16.0,0.8,4.2,37,0,63,105,"4,043",32.7,4.0,"9,545"
Jordan,JOR,EMR,Lower-middle,2016,7.0,278,45.8,49.5,32.9,13.1,4.7,5.3,40,2,65,82,"3,987",28.4,3.2,"10,006"
Jordan,JOR,EMR,Lower-middle,2017,7.1,289,44.8,50.6,34.0,13.0,4.6,5.0,42,1,70,83,"4,066",28.7,3.2,"10,234"
Jordan,JOR,EMR,Lower-middle,2018,7.0,289,43.0,53.8,35.3,13.3,3.2,5.8,43,1,73,78,"4,145",30.1,3.0,"10,462"
Jordan,JOR,EMR,Lower-middle,2019,7.1,295,42.9,53.6,36.0,13.1,3.4,5.8,42,2,75,80,"4,170",30.1,3.0,"10,672"
Jordan,JOR,EMR,Lower-middle,2020,7.5,303,45.3,49.5,35.4,12.8,5.3,5.0,38,4,76,90,"4,022",31.7,3.4,"10,865"
Jordan,JOR,EMR,Lower-middle,2021,7.7,322,43.3,50.6,35.8,13.7,6.2,4.6,43,6,82,94,"4,183",32.2,3.3,"11,066"
Jordan,JOR,EMR,Lower-middle,2022,7.7,334,44.1,50.6,35.9,13.1,5.3,4.7,43,4,85,98,"4,322",32.6,3.4,"11,256"
Jordan,JOR,EMR,Lower-middle,2023,7.7,342,45.0,48.1,34.5,12.5,6.9,4.8,44,8,84,104,"4,466",32.8,3.4,"11,439"
Kuwait,KWT,EMR,High,2000,2.2,425,72.5,27.5,25.5,2.0,0.0,0.0,3,0,33,95,"19,296",29.3,1.6,"1,955"
Kuwait,KWT,EMR,High,2001,3.2,554,78.9,21.1,19.6,1.5,0.0,0.0,2,0,33,134,"17,374",40.7,2.5,"2,008"
Kuwait,KWT,EMR,High,2002,3.1,578,76.8,23.2,21.5,1.7,0.0,0.0,3,0,38,135,"18,513",42.1,2.4,"2,060"
Kuwait,KWT,EMR,High,2003,2.8,626,76.9,23.1,20.8,2.3,0.0,0.0,4,0,39,144,"22,690",37.7,2.1,"2,110"
Kuwait,KWT,EMR,High,2004,2.4,649,76.3,23.7,21.6,2.2,0.0,0.0,4,0,41,146,"27,553",34.9,1.8,"2,157"
Kuwait,KWT,EMR,High,2005,2.0,727,76.2,23.8,21.5,2.3,0.0,0.0,5,0,46,162,"36,122",28.5,1.5,"2,237"
Kuwait,KWT,EMR,High,2006,1.8,782,76.5,23.5,21.2,2.2,0.0,0.0,5,0,48,174,"42,947",32.0,1.4,"2,365"
Kuwait,KWT,EMR,High,2007,1.9,881,76.4,23.6,21.3,2.2,0.0,0.0,6,0,53,191,"45,710",30.2,1.5,"2,508"
Kuwait,KWT,EMR,High,2008,1.9,"1,069",78.1,21.9,19.8,2.1,0.0,0.0,6,0,57,225,"55,585",40.7,1.5,"2,651"
Kuwait,KWT,EMR,High,2009,2.7,"1,026",81.6,18.4,16.7,1.7,0.0,0.0,5,0,49,241,"37,907",42.6,2.2,"2,795"
Kuwait,KWT,EMR,High,2010,2.7,"1,050",84.2,15.8,14.3,1.5,0.0,0.0,4,0,43,253,"39,212",45.3,2.3,"2,943"
Kuwait,KWT,EMR,High,2011,2.3,"1,147",84.5,15.5,14.0,1.5,0.0,0.0,5,0,44,267,"49,170",39.5,2.0,"3,133"
Kuwait,KWT,EMR,High,2012,2.3,"1,217",83.5,16.5,15.0,1.6,0.0,0.0,5,0,51,284,"52,156",38.0,1.9,"3,337"
Kuwait,KWT,EMR,High,2013,2.5,"1,235",84.0,16.0,14.5,1.5,0.0,0.0,5,0,51,294,"49,652",38.3,2.1,"3,508"
Kuwait,KWT,EMR,High,2014,2.9,"1,294",84.6,15.4,13.9,1.5,0.0,0.0,5,0,51,311,"44,370",44.9,2.5,"3,666"
Kuwait,KWT,EMR,High,2015,4.2,"1,260",84.9,15.1,13.7,1.4,0.0,0.0,5,0,52,322,"29,883",55.2,3.6,"3,834"
Kuwait,KWT,EMR,High,2016,4.7,"1,293",85.3,14.7,13.3,1.4,0.0,0.0,5,0,52,333,"27,325",54.0,4.0,"4,004"
Kuwait,KWT,EMR,High,2017,4.7,"1,352",85.7,14.3,12.9,1.4,0.0,0.0,6,0,53,351,"29,049",51.5,4.0,"4,155"
Kuwait,KWT,EMR,High,2018,5.2,"1,659",88.2,11.8,10.6,1.1,0.0,0.0,6,0,53,442,"32,069",50.6,4.6,"4,323"
Kuwait,KWT,EMR,High,2019,5.2,"1,643",88.1,11.9,10.7,1.1,0.0,0.0,6,0,53,440,"31,709",49.8,4.6,"4,442"
Kuwait,KWT,EMR,High,2020,6.1,"1,543",88.5,11.5,10.4,1.1,0.0,0.0,5,0,49,418,"25,237",62.5,5.4,"4,400"
Kuwait,KWT,EMR,High,2021,5.4,"1,829",88.9,11.1,10.0,1.1,0.0,0.0,6,0,55,491,"34,045",48.1,4.8,"4,361"
Kuwait,KWT,EMR,High,2022,4.2,"1,683",88.1,11.9,10.8,1.1,0.0,0.0,6,0,55,454,"40,079",39.4,3.7,"4,590"
Kuwait,KWT,EMR,High,2023,5.0,"1,679",88.5,11.5,10.0,1.4,0.0,0.0,7,0,52,457,"33,832",48.7,4.4,"4,839"
Lebanon,LBN,EMR,Lower-middle,2000,10.8,426,29.8,70.1,57.8,12.3,0.1,11.0,"79,510",,"370,870","120,620","3,931",42.8,3.2,"4,329"
Lebanon,LBN,EMR,Lower-middle,2001,10.6,417,32.7,67.1,54.8,12.2,0.2,11.3,"78,311",,"344,402","134,345","3,944",38.9,3.5,"4,402"
Lebanon,LBN,EMR,Lower-middle,2002,9.3,392,32.9,66.9,54.1,12.7,0.3,12.0,"76,938",,"319,579","123,169","4,220",36.8,3.0,"4,464"
Lebanon,LBN,EMR,Lower-middle,2003,8.7,373,33.9,65.6,52.5,13.1,0.5,12.6,"76,629",,"295,404","119,967","4,306",36.4,2.9,"4,526"
Lebanon,LBN,EMR,Lower-middle,2004,8.0,368,37.1,62.0,48.9,13.1,0.9,12.7,"77,644",,"271,186","135,274","4,601",33.3,3.0,"4,599"
Lebanon,LBN,EMR,Lower-middle,2005,7.5,347,38.4,61.1,47.3,13.8,0.5,13.5,"74,689",10,"247,837","130,589","4,602",31.4,2.9,"4,671"
Lebanon,LBN,EMR,Lower-middle,2006,8.7,401,41.0,58.1,44.7,13.4,0.9,18.2,"86,531",15,"270,445","137,907","4,635",36.1,3.6,"4,751"
Lebanon,LBN,EMR,Lower-middle,2007,8.6,439,41.0,57.8,44.1,13.8,1.1,19.0,"97,975",427,"291,523","146,275","5,125",35.2,3.5,"4,844"
Lebanon,LBN,EMR,Lower-middle,2008,7.8,462,39.3,59.6,44.9,14.7,1.1,17.0,"109,589",496,"312,551","155,956","5,912",34.3,3.1,"4,925"
Lebanon,LBN,EMR,Lower-middle,2009,7.0,497,38.2,60.0,44.6,15.4,1.8,14.4,"121,613","7,455","333,850","185,928","7,091",32.1,2.7,"4,992"
Lebanon,LBN,EMR,Lower-middle,2010,7.4,567,40.3,58.9,43.6,15.3,0.8,17.5,"137,462",262,"372,712","194,972","7,626",29.2,3.0,"5,041"
Lebanon,LBN,EMR,Lower-middle,2011,8.2,641,43.7,55.6,40.2,15.4,0.7,22.4,"154,634",860,"388,143","206,733","7,835",28.8,3.6,"5,096"
Lebanon,LBN,EMR,Lower-middle,2012,7.0,589,43.5,56.0,37.3,18.7,0.5,21.6,"169,831",275,"331,420","195,075","8,407",30.2,3.0,"5,236"
Lebanon,LBN,EMR,Lower-middle,2013,7.1,577,44.2,54.8,36.9,17.9,1.0,21.9,"162,765","1,542","321,328","194,983","8,162",28.9,3.1,"5,743"
Lebanon,LBN,EMR,Lower-middle,2014,7.5,570,47.5,51.6,35.6,16.1,0.9,22.2,"145,065",583,"305,579","218,198","7,578",28.8,3.6,"6,347"
Lebanon,LBN,EMR,Lower-middle,2015,7.4,572,45.5,51.2,32.7,18.5,3.3,24.1,"187,753",180,"281,982","184,522","7,714",26.7,3.4,"6,472"
Lebanon,LBN,EMR,Lower-middle,2016,7.9,641,47.0,50.4,32.0,17.6,2.6,25.4,"207,149",524,"308,958","204,670","8,089",28.3,3.7,"6,323"
Lebanon,LBN,EMR,Lower-middle,2017,7.8,672,47.1,50.4,33.1,16.6,2.5,25.2,"206,348",722,"334,863","216,776","8,609",30.6,3.7,"6,160"
Lebanon,LBN,EMR,Lower-middle,2018,8.1,740,46.7,52.2,35.3,16.3,1.0,24.5,"205,524",271,"394,046","243,373","9,174",32.3,3.8,"5,984"
Lebanon,LBN,EMR,Lower-middle,2019,8.7,798,49.3,47.3,30.7,16.6,3.4,30.7,"240,586",,"369,515","224,111","9,189",31.3,4.3,"5,795"
Lebanon,LBN,EMR,Lower-middle,2020,7.5,303,44.4,45.4,30.3,15.1,10.2,26.0,"321,124",,"385,427","234,522","4,056",23.0,3.3,"5,702"
Lebanon,LBN,EMR,Lower-middle,2021,4.4,190,26.9,56.6,32.4,24.2,16.5,15.0,"769,884",,"611,497","224,711","4,315",10.2,1.2,"5,718"
Lebanon,LBN,EMR,Lower-middle,2022,4.9,230,30.8,56.7,32.4,24.3,12.4,20.3,"1,760,680","316,114","1,833,923","910,659","4,690",12.2,1.5,"5,744"
Lebanon,LBN,EMR,Lower-middle,2023,5.6,261,37.9,51.9,29.7,22.2,10.2,8.1,"6,135,833","296,042","5,897,178","6,214,780","4,678",13.3,2.1,"5,773"
Libya,LBY,EMR,Upper-middle,2000,3.3,247,48.7,51.3,51.3,,0.0,,0,0,65,62,"7,445",26.8,1.6,"5,305"
Libya,LBY,EMR,Upper-middle,2001,3.9,256,54.5,45.5,45.5,,0.0,,0,0,70,84,"6,515",37.0,2.1,"5,404"
Libya,LBY,EMR,Upper-middle,2002,4.7,182,66.9,33.1,33.1,,0.0,,0,0,76,155,"3,835",40.9,3.2,"5,508"
Libya,LBY,EMR,Upper-middle,2003,4.0,190,66.2,33.8,33.8,,0.0,,0,0,83,163,"4,775",41.7,2.6,"5,619"
Libya,LBY,EMR,Upper-middle,2004,3.4,201,65.8,34.2,34.2,,0.0,,0,0,90,172,"5,936",41.1,2.2,"5,737"
Libya,LBY,EMR,Upper-middle,2005,2.5,210,64.7,35.3,35.3,,0.0,,0,0,97,178,"8,338",28.2,1.6,"5,859"
Libya,LBY,EMR,Upper-middle,2006,2.3,231,65.4,34.6,34.6,,0.0,,0,0,105,198,"10,049",28.5,1.5,"5,980"
Libya,LBY,EMR,Upper-middle,2007,2.4,270,66.5,33.4,33.4,,0.0,,0,0,114,227,"11,145",33.4,1.6,"6,104"
Libya,LBY,EMR,Upper-middle,2008,2.2,312,67.7,32.3,32.3,,0.1,,0,0,123,259,"13,906",41.0,1.5,"6,235"
Libya,LBY,EMR,Upper-middle,2009,3.6,342,68.8,31.1,31.1,,0.1,,0,0,133,295,"9,551",60.3,2.5,"6,367"
Libya,LBY,EMR,Upper-middle,2010,3.3,381,69.9,30.0,30.0,,0.1,,0,0,145,337,"11,601",52.9,2.3,"6,498"
Libya,LBY,EMR,Upper-middle,2011,4.0,305,63.3,36.7,36.7,,0.0,,0,0,137,236,"7,594",39.6,2.5,"6,343"
Libya,LBY,EMR,Upper-middle,2012,4.0,592,73.8,26.1,26.1,,0.1,0.0,1,0,195,552,"14,976",39.4,2.9,"6,179"
Libya,LBY,EMR,Upper-middle,2013,5.0,595,73.4,26.5,26.5,,0.1,0.0,0,0,201,555,"11,952",73.5,3.7,"6,305"
Libya,LBY,EMR,Upper-middle,2014,5.2,462,66.2,33.6,33.6,,0.1,0.0,1,0,198,390,"8,926",60.0,3.4,"6,427"
Libya,LBY,EMR,Upper-middle,2015,5.8,433,69.3,30.7,30.7,,0.0,0.0,0,0,184,414,"7,458",53.5,4.0,"6,532"
Libya,LBY,EMR,Upper-middle,2016,6.2,464,67.5,32.5,32.5,,0.0,0.0,0,0,210,436,"7,526",42.0,4.2,"6,632"
Libya,LBY,EMR,Upper-middle,2017,4.7,466,66.2,33.8,33.8,,0.0,0.0,0,0,219,430,"9,966",34.9,3.1,"6,739"
Libya,LBY,EMR,Upper-middle,2018,4.9,545,71.5,28.2,28.2,,0.2,0.0,1,1,210,533,"11,197",37.6,3.5,"6,849"
Libya,LBY,EMR,Upper-middle,2019,5.5,553,71.3,28.0,28.0,,0.7,0.0,1,4,217,555,"9,963",47.3,4.0,"6,951"
Libya,LBY,EMR,Upper-middle,2020,7.1,473,78.6,21.1,21.1,,0.2,0.0,1,0,139,516,"6,650",57.3,5.6,"7,045"
Libya,LBY,EMR,Upper-middle,2021,6.1,299,73.9,24.4,24.4,,1.7,0.0,18,6,329,"1,003","4,936",64.7,4.5,"7,135"
Libya,LBY,EMR,Upper-middle,2022,4.7,284,66.4,31.8,31.8,,1.8,0.0,17,7,435,914,"5,987",62.2,3.1,"7,224"
Libya,LBY,EMR,Upper-middle,2023,7.8,470,80.1,19.2,19.2,,0.7,0.0,12,3,434,"1,817","6,027",65.4,6.3,"7,306"
Morocco,MAR,EMR,Lower-middle,2000,3.7,55,25.4,74.2,53.9,16.5,0.4,0.0,119,2,313,149,"1,480",22.8,0.9,"28,423"
Morocco,MAR,EMR,Lower-middle,2001,3.8,57,26.3,73.3,53.3,16.4,0.5,0.0,124,3,340,175,"1,482",23.7,1.0,"28,815"
Morocco,MAR,EMR,Lower-middle,2002,4.1,64,26.6,72.6,53.8,15.6,0.8,0.0,135,2,377,188,"1,566",25.8,1.1,"29,198"
Morocco,MAR,EMR,Lower-middle,2003,4.1,78,24.5,74.5,56.2,15.3,1.1,0.0,142,2,418,184,"1,905",24.1,1.0,"29,571"
Morocco,MAR,EMR,Lower-middle,2004,4.2,91,23.9,74.8,57.4,14.7,1.3,0.0,149,2,464,195,"2,154",24.5,1.0,"29,953"
Morocco,MAR,EMR,Lower-middle,2005,4.4,97,25.2,74.2,59.7,12.0,0.6,0.0,128,2,514,220,"2,222",28.6,1.1,"30,358"
Morocco,MAR,EMR,Lower-middle,2006,4.6,110,28.5,71.2,58.7,0.9,0.3,8.0,27,3,570,214,"2,414",26.0,1.3,"30,771"
Morocco,MAR,EMR,Lower-middle,2007,4.8,132,29.5,69.3,57.2,0.9,1.3,7.5,42,6,618,251,"2,743",26.4,1.4,"31,186"
Morocco,MAR,EMR,Lower-middle,2008,4.8,153,31.0,68.2,56.4,0.9,0.8,9.1,42,3,670,273,"3,167",28.3,1.5,"31,607"
Morocco,MAR,EMR,Lower-middle,2009,5.3,166,32.6,65.7,54.5,0.8,1.6,9.9,58,0,727,315,"3,139",28.1,1.7,"32,031"
Morocco,MAR,EMR,Lower-middle,2010,5.4,168,32.1,67.4,55.6,0.9,0.5,10.7,27,4,788,341,"3,107",28.7,1.7,"32,467"
Morocco,MAR,EMR,Lower-middle,2011,5.4,179,33.7,65.7,54.2,1.0,0.7,11.1,34,8,785,347,"3,333",31.2,1.8,"32,913"
Morocco,MAR,EMR,Lower-middle,2012,5.4,172,34.3,64.7,52.7,1.0,0.9,11.8,40,7,783,355,"3,188",32.5,1.9,"33,355"
Morocco,MAR,EMR,Lower-middle,2013,5.3,180,34.8,64.9,51.7,1.2,0.3,11.9,35,5,781,362,"3,422",30.4,1.8,"33,788"
Morocco,MAR,EMR,Lower-middle,2014,5.4,189,38.7,60.2,49.2,1.0,1.0,14.7,52,4,780,385,"3,483",30.7,2.1,"34,205"
Morocco,MAR,EMR,Lower-middle,2015,5.1,163,38.8,60.1,49.0,1.0,1.1,15.2,52,3,778,379,"3,190",28.5,2.0,"34,608"
Morocco,MAR,EMR,Lower-middle,2016,5.1,162,39.4,60.3,48.8,1.1,0.3,16.0,37,2,777,374,"3,186",28.6,2.0,"35,023"
Morocco,MAR,EMR,Lower-middle,2017,5.0,167,39.7,60.0,48.0,1.1,0.3,17.3,33,3,776,366,"3,344",27.9,2.0,"35,446"
Morocco,MAR,EMR,Lower-middle,2018,4.9,176,40.2,59.6,47.0,1.2,0.2,18.3,30,3,775,366,"3,553",27.8,2.0,"35,840"
Morocco,MAR,EMR,Lower-middle,2019,5.0,179,40.3,59.0,46.6,1.2,0.7,18.4,31,11,800,386,"3,560",27.7,2.0,"36,211"
Morocco,MAR,EMR,Lower-middle,2020,5.8,192,42.6,55.3,43.4,1.2,2.1,17.8,30,36,792,487,"3,317",34.1,2.5,"36,584"
Morocco,MAR,EMR,Lower-middle,2021,5.5,210,41.4,54.8,41.8,1.3,3.8,19.6,35,68,787,478,"3,843",31.0,2.3,"36,954"
Morocco,MAR,EMR,Lower-middle,2022,5.8,202,50.5,49.3,40.5,1.1,0.2,27.8,29,3,831,539,"3,508",33.8,2.9,"37,329"
Morocco,MAR,EMR,Lower-middle,2023,6.1,232,56.5,42.8,37.3,1.0,0.6,31.8,34,10,877,610,"3,830",32.3,3.4,"37,713"
"occupied Palestinian territory, including east Jerusalem",PSE,EMR,Lower-middle,2000,9.5,130,28.8,49.5,38.5,2.6,21.8,7.2,25,10,50,37,"1,369",46.6,2.7,"3,152"
"occupied Palestinian territory, including east Jerusalem",PSE,EMR,Lower-middle,2001,10.3,127,24.8,52.2,40.0,2.1,23.0,4.6,28,9,51,35,"1,235",51.0,2.6,"3,242"
"occupied Palestinian territory, including east Jerusalem",PSE,EMR,Lower-middle,2002,11.0,118,28.4,46.9,36.0,2.2,24.7,5.6,23,9,43,36,"1,070",50.7,3.1,"3,322"
"occupied Palestinian territory, including east Jerusalem",PSE,EMR,Lower-middle,2003,9.6,112,32.2,48.5,40.3,2.6,19.4,6.9,15,10,45,38,"1,168",41.8,3.1,"3,398"
"occupied Palestinian territory, including east Jerusalem",PSE,EMR,Lower-middle,2004,11.4,151,31.7,47.6,36.2,2.2,20.8,5.8,31,13,55,52,"1,325",48.7,3.6,"3,475"
"occupied Palestinian territory, including east Jerusalem",PSE,EMR,Lower-middle,2005,11.0,158,36.0,45.3,37.0,2.7,18.7,5.3,22,17,59,65,"1,441",48.6,4.0,"3,557"
"occupied Palestinian territory, including east Jerusalem",PSE,EMR,Lower-middle,2006,10.5,154,31.1,51.1,41.3,3.2,17.8,5.4,25,13,64,53,"1,467",47.0,3.3,"3,645"
"occupied Palestinian territory, including east Jerusalem",PSE,EMR,Lower-middle,2007,9.6,149,35.8,46.3,37.3,3.0,18.0,4.9,22,16,56,62,"1,556",46.2,3.4,"3,737"
"occupied Palestinian territory, including east Jerusalem",PSE,EMR,Lower-middle,2008,10.5,201,34.9,45.6,35.8,3.1,19.6,3.7,33,21,72,84,"1,909",43.2,3.7,"3,829"
"occupied Palestinian territory, including east Jerusalem",PSE,EMR,Lower-middle,2009,10.8,222,34.0,47.0,39.2,3.0,19.1,3.4,28,23,87,91,"2,062",44.8,3.7,"3,921"
"occupied Palestinian territory, including east Jerusalem",PSE,EMR,Lower-middle,2010,9.1,219,36.1,44.9,36.0,2.2,18.9,2.2,34,25,79,100,"2,410",34.8,3.3,"4,017"
"occupied Palestinian territory, including east Jerusalem",PSE,EMR,Lower-middle,2011,11.3,308,29.0,53.1,44.6,2.0,17.9,2.4,46,28,138,110,"2,718",33.3,3.3,"4,116"
"occupied Palestinian territory, including east Jerusalem",PSE,EMR,Lower-middle,2012,10.3,298,28.7,52.8,43.8,1.9,18.5,2.1,48,27,131,107,"2,896",30.9,3.0,"4,215"
"occupied Palestinian territory, including east Jerusalem",PSE,EMR,Lower-middle,2013,10.4,327,30.9,50.0,42.7,2.1,19.2,2.0,41,32,140,127,"3,132",30.2,3.2,"4,315"
"occupied Palestinian territory, including east Jerusalem",PSE,EMR,Lower-middle,2014,9.9,314,31.8,50.5,44.4,3.0,17.7,3.1,35,34,140,124,"3,168",32.4,3.2,"4,416"
"occupied Palestinian territory, including east Jerusalem",PSE,EMR,Lower-middle,2015,9.3,287,33.6,52.4,44.8,2.1,14.0,3.3,35,23,129,110,"3,090",31.4,3.1,"4,522"
"occupied Palestinian territory, including east Jerusalem",PSE,EMR,Lower-middle,2016,9.0,299,29.6,52.5,42.7,2.8,18.0,2.8,46,31,128,111,"3,325",30.4,2.7,"4,633"
"occupied Palestinian territory, including east Jerusalem",PSE,EMR,Lower-middle,2017,9.1,310,35.0,49.8,41.7,3.1,15.2,4.0,38,24,129,120,"3,401",30.1,3.2,"4,743"
"occupied Palestinian territory, including east Jerusalem",PSE,EMR,Lower-middle,2018,9.7,324,29.5,48.8,39.5,2.3,21.7,4.2,43,49,128,131,"3,356",28.2,2.8,"4,851"
"occupied Palestinian territory, including east Jerusalem",PSE,EMR,Lower-middle,2019,9.2,317,39.9,48.4,38.7,2.6,11.8,4.5,43,17,123,129,"3,456",28.3,3.7,"4,958"
"occupied Palestinian territory, including east Jerusalem",PSE,EMR,Lower-middle,2020,10.3,315,37.5,50.1,38.4,2.6,12.4,4.7,49,16,121,119,"3,064",33.0,3.9,"5,070"
"occupied Palestinian territory, including east Jerusalem",PSE,EMR,Lower-middle,2021,10.4,364,40.9,44.8,33.4,3.1,14.3,5.2,58,23,122,154,"3,492",30.8,4.3,"5,185"
"occupied Palestinian territory, including east Jerusalem",PSE,EMR,Lower-middle,2022,9.7,351,40.3,45.8,33.6,2.6,13.9,5.0,57,22,118,146,"3,613",29.1,3.9,"5,305"
"occupied Palestinian territory, including east Jerusalem",PSE,EMR,Lower-middle,2023,10.7,346,41.4,49.9,42.1,3.8,8.7,4.7,37,17,145,145,"3,221",30.8,4.4,"5,409"
Oman,OMN,EMR,High,2000,2.7,262,81.8,18.2,11.7,3.9,,,7,,12,82,"9,754",31.2,2.2,"2,282"
Oman,OMN,EMR,High,2001,2.7,260,82.0,18.0,11.3,4.1,,,7,,11,82,"9,612",33.3,2.2,"2,310"
Oman,OMN,EMR,High,2002,2.8,274,83.5,16.5,10.1,3.9,,,7,,11,88,"9,869",34.1,2.3,"2,337"
Oman,OMN,EMR,High,2003,2.8,290,82.9,17.1,10.6,4.0,,,7,,12,93,"10,463",34.0,2.3,"2,364"
Oman,OMN,EMR,High,2004,2.6,306,81.9,18.1,11.2,4.2,,,8,,13,97,"11,801",34.1,2.1,"2,405"
Oman,OMN,EMR,High,2005,2.3,327,82.3,17.7,10.5,4.0,,,9,,13,104,"14,434",30.6,1.9,"2,460"
Oman,OMN,EMR,High,2006,2.0,342,80.7,19.3,11.5,4.4,,,10,,15,106,"16,931",30.1,1.6,"2,515"
Oman,OMN,EMR,High,2007,2.1,397,81.1,18.9,11.3,4.3,,,12,,17,124,"18,792",30.7,1.7,"2,570"
Oman,OMN,EMR,High,2008,1.8,467,78.8,21.2,12.4,4.7,,,16,,22,141,"26,577",25.6,1.4,"2,627"
Oman,OMN,EMR,High,2009,2.5,510,81.3,18.7,11.5,4.4,,,14,,23,159,"20,656",33.4,2.0,"2,685"
Oman,OMN,EMR,High,2010,2.5,584,82.7,17.3,10.4,4.0,,,15,,23,186,"23,570",30.6,2.0,"2,757"
Oman,OMN,EMR,High,2011,2.2,563,81.8,18.2,10.8,4.1,,,16,,23,177,"25,188",34.5,1.8,"3,077"
Oman,OMN,EMR,High,2012,2.3,561,82.7,17.3,10.2,3.9,,0.0,15,,22,179,"24,643",38.6,1.9,"3,547"
Oman,OMN,EMR,High,2013,2.5,588,87.5,12.5,7.0,2.7,0.0,0.0,12,0,16,198,"23,458",39.3,2.2,"3,834"
Oman,OMN,EMR,High,2014,3.1,727,89.9,10.1,5.7,2.2,,0.0,12,,16,251,"23,161",41.4,2.8,"4,002"
Oman,OMN,EMR,High,2015,4.1,767,90.2,9.8,5.3,2.7,,0.0,13,,16,266,"18,808",44.5,3.7,"4,185"
Oman,OMN,EMR,High,2016,4.2,714,89.9,10.1,5.6,2.9,0.0,0.0,13,0,15,247,"17,110",44.6,3.8,"4,391"
Oman,OMN,EMR,High,2017,4.0,705,89.2,10.8,5.9,3.1,0.0,0.0,13,0,16,242,"17,820",39.4,3.5,"4,537"
Oman,OMN,EMR,High,2018,3.2,640,86.4,13.6,6.5,4.8,0.0,0.0,17,0,16,213,"19,902",38.3,2.8,"4,598"
Oman,OMN,EMR,High,2019,3.8,730,87.5,12.5,6.0,4.4,0.0,0.0,18,0,17,246,"19,180",38.8,3.3,"4,591"
Oman,OMN,EMR,High,2020,5.1,859,89.1,10.9,5.2,3.8,0.0,0.0,19,0,17,294,"16,785",44.5,4.6,"4,522"
Oman,OMN,EMR,High,2021,4.3,843,88.6,11.4,5.5,4.0,0.0,0.0,19,0,18,287,"19,403",36.5,3.8,"4,500"
Oman,OMN,EMR,High,2022,3.1,712,85.6,14.4,6.9,5.1,0.0,0.0,21,0,19,234,"23,223",30.9,2.6,"4,730"
Oman,OMN,EMR,High,2023,3.5,732,85.3,14.7,6.3,6.1,0.0,0.0,23,0,18,240,"20,973",27.5,3.0,"5,049"
Pakistan,PAK,EMR,Lower-middle,2000,2.5,15,34.9,64.4,57.3,0.3,0.7,0.7,82,0,473,264,619,13.8,0.9,"154,879"
Pakistan,PAK,EMR,Lower-middle,2001,2.3,13,34.9,63.4,55.8,0.3,1.7,0.7,95,0,464,266,573,12.9,0.8,"159,271"
Pakistan,PAK,EMR,Lower-middle,2002,2.4,15,37.2,58.2,51.0,0.3,4.6,0.8,123,3,456,309,619,14.4,0.9,"163,223"
Pakistan,PAK,EMR,Lower-middle,2003,2.1,14,24.3,68.7,60.5,0.3,7.0,0.8,137,9,501,184,682,12.9,0.5,"167,110"
Pakistan,PAK,EMR,Lower-middle,2004,2.0,16,26.9,69.4,60.8,0.3,3.7,0.8,124,9,550,225,763,12.1,0.5,"171,286"
Pakistan,PAK,EMR,Lower-middle,2005,2.4,20,21.7,73.6,65.9,0.3,4.7,0.7,163,6,768,227,825,13.0,0.5,"175,453"
Pakistan,PAK,EMR,Lower-middle,2006,2.7,24,17.0,79.5,72.8,0.3,3.5,0.7,176,6,"1,073",214,895,14.5,0.5,"179,683"
Pakistan,PAK,EMR,Lower-middle,2007,2.6,26,17.3,78.5,71.7,0.4,4.2,0.7,202,8,"1,138",236,996,16.1,0.5,"184,493"
Pakistan,PAK,EMR,Lower-middle,2008,2.6,24,15.6,76.7,70.0,0.4,7.7,0.7,199,87,"1,200",304,948,18.0,0.4,"189,499"
Pakistan,PAK,EMR,Lower-middle,2009,2.5,23,20.5,73.5,67.9,0.5,6.0,0.7,206,56,"1,284",388,926,17.3,0.5,"194,377"
Pakistan,PAK,EMR,Lower-middle,2010,2.4,24,21.8,72.7,67.8,0.5,5.6,0.8,222,34,"1,364",411,972,18.3,0.5,"199,239"
Pakistan,PAK,EMR,Lower-middle,2011,2.2,25,20.4,70.9,65.3,0.6,8.6,0.9,254,100,"1,412",476,"1,122",17.9,0.5,"203,746"
Pakistan,PAK,EMR,Lower-middle,2012,2.2,26,27.7,67.1,61.2,0.6,5.2,0.9,274,40,"1,462",633,"1,152",19.4,0.6,"207,667"
Pakistan,PAK,EMR,Lower-middle,2013,2.4,28,26.2,66.3,62.7,0.6,7.5,0.9,304,65,"1,799",739,"1,167",19.5,0.6,"211,074"
Pakistan,PAK,EMR,Lower-middle,2014,2.5,32,24.3,67.4,65.5,0.6,8.3,0.9,297,91,"2,127",794,"1,290",18.1,0.6,"214,265"
Pakistan,PAK,EMR,Lower-middle,2015,2.5,34,27.5,67.7,64.4,0.8,4.8,0.9,305,39,"2,251",906,"1,363",17.8,0.7,"217,291"
Pakistan,PAK,EMR,Lower-middle,2016,2.6,36,27.3,66.4,62.1,1.0,6.3,0.9,382,91,"2,374","1,032","1,419",17.7,0.7,"220,139"
Pakistan,PAK,EMR,Lower-middle,2017,2.8,42,32.8,61.8,57.8,1.0,5.5,0.8,408,77,"2,566","1,427","1,510",19.1,0.9,"223,274"
Pakistan,PAK,EMR,Lower-middle,2018,2.8,40,33.1,60.0,56.2,1.0,6.9,0.8,468,119,"2,747","1,632","1,418",19.1,0.9,"226,929"
Pakistan,PAK,EMR,Lower-middle,2019,2.8,36,33.1,59.6,56.1,1.0,7.3,0.9,522,133,"3,030","1,805","1,265",19.1,0.9,"230,801"
Pakistan,PAK,EMR,Lower-middle,2020,3.0,37,35.2,58.5,55.2,1.0,6.3,0.9,543,104,"3,300","2,076","1,250",20.3,1.0,"235,002"
Pakistan,PAK,EMR,Lower-middle,2021,3.0,43,37.2,52.8,50.7,0.9,10.0,0.8,573,354,"3,533","2,808","1,431",18.5,1.1,"239,478"
Pakistan,PAK,EMR,Lower-middle,2022,2.9,39,38.2,48.7,47.4,0.8,13.2,0.8,600,631,"3,762","3,519","1,335",20.0,1.1,"243,701"
Pakistan,PAK,EMR,Lower-middle,2023,2.5,30,35.7,54.6,52.9,1.1,9.7,0.9,698,368,"4,524","3,251","1,210",19.2,0.9,"247,504"
Qatar,QAT,EMR,High,2000,2.0,553,59.5,40.5,30.0,10.5,,,210,,605,"1,198","28,039",29.8,1.2,645
Qatar,QAT,EMR,High,2001,2.3,599,63.0,37.0,27.4,9.5,,,208,,597,"1,374","25,811",32.1,1.5,678
Qatar,QAT,EMR,High,2002,2.5,669,62.9,37.1,27.5,9.6,,,233,,670,"1,532","27,185",31.6,1.5,711
Qatar,QAT,EMR,High,2003,3.5,"1,115",75.0,25.0,18.5,6.4,,,262,,752,"3,046","31,847",28.5,2.6,745
Qatar,QAT,EMR,High,2004,3.2,"1,262",75.0,25.0,18.6,6.5,,,296,,852,"3,444","39,635",29.9,2.4,773
Qatar,QAT,EMR,High,2005,2.6,"1,386",74.9,25.1,18.6,6.5,,,327,,939,"3,779","54,078",29.0,1.9,825
Qatar,QAT,EMR,High,2006,2.3,"1,379",74.8,25.2,18.7,6.5,,,326,,937,"3,756","60,266",29.5,1.7,973
Qatar,QAT,EMR,High,2007,2.1,"1,301",74.8,25.2,18.7,6.5,,,309,,887,"3,542","62,872",29.5,1.5,"1,209"
Qatar,QAT,EMR,High,2008,1.6,"1,293",74.7,25.3,18.8,6.5,,,307,,884,"3,514","78,925",23.5,1.2,"1,427"
Qatar,QAT,EMR,High,2009,2.4,"1,325",71.0,29.0,19.4,6.7,,,463,,935,"3,426","55,607",36.4,1.7,"1,586"
Qatar,QAT,EMR,High,2010,1.9,"1,310",71.0,29.0,18.7,7.4,,,490,,893,"3,385","70,036",32.0,1.3,"1,709"
Qatar,QAT,EMR,High,2011,1.6,"1,482",73.5,26.5,16.9,6.4,0.0,,516,0,911,"3,968","92,645",28.5,1.2,"1,811"
Qatar,QAT,EMR,High,2012,1.7,"1,713",79.1,20.9,10.9,7.9,0.0,,622,0,679,"4,934","97,966",31.0,1.4,"1,907"
Qatar,QAT,EMR,High,2013,2.1,"2,030",84.2,15.8,6.9,6.8,0.0,,659,0,511,"6,219","97,768",28.3,1.7,"2,033"
Qatar,QAT,EMR,High,2014,2.4,"2,252",86.7,13.3,5.6,6.4,0.0,0.0,624,0,463,"7,112","92,962",32.3,2.1,"2,218"
Qatar,QAT,EMR,High,2015,3.6,"2,423",87.9,12.1,5.3,6.0,0.0,0.0,600,0,469,"7,749","66,633",38.6,3.2,"2,427"
Qatar,QAT,EMR,High,2016,3.5,"2,072",85.8,14.2,6.3,7.1,0.0,0.0,597,0,474,"6,472","58,373",40.1,3.0,"2,599"
Qatar,QAT,EMR,High,2017,3.2,"1,912",84.4,15.6,6.9,7.7,0.0,0.0,604,0,479,"5,877","59,518",34.7,2.7,"2,707"
Qatar,QAT,EMR,High,2018,3.0,"1,967",84.7,15.3,6.7,7.6,0.0,0.0,615,0,482,"6,061","66,398",28.9,2.5,"2,761"
Qatar,QAT,EMR,High,2019,3.2,"2,008",85.5,14.5,6.4,7.2,0.0,0.0,594,0,467,"6,246","63,037",32.5,2.7,"2,798"
Qatar,QAT,EMR,High,2020,3.8,"1,967",86.7,13.3,5.9,6.6,0.0,0.0,532,0,422,"6,206","51,513",34.7,3.3,"2,803"
Qatar,QAT,EMR,High,2021,2.9,"1,847",85.0,15.0,6.6,7.4,0.0,0.0,566,0,441,"5,716","63,848",29.4,2.5,"2,815"
Qatar,QAT,EMR,High,2022,2.2,"1,782",82.2,17.8,7.7,8.7,0.0,0.0,653,0,501,"5,330","81,491",24.3,1.8,"2,892"
Qatar,QAT,EMR,High,2023,2.5,"1,804",83.0,17.0,7.4,8.4,0.0,0.0,627,0,488,"5,453","71,500",27.3,2.1,"2,979"
Saudi Arabia,SAU,EMR,High,2000,4.2,493,72.1,27.9,18.5,3.0,,,175,,342,"1,333","11,715",33.1,3.0,"16,178"
Saudi Arabia,SAU,EMR,High,2001,4.5,482,72.5,27.5,18.0,3.2,,,170,,326,"1,311","10,805",36.9,3.2,"17,041"
Saudi Arabia,SAU,EMR,High,2002,4.2,450,72.3,27.7,18.5,2.8,,,156,,311,"1,220","10,586",35.9,3.1,"17,911"
Saudi Arabia,SAU,EMR,High,2003,4.0,457,72.4,27.6,17.9,2.8,,,166,,308,"1,241","11,487",33.1,2.9,"18,787"
Saudi Arabia,SAU,EMR,High,2004,3.6,471,71.5,28.5,18.2,2.9,,,183,,321,"1,264","13,154",31.1,2.6,"19,669"
Saudi Arabia,SAU,EMR,High,2005,3.4,546,72.5,27.5,16.5,3.3,,,225,,338,"1,484","15,963",28.2,2.5,"20,560"
Saudi Arabia,SAU,EMR,High,2006,3.6,635,73.0,27.0,15.4,4.3,,,277,,366,"1,737","17,540",27.3,2.6,"21,459"
Saudi Arabia,SAU,EMR,High,2007,3.6,662,70.4,29.6,16.7,5.5,,,320,,416,"1,747","18,584",29.5,2.5,"22,368"
Saudi Arabia,SAU,EMR,High,2008,3.0,663,63.6,36.4,19.4,8.3,,,424,,482,"1,581","22,320",26.7,1.9,"23,288"
Saudi Arabia,SAU,EMR,High,2009,4.3,760,65.0,35.0,18.4,10.6,,,475,,523,"1,853","17,718",37.1,2.8,"24,218"
Saudi Arabia,SAU,EMR,High,2010,3.6,766,61.9,38.1,18.9,12.0,,,549,,544,"1,779","20,996",33.0,2.3,"25,157"
Saudi Arabia,SAU,EMR,High,2011,3.7,954,67.1,32.9,15.6,10.4,,,620,,559,"2,400","25,919",32.6,2.5,"26,106"
Saudi Arabia,SAU,EMR,High,2012,4.0,"1,093",68.3,31.7,15.2,10.2,,,679,,621,"2,799","27,413",33.0,2.7,"27,062"
Saudi Arabia,SAU,EMR,High,2013,4.4,"1,190",69.6,30.4,14.4,10.3,0.0,,716,0,641,"3,105","26,898",35.2,3.1,"28,027"
Saudi Arabia,SAU,EMR,High,2014,5.2,"1,364",71.4,28.6,13.1,10.6,,,792,,672,"3,649","26,436",39.7,3.7,"28,998"
Saudi Arabia,SAU,EMR,High,2015,5.9,"1,309",68.5,31.5,14.4,12.9,,,842,,706,"3,362","22,335",39.9,4.0,"29,975"
Saudi Arabia,SAU,EMR,High,2016,6.2,"1,353",69.6,30.4,14.5,0.0,0.0,0.0,203,0,733,"3,531","21,681",34.5,4.3,"30,718"
Saudi Arabia,SAU,EMR,High,2017,6.0,"1,401",71.8,28.2,14.3,0.0,0.0,0.0,108,0,752,"3,774","23,227",32.1,4.3,"30,782"
Saudi Arabia,SAU,EMR,High,2018,5.3,"1,489",70.3,29.7,15.9,0.0,0.0,0.0,95,0,888,"3,925","27,880",34.0,3.8,"30,365"
Saudi Arabia,SAU,EMR,High,2019,5.5,"1,505",73.8,26.2,11.4,0.0,0.0,0.0,98,0,643,"4,163","27,518",33.7,4.0,"30,473"
Saudi Arabia,SAU,EMR,High,2020,6.6,"1,575",78.3,21.7,10.1,0.0,0.0,0.0,84,0,595,"4,623","23,693",39.1,5.2,"30,991"
Saudi Arabia,SAU,EMR,High,2021,5.9,"1,655",77.0,23.0,10.2,0.0,0.0,0.0,99,0,630,"4,777","27,903",31.7,4.6,"31,328"
Saudi Arabia,SAU,EMR,High,2022,5.3,"1,831",77.1,22.9,12.8,0.0,0.0,6.6,153,0,878,"4,846","34,454",28.2,4.1,"32,175"
Saudi Arabia,SAU,EMR,High,2023,5.7,"1,825",77.8,22.2,14.1,0.0,0.0,10.8,136,0,966,"4,581","32,094",32.3,4.4,"33,264"
Somalia,SOM,EMR,Low,2013,3.4,13,4.1,39.0,38.2,0.8,56.9,0.0,"143,308",0,"94,997","10,103",382,2.4,0.1,"12,870"
Somalia,SOM,EMR,Low,2014,3.0,13,3.5,40.4,39.6,0.8,56.1,0.0,"150,847",558,"105,351","9,849",435,2.6,0.1,"13,339"
Somalia,SOM,EMR,Low,2015,2.9,14,3.4,38.3,37.5,0.8,58.3,0.0,"184,211","1,480","117,872","12,061",480,1.9,0.1,"13,807"
Somalia,SOM,EMR,Low,2016,2.3,12,4.7,45.9,45.0,0.9,49.4,0.0,"136,237",321,"122,073","13,039",515,1.9,0.1,"14,349"
Somalia,SOM,EMR,Low,2017,2.4,14,5.6,40.5,39.7,0.8,53.9,0.0,"170,476",425,"123,908","17,844",553,2.9,0.1,"14,917"
Somalia,SOM,EMR,Low,2018,2.5,13,5.5,44.1,43.2,0.9,50.3,0.0,"158,322",879,"134,190","18,089",509,3.4,0.1,"15,452"
Somalia,SOM,EMR,Low,2019,2.4,13,6.2,45.9,45.0,0.9,47.8,0.0,"153,947",11,"142,028","19,700",540,3.6,0.2,"16,031"
Somalia,SOM,EMR,Low,2020,2.5,13,9.3,48.1,47.1,1.0,42.6,0.0,"130,274","5,330","146,396","34,348",518,5.5,0.2,"16,651"
Somalia,SOM,EMR,Low,2021,2.7,15,12.6,42.4,41.5,0.9,45.0,0.0,"155,061","12,320","151,467","58,428",549,4.9,0.3,"17,271"
Somalia,SOM,EMR,Low,2022,2.8,16,11.0,41.6,40.7,0.9,47.4,0.0,"180,798","10,737","161,523","54,178",573,7.1,0.3,"17,802"
Somalia,SOM,EMR,Low,2023,3.7,22,14.2,31.4,30.8,0.6,54.4,0.0,"281,337","17,945","167,319","94,950",597,6.7,0.5,"18,359"
Sudan,SDN,EMR,Low,2000,3.6,14,33.8,66.2,61.8,1.6,,1.6,2,,22,12,388,10.4,1.2,"33,849"
Sudan,SDN,EMR,Low,2001,3.4,15,33.3,66.7,62.3,1.6,,2.9,2,,24,12,451,9.9,1.1,"34,825"
Sudan,SDN,EMR,Low,2002,3.3,17,34.2,65.8,61.4,1.6,,4.8,2,,27,13,506,10.5,1.1,"35,826"
Sudan,SDN,EMR,Low,2003,3.9,23,32.5,66.1,62.6,1.4,1.5,4.1,3,,37,17,580,12.5,1.3,"36,799"
Sudan,SDN,EMR,Low,2004,4.2,29,37.9,60.7,57.2,1.3,1.4,3.3,4,0,43,26,705,16.5,1.6,"37,790"
Sudan,SDN,EMR,Low,2005,4.1,37,39.1,58.3,54.6,1.3,2.7,2.8,6,0,49,33,906,19.7,1.6,"38,853"
Sudan,SDN,EMR,Low,2006,4.9,55,36.4,59.1,55.8,1.1,4.5,3.2,9,0,67,40,"1,132",18.8,1.8,"39,969"
Sudan,SDN,EMR,Low,2007,5.7,82,36.2,61.1,58.0,0.9,2.7,3.3,9,1,96,55,"1,444",19.6,2.0,"41,153"
Sudan,SDN,EMR,Low,2008,5.4,83,31.9,65.6,62.4,0.7,2.5,4.1,9,0,108,49,"1,528",19.7,1.7,"42,442"
Sudan,SDN,EMR,Low,2009,6.4,80,41.1,55.2,52.5,0.7,3.7,3.5,12,1,103,74,"1,251",18.8,2.6,"43,813"
Sudan,SDN,EMR,Low,2010,5.1,74,32.5,64.4,61.3,0.8,3.0,4.0,11,1,117,55,"1,455",17.4,1.6,"45,160"
Sudan,SDN,EMR,Low,2011,5.6,80,22.8,69.2,65.9,0.7,7.9,3.4,27,2,167,51,"1,431",18.2,1.3,"46,429"
Sudan,SDN,EMR,Low,2012,5.7,75,26.3,69.5,65.5,0.9,4.3,2.8,27,2,228,83,"1,326",16.5,1.5,"36,923"
Sudan,SDN,EMR,Low,2013,7.0,97,16.5,78.5,74.8,0.7,5.0,2.3,48,2,433,84,"1,400",15.3,1.2,"37,786"
Sudan,SDN,EMR,Low,2014,5.7,89,25.3,71.0,67.0,0.9,3.7,2.6,48,2,432,148,"1,564",13.5,1.4,"38,823"
Sudan,SDN,EMR,Low,2015,5.8,94,14.2,83.8,79.4,1.0,2.0,4.4,42,2,584,74,"1,612",12.4,0.8,"40,024"
Sudan,SDN,EMR,Low,2016,5.7,89,22.7,75.3,71.2,0.9,2.0,7.0,61,2,730,163,"1,573",10.0,1.3,"41,260"
Sudan,SDN,EMR,Low,2017,5.9,68,18.0,76.6,72.5,1.0,5.4,10.7,111,4,891,95,"1,145",12.8,1.1,"42,714"
Sudan,SDN,EMR,Low,2018,4.5,34,23.3,70.3,67.0,2.2,6.4,6.4,134,,920,232,759,16.8,1.0,"44,231"
Sudan,SDN,EMR,Low,2019,4.6,32,22.6,70.9,67.5,2.2,6.6,6.9,152,51,"1,373",369,691,18.7,1.0,"45,548"
Sudan,SDN,EMR,Low,2020,3.0,23,34.2,58.9,53.0,2.4,6.9,9.0,406,,"1,766",839,753,10.9,1.0,"46,789"
Sudan,SDN,EMR,Low,2021,3.0,22,26.1,63.9,58.2,2.5,10.0,10.4,"1,266",155,"5,273","1,577",731,9.8,0.8,"48,067"
Sudan,SDN,EMR,Low,2022,3.8,26,21.8,46.6,42.5,1.8,31.6,14.7,"2,611","2,559","6,152","3,580",679,17.9,0.8,"49,383"
Sudan,SDN,EMR,Low,2023,2.9,21,20.7,62.9,57.4,2.5,16.3,9.1,"2,720",531,"8,520","2,265",739,8.3,0.6,"50,043"
Syrian Arab Republic,SYR,EMR,Low,2000,4.6,54,35.4,64.5,64.1,0.4,0.1,,13,0,"1,593",880,"1,174",28.7,1.6,"16,638"
Syrian Arab Republic,SYR,EMR,Low,2001,4.7,58,41.3,58.5,58.2,0.4,0.2,,15,0,"1,554","1,102","1,224",29.3,1.9,"17,051"
Syrian Arab Republic,SYR,EMR,Low,2002,5.0,63,45.2,54.3,54.0,0.3,0.4,,22,0,"1,569","1,314","1,264",31.1,2.2,"17,468"
Syrian Arab Republic,SYR,EMR,Low,2003,5.1,60,47.8,51.9,51.6,0.3,0.3,,20,0,"1,590","1,473","1,166",32.6,2.5,"17,889"
Syrian Arab Republic,SYR,EMR,Low,2004,4.5,60,47.5,52.2,51.8,0.4,0.3,,21,0,"1,610","1,476","1,339",31.3,2.1,"18,337"
Syrian Arab Republic,SYR,EMR,Low,2005,4.1,62,50.1,49.7,49.3,0.4,0.2,,19,0,"1,629","1,657","1,509",28.2,2.1,"18,814"
Syrian Arab Republic,SYR,EMR,Low,2006,3.8,64,46.7,51.7,51.2,0.5,1.6,,67,1,"1,709","1,561","1,686",26.3,1.8,"19,637"
Syrian Arab Republic,SYR,EMR,Low,2007,3.7,72,47.1,52.1,51.7,0.4,0.7,,39,4,"1,870","1,709","1,928",25.7,1.8,"20,884"
Syrian Arab Republic,SYR,EMR,Low,2008,3.4,83,45.9,53.2,52.8,0.5,0.8,,47,4,"2,038","1,778","2,429",22.9,1.6,"21,637"
Syrian Arab Republic,SYR,EMR,Low,2009,3.6,88,44.5,54.4,53.6,0.8,1.1,,69,9,"2,197","1,834","2,462",26.7,1.6,"21,977"
Syrian Arab Republic,SYR,EMR,Low,2010,3.4,92,43.1,55.7,52.0,3.8,1.2,,190,17,"2,197","1,840","2,731",28.2,1.4,"22,482"
Syrian Arab Republic,SYR,EMR,Low,2011,2.7,78,42.9,55.7,50.7,5.0,1.3,,221,19,"1,919","1,644","2,941",30.6,1.1,"22,878"
Syrian Arab Republic,SYR,EMR,Low,2012,3.2,66,42.8,56.2,50.8,5.4,1.0,,267,5,"2,174","1,839","2,058",30.9,1.4,"22,760"
Syrian Arab Republic,SYR,EMR,Low,2013,3.8,47,48.2,50.5,44.7,5.7,1.3,0.0,361,1,"2,290","2,468","1,247",30.7,1.8,"21,667"
Syrian Arab Republic,SYR,EMR,Low,2014,4.2,49,46.9,52.0,46.9,5.0,1.1,0.0,463,3,"3,538","3,539","1,156",26.8,2.0,"20,274"
Syrian Arab Republic,SYR,EMR,Low,2015,3.7,38,47.9,50.0,44.6,5.3,2.1,0.0,672,4,"4,039","4,338","1,039",23.4,1.8,"19,425"
Syrian Arab Republic,SYR,EMR,Low,2016,3.9,27,47.1,49.7,45.0,4.7,3.2,0.0,960,29,"5,681","5,974",704,22.0,1.8,"19,194"
Syrian Arab Republic,SYR,EMR,Low,2017,3.9,36,48.9,47.9,43.8,4.1,3.2,0.0,"1,262",17,"7,675","8,585",909,21.4,1.9,"19,225"
Syrian Arab Republic,SYR,EMR,Low,2018,3.9,46,47.8,47.3,43.1,4.2,4.9,0.0,"1,630",207,"8,694","9,859","1,174",22.0,1.9,"19,578"
Syrian Arab Republic,SYR,EMR,Low,2019,4.0,55,49.7,45.8,41.7,4.1,4.5,0.0,"1,911",162,"10,042","12,151","1,391",21.8,2.0,"20,354"
Syrian Arab Republic,SYR,EMR,Low,2020,3.7,37,40.6,51.9,48.3,3.6,7.4,0.0,"3,352",231,"15,716","13,444","1,009",14.9,1.5,"21,049"
Syrian Arab Republic,SYR,EMR,Low,2021,3.5,53,31.2,61.5,59.5,2.0,7.2,0.0,"5,864",381,"39,935","21,362","1,526",14.2,1.1,"21,629"
Syrian Arab Republic,SYR,EMR,Low,2022,3.4,53,24.4,62.5,59.9,2.5,13.2,0.0,"15,458","5,466","80,005","38,005","1,574",10.4,0.8,"22,462"
Syrian Arab Republic,SYR,EMR,Low,2023,2.7,33,14.9,73.3,72.4,0.9,11.8,1.6,"20,808","10,477","178,907","43,406","1,230",5.3,0.4,"23,595"
Tunisia,TUN,EMR,Lower-middle,2000,4.8,111,52.7,47.2,38.6,4.9,0.1,16.9,13,0,59,55,"2,307",24.0,2.5,"9,765"
Tunisia,TUN,EMR,Lower-middle,2001,4.9,114,52.2,47.7,39.4,4.5,0.1,18.1,14,0,65,56,"2,345",24.0,2.5,"9,870"
Tunisia,TUN,EMR,Lower-middle,2002,5.1,125,51.8,48.2,40.2,4.1,0.1,19.4,14,0,71,58,"2,434",24.1,2.7,"9,972"
Tunisia,TUN,EMR,Lower-middle,2003,5.2,149,51.4,48.5,40.9,3.8,0.1,20.7,15,0,78,59,"2,859",23.5,2.7,"10,072"
Tunisia,TUN,EMR,Lower-middle,2004,5.2,167,51.1,48.8,41.5,3.4,0.1,22.0,15,0,86,61,"3,218",23.0,2.7,"10,166"
Tunisia,TUN,EMR,Lower-middle,2005,5.1,170,50.8,49.1,42.1,5.6,0.1,22.5,15,0,93,63,"3,301",23.0,2.6,"10,255"
Tunisia,TUN,EMR,Lower-middle,2006,5.1,179,52.3,47.4,42.7,3.9,0.3,24.2,11,1,102,67,"3,485",22.9,2.7,"10,346"
Tunisia,TUN,EMR,Lower-middle,2007,5.2,202,53.4,46.1,42.9,2.7,0.6,25.9,8,1,111,73,"3,909",23.3,2.8,"10,442"
Tunisia,TUN,EMR,Lower-middle,2008,5.2,231,54.3,44.9,42.8,1.9,0.8,27.5,6,2,122,78,"4,463",23.7,2.8,"10,543"
Tunisia,TUN,EMR,Lower-middle,2009,5.4,231,55.0,43.9,42.5,1.3,1.0,29.1,4,3,133,84,"4,280",24.6,3.0,"10,651"
Tunisia,TUN,EMR,Lower-middle,2010,5.6,241,55.8,43.0,42.1,0.9,1.2,30.7,3,4,145,90,"4,292",24.0,3.1,"10,766"
Tunisia,TUN,EMR,Lower-middle,2011,6.1,271,56.4,42.2,41.6,0.6,1.4,32.3,2,5,158,97,"4,421",27.9,3.5,"10,886"
Tunisia,TUN,EMR,Lower-middle,2012,6.3,270,57.0,42.9,41.0,0.4,0.1,33.9,2,0,173,105,"4,297",28.3,3.6,"11,010"
Tunisia,TUN,EMR,Lower-middle,2013,6.5,285,59.1,40.8,39.1,0.4,0.1,36.4,2,0,181,112,"4,370",30.8,3.8,"11,141"
Tunisia,TUN,EMR,Lower-middle,2014,6.5,288,58.1,41.8,38.0,3.1,0.1,33.4,16,0,186,123,"4,459",27.7,3.7,"11,274"
Tunisia,TUN,EMR,Lower-middle,2015,6.2,249,53.8,46.2,39.7,4.5,0.0,28.7,23,0,194,131,"4,015",27.4,3.3,"11,402"
Tunisia,TUN,EMR,Lower-middle,2016,6.2,240,54.5,44.8,39.8,4.7,0.6,27.5,26,3,205,142,"3,848",27.2,3.4,"11,529"
Tunisia,TUN,EMR,Lower-middle,2017,6.2,224,53.7,45.8,40.5,4.9,0.5,27.4,29,2,219,145,"3,619",28.7,3.3,"11,650"
Tunisia,TUN,EMR,Lower-middle,2018,5.9,215,52.1,47.4,41.9,5.1,0.5,26.2,32,2,239,150,"3,628",28.7,3.1,"11,766"
Tunisia,TUN,EMR,Lower-middle,2019,6.0,213,59.2,40.8,35.6,4.6,0.0,28.0,32,0,222,195,"3,529",29.5,3.6,"11,875"
Tunisia,TUN,EMR,Lower-middle,2020,7.1,250,61.1,38.4,33.4,4.5,0.5,24.7,36,2,235,258,"3,549",34.5,4.3,"11,974"
Tunisia,TUN,EMR,Lower-middle,2021,7.3,285,56.0,42.0,37.2,4.4,1.9,23.1,41,13,297,275,"3,885",33.2,4.1,"12,049"
Tunisia,TUN,EMR,Lower-middle,2022,7.5,276,52.7,41.3,36.3,4.5,6.0,24.2,53,42,311,286,"3,680",36.5,4.0,"12,119"
Tunisia,TUN,EMR,Lower-middle,2023,8.0,318,54.1,42.8,37.9,4.4,3.1,24.1,52,26,374,322,"3,979",35.7,4.3,"12,200"
United Arab Emirates,ARE,EMR,High,2000,2.4,706,68.8,31.2,22.1,4.3,0.0,0.0,236,0,573,"1,785","29,479",21.8,1.6,"3,494"
United Arab Emirates,ARE,EMR,High,2001,2.5,689,77.0,23.0,15.1,4.4,0.0,0.0,200,0,382,"1,949","27,745",25.2,1.9,"3,724"
United Arab Emirates,ARE,EMR,High,2002,2.7,754,61.2,38.8,28.0,4.7,0.0,0.0,297,0,777,"1,696","27,754",21.3,1.7,"3,957"
United Arab Emirates,ARE,EMR,High,2003,2.6,785,61.3,38.7,27.5,5.3,0.0,0.0,325,0,791,"1,766","29,660",20.1,1.6,"4,192"
United Arab Emirates,ARE,EMR,High,2004,2.5,822,57.1,42.9,30.4,5.9,0.0,0.0,377,0,918,"1,723","33,374",17.7,1.4,"4,429"
United Arab Emirates,ARE,EMR,High,2005,2.3,898,56.8,43.2,30.1,6.3,0.0,0.0,430,0,994,"1,875","38,719",15.7,1.3,"4,665"
United Arab Emirates,ARE,EMR,High,2006,2.3,"1,031",57.3,42.7,29.7,6.4,0.0,0.0,492,0,"1,125","2,170","44,343",15.6,1.3,"5,009"
United Arab Emirates,ARE,EMR,High,2007,2.6,"1,176",58.7,41.3,28.9,6.2,0.0,0.0,538,0,"1,248","2,535","45,849",17.7,1.5,"5,625"
United Arab Emirates,ARE,EMR,High,2008,2.9,"1,466",63.9,36.1,25.1,5.5,0.0,0.0,590,0,"1,353","3,440","50,052",22.0,1.9,"6,303"
United Arab Emirates,ARE,EMR,High,2009,4.1,"1,531",73.7,26.3,16.1,6.6,0.0,0.0,574,0,905,"4,143","37,803",35.0,3.0,"6,707"
United Arab Emirates,ARE,EMR,High,2010,3.7,"1,620",70.9,29.1,17.9,7.2,0.0,0.0,666,0,"1,068","4,215","43,265",31.1,2.7,"6,938"
United Arab Emirates,ARE,EMR,High,2011,3.6,"1,788",72.4,27.6,16.9,6.8,0.0,0.0,702,0,"1,108","4,754","50,120",30.3,2.6,"7,199"
United Arab Emirates,ARE,EMR,High,2012,3.3,"1,711",72.5,27.5,16.7,6.7,0.0,0.0,674,0,"1,052","4,559","51,301",28.4,2.4,"7,497"
United Arab Emirates,ARE,EMR,High,2013,3.5,"1,790",72.0,28.0,17.2,6.9,0.0,0.0,715,0,"1,128","4,730","51,101",29.6,2.5,"7,832"
United Arab Emirates,ARE,EMR,High,2014,3.5,"1,777",71.0,29.0,17.8,7.2,0.0,0.0,732,0,"1,162","4,631","50,275",32.2,2.5,"8,237"
United Arab Emirates,ARE,EMR,High,2015,3.5,"1,479",71.3,28.7,17.8,7.2,0.0,0.0,595,0,967,"3,871","42,685",27.2,2.5,"8,675"
United Arab Emirates,ARE,EMR,High,2016,3.9,"1,593",76.3,23.7,16.0,6.4,0.0,0.0,452,0,936,"4,462","40,888",32.8,3.0,"9,031"
United Arab Emirates,ARE,EMR,High,2017,4.0,"1,695",54.8,45.2,11.4,7.0,0.0,0.0,435,0,711,"3,321","42,290",28.1,2.2,"9,234"
United Arab Emirates,ARE,EMR,High,2018,4.1,"1,873",51.6,48.4,12.7,9.6,0.0,0.0,659,0,873,"3,450","45,689",26.7,2.1,"9,347"
United Arab Emirates,ARE,EMR,High,2019,4.4,"1,962",51.2,48.8,12.2,9.8,0.0,0.0,708,0,882,"3,587","44,572",28.4,2.3,"9,378"
United Arab Emirates,ARE,EMR,High,2020,5.8,"2,154",61.0,39.0,11.2,2.9,0.0,0.0,485,0,887,"4,807","36,987",31.1,3.6,"9,449"
United Arab Emirates,ARE,EMR,High,2021,5.3,"2,250",64.1,35.9,10.5,2.8,0.0,0.0,479,0,865,"5,280","42,413",26.4,3.4,"9,789"
United Arab Emirates,ARE,EMR,High,2022,4.6,"2,241",65.8,34.2,9.7,3.3,0.0,0.0,572,0,800,"5,413","49,085",23.1,3.0,"10,242"
United Arab Emirates,ARE,EMR,High,2023,5.0,"2,402",66.8,33.2,9.7,3.4,0.0,0.0,622,0,853,"5,890","48,311",23.0,3.3,"10,642"
Yemen,YEM,EMR,Low,2000,4.7,23,50.8,46.0,43.5,1.0,3.2,0.0,210,,"1,612","1,884",491,31.7,2.4,"19,624"
Yemen,YEM,EMR,Low,2001,4.9,24,50.1,47.1,44.6,1.0,2.8,0.0,214,,"1,813","2,036",487,30.5,2.5,"20,226"
Yemen,YEM,EMR,Low,2002,4.8,25,48.2,49.2,46.7,1.1,2.5,0.0,222,,"2,033","2,101",513,30.8,2.3,"20,835"
Yemen,YEM,EMR,Low,2003,5.8,32,41.8,56.4,54.3,0.9,1.9,0.0,231,0,"3,146","2,421",549,35.3,2.4,"21,456"
Yemen,YEM,EMR,Low,2004,5.5,35,35.4,62.1,60.5,0.9,2.4,0.0,257,7,"3,868","2,273",628,34.2,2.0,"22,095"
Yemen,YEM,EMR,Low,2005,5.2,38,31.8,66.1,64.8,0.9,2.1,0.0,234,17,"4,748","2,347",735,36.8,1.7,"22,790"
Yemen,YEM,EMR,Low,2006,5.5,45,29.4,67.1,65.9,0.9,3.5,0.0,368,48,"5,819","2,644",811,37.4,1.6,"23,543"
Yemen,YEM,EMR,Low,2007,5.8,52,26.9,70.3,69.2,0.9,2.9,0.0,311,99,"7,132","2,870",891,40.3,1.6,"24,318"
Yemen,YEM,EMR,Low,2008,5.8,62,27.8,69.6,68.6,0.9,2.5,0.0,287,152,"8,464","3,583","1,072",41.2,1.6,"25,112"
Yemen,YEM,EMR,Low,2009,6.0,58,21.9,75.3,74.2,1.0,2.9,0.0,313,148,"8,735","2,721",969,35.2,1.3,"25,928"
Yemen,YEM,EMR,Low,2010,5.2,60,22.5,75.1,74.0,1.0,2.4,0.0,315,137,"9,687","3,085","1,155",30.2,1.2,"26,754"
Yemen,YEM,EMR,Low,2011,4.8,57,22.9,73.5,72.5,0.9,3.6,0.0,394,164,"8,770","2,935","1,186",29.8,1.1,"27,583"
Yemen,YEM,EMR,Low,2012,5.2,65,23.9,72.6,71.6,0.9,3.5,0.0,502,122,"9,928","3,434","1,245",36.2,1.2,"28,434"
Yemen,YEM,EMR,Low,2013,5.0,68,19.7,75.6,74.6,1.0,4.7,0.0,538,295,"10,962","3,197","1,379",30.8,1.0,"29,313"
Yemen,YEM,EMR,Low,2014,5.8,83,13.4,81.3,80.0,1.3,5.3,0.0,716,471,"14,347","2,878","1,430",27.8,0.8,"30,226"
Yemen,YEM,EMR,Low,2015,6.5,88,6.7,88.2,86.9,1.4,5.1,0.0,742,577,"17,727","1,939","1,362",19.4,0.4,"31,159"
Yemen,YEM,EMR,Low,2016,7.7,75,7.0,85.0,83.7,1.2,8.0,0.0,"1,652",329,"17,877","1,826",975,16.1,0.5,"32,109"
Yemen,YEM,EMR,Low,2017,8.1,87,3.8,89.2,87.9,1.3,7.1,0.0,"1,229",820,"21,656","1,751","1,072",8.4,0.3,"33,091"
Yemen,YEM,EMR,Low,2018,9.1,144,8.5,83.0,81.9,1.1,8.5,0.0,"2,707",279,"25,277","2,892","1,581",14.3,0.8,"34,085"
Yemen,YEM,EMR,Low,2019,11.0,81,8.3,76.3,75.3,1.0,15.4,0.0,"6,440",0,"29,688","3,272",738,13.2,0.9,"35,111"
Yemen,YEM,EMR,Low,2020,11.6,65,7.4,79.9,78.8,1.1,12.7,0.0,"6,700",0,"38,153","3,574",560,10.6,0.9,"36,135"
Yemen,YEM,EMR,Low,2021,9.4,49,7.5,70.2,68.8,1.3,22.3,0.0,"11,169",0,"34,882","3,806",522,8.2,0.7,"37,140"
Yemen,YEM,EMR,Low,2022,8.8,54,10.4,72.8,71.4,1.4,16.8,0.0,"10,120",901,"43,208","7,206",616,12.2,0.9,"38,223"
Yemen,YEM,EMR,Low,2023,9.7,48,8.4,70.5,69.1,1.4,21.1,0.0,"13,219","1,304","44,758","6,772",493,11.8,0.8,"39,391"
Albania,ALB,EUR,Upper-middle,2000,5.9,65,46.5,51.8,51.8,,1.7,8.1,112,43,"4,876","3,655","1,115",33.4,2.7,"3,166"
Albania,ALB,EUR,Upper-middle,2001,5.9,74,46.5,49.1,49.1,,4.4,8.9,377,90,"5,211","4,075","1,262",32.3,2.7,"3,148"
Albania,ALB,EUR,Upper-middle,2002,5.6,79,45.7,50.9,50.9,,3.4,10.4,316,65,"5,611","3,957","1,406",31.2,2.6,"3,134"
Albania,ALB,EUR,Upper-middle,2003,5.8,105,45.2,49.9,49.9,,4.9,10.9,614,17,"6,414","4,421","1,805",29.3,2.6,"3,118"
Albania,ALB,EUR,Upper-middle,2004,5.8,137,47.9,48.3,48.3,0.0,3.8,13.2,499,34,"6,782","4,890","2,344",29.8,2.8,"3,099"
Albania,ALB,EUR,Upper-middle,2005,5.7,150,46.9,49.3,49.3,0.0,3.8,14.9,531,36,"7,386","4,827","2,649",28.6,2.7,"3,076"
Albania,ALB,EUR,Upper-middle,2006,5.6,164,46.8,49.0,49.0,0.0,4.1,13.2,557,108,"7,902","5,520","2,951",28.8,2.6,"3,051"
Albania,ALB,EUR,Upper-middle,2007,5.9,209,46.4,49.4,49.4,0.0,4.2,17.6,533,267,"9,351","5,709","3,574",29.0,2.7,"3,023"
Albania,ALB,EUR,Upper-middle,2008,5.4,237,41.8,56.2,56.2,0.0,2.0,18.7,232,169,"11,185","4,746","4,355",31.4,2.3,"2,993"
Albania,ALB,EUR,Upper-middle,2009,5.8,237,40.5,56.5,56.5,0.0,3.0,34.5,346,326,"12,723","1,676","4,115",32.3,2.3,"2,961"
Albania,ALB,EUR,Upper-middle,2010,6.2,254,38.1,60.0,60.0,0.0,1.9,32.5,244,256,"15,830","1,740","4,121",29.0,2.4,"2,929"
Albania,ALB,EUR,Upper-middle,2011,6.1,274,38.8,59.9,59.8,0.0,1.4,33.5,145,235,"16,528","1,682","4,480",28.6,2.4,"2,912"
Albania,ALB,EUR,Upper-middle,2012,6.1,261,39.9,58.2,58.2,0.0,1.9,35.1,156,384,"16,417","1,722","4,284",27.9,2.4,"2,910"
Albania,ALB,EUR,Upper-middle,2013,6.2,276,41.0,57.7,57.7,0.0,1.2,35.5,186,177,"16,841","1,777","4,446",28.8,2.5,"2,908"
Albania,ALB,EUR,Upper-middle,2014,6.4,293,40.3,59.2,59.2,0.0,0.5,35.9,79,79,"18,298","1,445","4,610",31.4,2.6,"2,904"
Albania,ALB,EUR,Upper-middle,2015,6.4,254,41.9,57.3,57.3,0.0,0.8,35.3,107,140,"18,341","2,259","3,975",30.4,2.7,"2,899"
Albania,ALB,EUR,Upper-middle,2016,6.7,275,42.8,56.5,56.5,0.0,0.7,35.1,105,121,"19,325","2,755","4,142",28.8,2.8,"2,898"
Albania,ALB,EUR,Upper-middle,2017,6.5,296,42.2,57.3,57.2,0.0,0.6,38.3,121,73,"20,126","1,462","4,546",28.8,2.7,"2,898"
Albania,ALB,EUR,Upper-middle,2018,6.6,349,43.1,56.5,56.4,0.0,0.4,37.8,109,50,"21,275","2,083","5,299",28.7,2.8,"2,894"
Albania,ALB,EUR,Upper-middle,2019,6.8,366,42.7,56.7,56.4,0.0,0.7,36.0,102,166,"22,702","2,944","5,402",28.8,2.9,"2,885"
Albania,ALB,EUR,Upper-middle,2020,7.5,396,39.8,59.5,59.4,0.0,0.7,35.4,95,196,"25,567","2,165","5,307",32.4,3.0,"2,872"
Albania,ALB,EUR,Upper-middle,2021,7.4,466,39.7,59.8,59.7,0.0,0.5,36.0,196,67,"28,775","1,853","6,328",31.9,2.9,"2,850"
Albania,ALB,EUR,Upper-middle,2022,7.5,507,49.5,49.6,48.3,1.0,0.9,32.5,919,0,"27,695","10,087","6,726",30.3,3.7,"2,828"
Albania,ALB,EUR,Upper-middle,2023,7.1,591,49.6,49.5,48.3,0.7,0.9,32.6,825,0,"28,696","10,516","8,375",28.5,3.5,"2,812"
Andorra,AND,EUR,High,2000,5.9,"1,294",65.4,34.6,15.5,19.1,,57.6,268,,216,110,"21,810",12.8,3.9,66
Andorra,AND,EUR,High,2001,5.9,"1,379",65.2,34.8,15.5,19.3,,56.2,296,,239,138,"23,511",20.8,3.8,66
Andorra,AND,EUR,High,2002,6.0,"1,591",66.3,33.7,15.0,18.6,,50.9,314,,253,258,"26,528",13.1,4.0,67
Andorra,AND,EUR,High,2003,5.5,"1,888",64.0,36.0,16.1,19.9,,49.1,332,,268,248,"34,064",11.7,3.5,69
Andorra,AND,EUR,High,2004,5.3,"2,060",62.0,38.0,17.0,21.0,,46.3,348,,281,260,"39,021",11.8,3.3,74
Andorra,AND,EUR,High,2005,5.6,"2,280",64.2,35.8,16.0,19.8,,40.2,363,,293,440,"40,830",19.1,3.6,77
Andorra,AND,EUR,High,2006,5.0,"2,152",59.8,40.2,17.9,22.2,,41.8,381,,308,309,"43,467",12.7,3.0,80
Andorra,AND,EUR,High,2007,4.9,"2,388",59.8,40.2,17.9,22.2,,40.7,387,,313,335,"48,336",13.5,3.0,82
Andorra,AND,EUR,High,2008,5.7,"2,790",65.2,34.8,15.6,19.3,,46.7,366,,295,350,"49,133",14.9,3.7,83
Andorra,AND,EUR,High,2009,6.1,"2,680",67.8,32.2,14.4,17.8,,49.0,342,,276,362,"43,975",24.5,4.1,84
Andorra,AND,EUR,High,2010,7.7,"3,287",74.0,26.0,11.6,14.4,,39.5,357,,288,855,"42,747",23.2,5.7,81
Andorra,AND,EUR,High,2011,7.6,"3,556",73.6,26.4,11.8,14.6,,40.3,373,,301,851,"46,657",23.6,5.6,78
Andorra,AND,EUR,High,2012,6.7,"2,789",69.5,30.5,13.6,16.9,,46.2,366,,296,507,"41,500",30.4,4.7,77
Andorra,AND,EUR,High,2013,6.8,"2,887",70.1,29.9,13.3,16.5,,46.4,359,,290,517,"42,471",42.6,4.8,75
Andorra,AND,EUR,High,2014,6.8,"3,005",71.1,28.9,12.8,16.2,,47.5,366,,288,533,"44,370",22.2,4.8,74
Andorra,AND,EUR,High,2015,6.9,"2,672",71.9,28.1,13.1,15.0,,47.2,360,,316,595,"38,655",31.6,5.0,72
Andorra,AND,EUR,High,2016,6.9,"2,786",72.1,27.9,12.5,15.4,,48.2,388,,314,601,"40,130",43.2,5.0,72
Andorra,AND,EUR,High,2017,7.1,"2,876",71.9,28.1,12.1,16.0,,48.5,407,,308,596,"40,673",36.0,5.1,74
Andorra,AND,EUR,High,2018,7.4,"3,159",70.7,29.3,12.3,16.9,,47.6,452,,330,618,"42,820",35.9,5.2,75
Andorra,AND,EUR,High,2019,7.3,"3,021",71.3,28.7,12.7,15.9,,48.9,430,,344,604,"41,258",35.8,5.2,76
Andorra,AND,EUR,High,2020,8.8,"3,282",72.6,27.4,11.2,16.2,,43.2,467,,321,845,"37,361",42.4,6.4,77
Andorra,AND,EUR,High,2021,8.6,"3,668",71.3,28.7,11.3,17.4,,45.2,539,,351,811,"42,426",39.1,6.2,78
Andorra,AND,EUR,High,2022,7.5,"3,190",73.6,26.4,8.8,17.5,,48.6,531,,268,756,"42,414",34.9,5.5,80
Andorra,AND,EUR,High,2023,7.7,"3,605",70.8,29.2,11.1,18.1,,47.5,602,,372,778,"46,825",35.9,5.5,81
Armenia,ARM,EUR,Upper-middle,2000,4.2,26,22.8,64.5,62.0,,12.8,0.0,920,28,"8,585","3,178",612,24.7,1.0,"3,126"
Armenia,ARM,EUR,Upper-middle,2001,4.6,32,28.8,53.2,50.9,0.1,18.0,0.0,778,27,"9,011","5,132",687,23.6,1.3,"3,084"
Armenia,ARM,EUR,Upper-middle,2002,7.6,59,15.4,76.7,75.2,0.1,7.9,0.0,"1,455",42,"25,541","5,267",778,22.0,1.2,"3,056"
Armenia,ARM,EUR,Upper-middle,2003,7.2,66,16.8,78.0,76.4,0.1,5.2,0.0,"1,073",81,"29,333","6,530",924,22.4,1.2,"3,039"
Armenia,ARM,EUR,Upper-middle,2004,6.1,72,21.4,73.2,71.6,0.1,5.5,0.0,"1,084",98,"27,363","8,267","1,183",20.6,1.3,"3,023"
Armenia,ARM,EUR,Upper-middle,2005,5.9,96,25.2,63.1,62.9,0.0,11.7,0.0,111,112,"27,523","12,833","1,630",19.9,1.5,"3,006"
Armenia,ARM,EUR,Upper-middle,2006,5.9,125,27.1,61.3,61.2,0.1,11.6,0.0,267,61,"31,788","15,992","2,135",20.0,1.6,"2,990"
Armenia,ARM,EUR,Upper-middle,2007,5.5,170,29.4,58.4,58.2,0.1,12.2,0.0,209,54,"33,893","19,454","3,095",22.4,1.6,"2,975"
Armenia,ARM,EUR,Upper-middle,2008,6.6,262,22.4,71.7,71.4,0.1,5.9,0.0,242,32,"57,179","19,534","3,940",22.2,1.5,"2,960"
Armenia,ARM,EUR,Upper-middle,2009,8.4,248,21.5,74.0,73.6,0.2,4.6,0.0,611,123,"66,314","20,523","2,936",28.6,1.8,"2,946"
Armenia,ARM,EUR,Upper-middle,2010,9.2,292,18.3,78.0,77.6,0.2,3.7,0.0,916,189,"84,630","20,980","3,159",26.2,1.7,"2,931"
Armenia,ARM,EUR,Upper-middle,2011,9.4,325,17.8,79.0,78.4,0.3,3.2,0.0,"1,104",203,"95,022","21,641","3,469",25.0,1.7,"2,923"
Armenia,ARM,EUR,Upper-middle,2012,9.1,332,17.3,79.8,78.6,0.8,3.0,0.0,"1,902",637,"104,797","23,557","3,634",22.4,1.6,"2,923"
Armenia,ARM,EUR,Upper-middle,2013,10.3,393,13.3,84.6,82.9,1.0,2.1,0.0,"2,472",574,"133,365","22,504","3,805",23.8,1.4,"2,923"
Armenia,ARM,EUR,Upper-middle,2014,10.2,404,14.8,83.7,82.5,0.9,1.5,0.0,"2,451",557,"138,711","26,246","3,973",24.0,1.5,"2,922"
Armenia,ARM,EUR,Upper-middle,2015,10.1,366,15.9,83.0,81.6,1.0,1.1,0.0,"2,820",594,"142,598","28,771","3,613",26.3,1.6,"2,921"
Armenia,ARM,EUR,Upper-middle,2016,10.0,360,16.5,81.9,80.6,0.7,1.7,0.0,"2,538",608,"139,338","30,237","3,613",27.0,1.6,"2,919"
Armenia,ARM,EUR,Upper-middle,2017,10.4,410,13.2,85.6,84.3,0.8,1.1,0.0,"2,459",555,"166,855","28,050","3,955",26.0,1.4,"2,915"
Armenia,ARM,EUR,Upper-middle,2018,10.0,428,12.3,86.4,84.3,1.2,1.2,0.0,"5,080",555,"174,356","27,430","4,281",24.0,1.2,"2,910"
Armenia,ARM,EUR,Upper-middle,2019,11.4,534,12.4,86.6,84.8,1.1,1.0,0.0,"5,334",714,"217,424","33,654","4,690",24.9,1.4,"2,904"
Armenia,ARM,EUR,Upper-middle,2020,12.2,535,19.3,79.6,77.8,1.0,1.1,0.0,"5,801",708,"203,769","52,175","4,373",30.6,2.4,"2,891"
Armenia,ARM,EUR,Upper-middle,2021,12.3,596,17.8,81.4,78.7,1.9,0.9,0.0,"8,706",860,"236,098","54,914","4,835",28.7,2.2,"2,870"
Armenia,ARM,EUR,Upper-middle,2022,10.0,675,17.2,82.3,79.1,2.1,0.5,,"9,506","1,113","232,512","51,733","6,774",26.4,1.7,"2,881"
Armenia,ARM,EUR,Upper-middle,2023,9.3,767,15.7,83.9,80.5,2.4,0.4,,"10,635",466,"242,231","47,757","8,228",26.8,1.5,"2,943"
Austria,AUT,EUR,High,2000,9.4,"2,302",73.1,26.9,18.8,5.6,0.0,45.4,167,0,469,725,"24,516",51.4,6.9,"8,002"
Austria,AUT,EUR,High,2001,9.5,"2,315",72.6,27.4,19.5,5.5,0.0,44.9,172,0,503,750,"24,496",51.8,6.9,"8,021"
Austria,AUT,EUR,High,2002,9.6,"2,532",72.5,27.5,19.5,5.5,0.0,45.3,178,0,521,766,"26,395",51.6,7.0,"8,064"
Austria,AUT,EUR,High,2003,9.7,"3,122",72.4,27.6,19.6,5.6,0.0,45.2,186,0,540,788,"32,194",51.8,7.0,"8,100"
Austria,AUT,EUR,High,2004,9.8,"3,607",71.9,28.1,19.7,5.8,0.0,45.1,206,0,570,816,"36,746",54.3,7.1,"8,143"
Austria,AUT,EUR,High,2005,9.7,"3,720",72.6,27.4,19.5,5.2,0.0,45.3,198,0,583,855,"38,281",51.7,7.1,"8,201"
Austria,AUT,EUR,High,2006,9.6,"3,900",72.7,27.3,19.2,5.1,0.0,45.0,204,0,595,908,"40,452",50.9,7.0,"8,254"
Austria,AUT,EUR,High,2007,9.6,"4,485",72.8,27.2,19.2,5.0,0.0,45.3,211,0,629,950,"46,693",49.7,7.0,"8,283"
Austria,AUT,EUR,High,2008,9.8,"5,081",73.6,26.4,18.8,4.9,0.0,44.7,222,0,650,"1,038","51,665",50.4,7.2,"8,308"
Austria,AUT,EUR,High,2009,10.3,"4,940",72.8,27.2,18.6,4.9,0.0,44.4,224,0,659,"1,086","47,905",54.6,7.5,"8,335"
Austria,AUT,EUR,High,2010,10.3,"4,815",72.2,27.8,19.2,4.9,0.0,43.5,229,0,699,"1,124","46,677",53.4,7.5,"8,352"
Austria,AUT,EUR,High,2011,10.1,"5,192",72.4,27.6,19.3,4.9,0.0,43.6,236,0,720,"1,147","51,217",51.3,7.3,"8,375"
Austria,AUT,EUR,High,2012,10.3,"4,984",72.7,27.3,19.1,4.9,0.0,43.5,246,0,743,"1,203","48,376",51.8,7.5,"8,408"
Austria,AUT,EUR,High,2013,10.4,"5,252",72.0,28.0,19.6,5.1,0.0,43.5,259,0,775,"1,199","50,472",52.4,7.5,"8,452"
Austria,AUT,EUR,High,2014,10.5,"5,418",72.3,27.7,19.6,5.1,0.0,43.7,270,0,800,"1,227","51,548",52.4,7.6,"8,508"
Austria,AUT,EUR,High,2015,10.5,"4,650",72.0,28.0,19.8,5.0,0.0,43.8,274,0,832,"1,249","44,211",51.2,7.6,"8,585"
Austria,AUT,EUR,High,2016,10.5,"4,759",71.8,28.2,20.0,5.1,0.0,43.7,284,0,862,"1,275","45,249",50.6,7.5,"8,700"
Austria,AUT,EUR,High,2017,10.6,"5,000",73.0,27.0,20.1,5.0,0.0,43.8,296,0,890,"1,302","47,297",49.8,7.7,"8,773"
Austria,AUT,EUR,High,2018,10.5,"5,395",73.8,26.2,19.3,5.1,0.0,44.0,309,0,881,"1,366","51,300",49.2,7.8,"8,822"
Austria,AUT,EUR,High,2019,10.6,"5,313",74.2,25.8,18.8,5.1,0.0,44.3,324,0,890,"1,428","50,005",49.1,7.9,"8,859"
Austria,AUT,EUR,High,2020,11.4,"5,570",76.3,23.7,17.2,4.6,0.0,43.3,313,0,837,"1,613","48,803",57.3,8.7,"8,901"
Austria,AUT,EUR,High,2021,12.2,"6,554",77.7,22.3,16.0,4.4,0.0,40.3,345,0,888,"2,076","53,788",56.0,9.5,"8,933"
Austria,AUT,EUR,High,2022,11.2,"5,898",77.1,22.9,16.3,4.5,0.0,42.5,364,0,912,"1,944","52,542",53.0,8.7,"8,979"
Austria,AUT,EUR,High,2023,11.2,"6,268",76.5,23.5,16.5,4.8,0.0,43.5,398,0,955,"1,920","56,200",52.7,8.5,"9,105"
Austria,AUT,EUR,High,2024,11.8,"6,739",,,16.5,,,,452,,"1,025",,"56,956",56.3,,"9,159"
Azerbaijan,AZE,EUR,Upper-middle,2000,2.9,19,29.4,68.6,68.6,,2.0,0.0,0,0,12,5,645,18.2,0.9,"8,175"
Azerbaijan,AZE,EUR,Upper-middle,2001,2.8,19,29.0,69.7,69.6,,1.2,0.0,0,0,12,5,692,16.8,0.8,"8,252"
Azerbaijan,AZE,EUR,Upper-middle,2002,2.7,20,27.1,72.1,72.3,,0.8,0.0,0,0,14,5,749,23.1,0.7,"8,326"
Azerbaijan,AZE,EUR,Upper-middle,2003,2.7,24,28.4,69.0,69.1,,2.7,0.0,1,0,16,7,866,21.7,0.8,"8,401"
Azerbaijan,AZE,EUR,Upper-middle,2004,2.7,27,32.3,65.6,65.9,,1.8,0.0,0,0,18,9,"1,022",24.2,0.9,"8,490"
Azerbaijan,AZE,EUR,Upper-middle,2005,2.2,34,39.9,59.1,59.3,,0.9,0.0,0,0,19,13,"1,541",22.5,0.9,"8,597"
Azerbaijan,AZE,EUR,Upper-middle,2006,2.1,50,41.9,56.4,56.3,,1.7,0.0,1,0,25,19,"2,409",25.3,0.9,"8,711"
Azerbaijan,AZE,EUR,Upper-middle,2007,2.0,75,45.6,52.7,52.6,,1.7,0.0,0,1,34,30,"3,744",26.1,0.9,"8,828"
Azerbaijan,AZE,EUR,Upper-middle,2008,2.0,112,42.2,56.5,56.5,,1.2,0.0,1,1,52,39,"5,463",31.4,0.9,"8,943"
Azerbaijan,AZE,EUR,Upper-middle,2009,2.8,135,41.0,57.9,57.9,,1.1,0.0,0,1,63,45,"4,896",34.5,1.1,"9,046"
Azerbaijan,AZE,EUR,Upper-middle,2010,2.6,153,38.3,60.3,60.3,,1.4,0.0,0,1,74,48,"5,784",32.0,1.0,"9,147"
Azerbaijan,AZE,EUR,Upper-middle,2011,2.6,185,36.6,62.1,62.1,,1.3,0.0,1,1,91,55,"7,125",33.7,0.9,"9,256"
Azerbaijan,AZE,EUR,Upper-middle,2012,3.2,235,35.3,63.0,63.0,,1.7,0.0,0,3,116,68,"7,432",36.6,1.1,"9,376"
Azerbaijan,AZE,EUR,Upper-middle,2013,3.2,252,33.1,66.2,66.3,,0.7,0.0,0,1,131,66,"7,803",37.8,1.1,"9,504"
Azerbaijan,AZE,EUR,Upper-middle,2014,3.6,280,31.5,67.5,67.5,,1.0,0.0,1,2,148,71,"7,812",36.4,1.1,"9,631"
Azerbaijan,AZE,EUR,Upper-middle,2015,4.3,236,30.1,69.1,69.1,,0.8,0.0,0,2,167,74,"5,442",38.7,1.3,"9,753"
Azerbaijan,AZE,EUR,Upper-middle,2016,4.4,170,26.4,73.2,70.0,3.2,0.5,0.0,9,1,190,72,"3,837",35.4,1.2,"9,868"
Azerbaijan,AZE,EUR,Upper-middle,2017,4.1,167,24.7,74.7,71.8,2.9,0.6,0.0,8,2,207,72,"4,100",35.6,1.0,"9,969"
Azerbaijan,AZE,EUR,Upper-middle,2018,3.8,180,23.2,76.2,73.4,2.8,0.6,0.0,9,2,225,72,"4,693",33.2,0.9,"10,040"
Azerbaijan,AZE,EUR,Upper-middle,2019,4.2,199,25.6,74.1,71.3,2.8,0.3,0.0,10,1,242,88,"4,765",32.5,1.1,"10,110"
Azerbaijan,AZE,EUR,Upper-middle,2020,5.8,245,39.8,60.0,57.8,2.1,0.2,0.0,9,1,241,167,"4,193",40.2,2.3,"10,182"
Azerbaijan,AZE,EUR,Upper-middle,2021,4.7,251,31.6,68.0,66.0,2.4,0.4,0.0,10,1,282,135,"5,357",32.2,1.5,"10,234"
Azerbaijan,AZE,EUR,Upper-middle,2022,3.4,261,27.9,68.7,66.3,2.5,3.4,0.0,11,15,294,139,"7,655",26.2,1.0,"10,295"
Azerbaijan,AZE,EUR,Upper-middle,2023,4.3,300,32.6,66.9,64.6,2.3,0.4,0.0,12,2,329,168,"7,019",32.7,1.4,"10,318"
Belarus,BLR,EUR,Upper-middle,2000,5.3,57,78.7,21.2,16.0,0.0,0.1,0.0,0,,1,4,"1,080",34.2,4.2,"9,991"
Belarus,BLR,EUR,Upper-middle,2001,5.7,73,74.6,25.2,20.7,0.0,0.2,0.0,0,,2,8,"1,286",42.4,4.3,"9,938"
Belarus,BLR,EUR,Upper-middle,2002,5.6,86,72.5,27.3,23.0,0.0,0.1,0.0,1,,4,11,"1,529",43.8,4.1,"9,873"
Belarus,BLR,EUR,Upper-middle,2003,5.8,109,76.0,23.9,20.2,0.0,0.1,0.0,1,,4,17,"1,880",43.5,4.4,"9,803"
Belarus,BLR,EUR,Upper-middle,2004,5.7,141,76.7,23.2,19.2,0.0,0.1,0.0,1,,6,23,"2,458",44.0,4.4,"9,735"
Belarus,BLR,EUR,Upper-middle,2005,6.1,196,74.5,25.4,21.8,0.0,0.1,0.0,2,,9,31,"3,231",45.0,4.5,"9,668"
Belarus,BLR,EUR,Upper-middle,2006,5.6,222,71.5,28.3,24.4,0.0,0.2,0.0,2,0,12,34,"3,978",47.2,4.0,"9,608"
Belarus,BLR,EUR,Upper-middle,2007,5.7,279,70.2,29.7,25.8,0.0,0.1,0.0,2,0,15,42,"4,895",49.2,4.0,"9,563"
Belarus,BLR,EUR,Upper-middle,2008,5.3,349,65.8,34.0,29.8,0.0,0.2,0.0,3,0,22,49,"6,590",60.0,3.5,"9,529"
Belarus,BLR,EUR,Upper-middle,2009,5.4,288,64.6,35.2,30.9,0.0,0.3,0.0,4,0,25,52,"5,351",51.7,3.5,"9,507"
Belarus,BLR,EUR,Upper-middle,2010,5.7,341,68.0,31.5,29.2,0.2,0.5,0.0,3,0,30,69,"6,030",44.3,3.8,"9,491"
Belarus,BLR,EUR,Upper-middle,2011,4.9,318,63.4,36.3,33.6,0.2,0.3,0.0,5,0,53,100,"6,520",40.3,3.1,"9,473"
Belarus,BLR,EUR,Upper-middle,2012,5.2,364,65.7,33.8,30.8,0.2,0.5,0.0,11,0,93,199,"6,941",38.9,3.4,"9,463"
Belarus,BLR,EUR,Upper-middle,2013,5.7,455,62.7,36.9,33.8,0.4,0.4,0.0,14,0,136,253,"7,980",40.8,3.6,"9,464"
Belarus,BLR,EUR,Upper-middle,2014,5.4,448,62.6,37.1,34.9,0.5,0.3,0.0,11,0,160,287,"8,320",38.8,3.4,"9,473"
Belarus,BLR,EUR,Upper-middle,2015,6.1,361,60.8,38.8,36.2,0.7,0.4,0.0,17,0,208,349,"5,951",41.8,3.7,"9,487"
Belarus,BLR,EUR,Upper-middle,2016,5.9,297,70.9,28.6,26.7,1.0,0.4,0.0,12,2,158,421,"5,024",40.7,4.2,"9,499"
Belarus,BLR,EUR,Upper-middle,2017,5.8,332,69.1,30.5,27.1,1.2,0.4,0.0,23,2,174,445,"5,763",39.0,4.0,"9,496"
Belarus,BLR,EUR,Upper-middle,2018,5.5,350,70.6,29.2,25.4,1.4,0.2,0.0,27,,181,504,"6,332",37.8,3.9,"9,480"
Belarus,BLR,EUR,Upper-middle,2019,5.9,400,70.4,29.5,25.7,1.6,0.1,0.0,32,,215,590,"6,826",37.4,4.1,"9,435"
Belarus,BLR,EUR,Upper-middle,2020,6.4,420,70.9,28.8,24.8,1.5,0.3,0.0,42,,254,730,"6,563",38.0,4.5,"9,351"
Belarus,BLR,EUR,Upper-middle,2021,6.6,484,74.2,25.6,21.9,1.7,0.2,0.0,46,,269,914,"7,372",36.7,4.9,"9,251"
Belarus,BLR,EUR,Upper-middle,2022,6.6,529,67.6,32.3,27.6,1.6,0.2,0.0,65,,384,940,"8,042",38.0,4.4,"9,173"
Belarus,BLR,EUR,Upper-middle,2023,7.1,558,66.8,33.2,28.5,1.7,0.1,0.0,79,,478,"1,121","7,883",40.3,4.7,"9,116"
Belgium,BEL,EUR,High,2000,8.0,"1,850",74.5,25.5,20.2,5.2,,63.7,104,,405,217,"23,126",49.4,6.0,"10,239"
Belgium,BEL,EUR,High,2001,8.1,"1,880",75.3,24.7,19.6,5.0,,64.4,106,,411,230,"23,067",49.4,6.1,"10,263"
Belgium,BEL,EUR,High,2002,8.3,"2,085",73.7,26.3,20.8,5.3,,63.0,118,,460,236,"25,062",49.9,6.1,"10,310"
Belgium,BEL,EUR,High,2003,9.2,"2,823",73.9,26.1,21.0,5.0,0.0,63.2,130,0,523,262,"30,715",51.0,6.8,"10,356"
Belgium,BEL,EUR,High,2004,9.4,"3,322",74.8,25.2,20.2,5.0,0.0,64.0,138,0,539,282,"35,514",49.3,7.0,"10,396"
Belgium,BEL,EUR,High,2005,9.3,"3,416",74.5,25.5,20.3,5.1,0.0,63.5,145,0,556,298,"36,925",51.9,6.9,"10,446"
Belgium,BEL,EUR,High,2006,9.1,"3,547",74.5,25.5,20.2,5.1,0.0,63.1,149,0,572,319,"38,840",48.8,6.8,"10,511"
Belgium,BEL,EUR,High,2007,9.1,"4,066",74.1,25.9,20.6,5.2,0.0,63.4,158,0,611,314,"44,492",48.6,6.8,"10,585"
Belgium,BEL,EUR,High,2008,9.6,"4,656",75.7,24.3,19.9,4.3,0.0,65.3,140,0,631,324,"48,499",50.8,7.3,"10,667"
Belgium,BEL,EUR,High,2009,10.5,"4,756",74.4,25.6,21.7,3.9,0.0,64.0,137,0,738,350,"45,105",54.5,7.8,"10,753"
Belgium,BEL,EUR,High,2010,10.4,"4,626",74.7,25.3,21.4,3.9,0.0,64.3,141,0,746,356,"44,424",53.9,7.8,"10,840"
Belgium,BEL,EUR,High,2011,10.4,"4,990",75.2,24.8,20.6,4.1,0.0,65.0,153,0,737,363,"47,924",55.0,7.8,"11,001"
Belgium,BEL,EUR,High,2012,10.6,"4,764",75.5,24.5,20.4,4.0,0.0,64.9,153,0,758,389,"45,000",56.2,8.0,"11,076"
Belgium,BEL,EUR,High,2013,10.6,"5,006",75.2,24.8,20.6,4.2,0.0,64.5,163,0,775,399,"47,055",55.9,8.0,"11,138"
Belgium,BEL,EUR,High,2014,10.6,"5,110",75.7,24.3,20.0,4.3,0.0,64.9,169,0,770,410,"48,117",55.4,8.0,"11,181"
Belgium,BEL,EUR,High,2015,10.9,"4,465",76.0,24.0,19.4,4.5,0.0,57.2,188,0,782,753,"41,028",53.9,8.3,"11,237"
Belgium,BEL,EUR,High,2016,10.9,"4,570",76.3,23.7,18.9,4.7,0.0,53.6,200,0,782,932,"41,930",53.4,8.3,"11,311"
Belgium,BEL,EUR,High,2017,10.9,"4,828",76.0,24.0,19.1,4.8,0.0,53.2,210,0,817,969,"44,126",52.3,8.3,"11,352"
Belgium,BEL,EUR,High,2018,11.0,"5,234",75.8,24.2,19.4,4.8,0.0,52.8,219,0,859,"1,014","47,606",52.5,8.3,"11,399"
Belgium,BEL,EUR,High,2019,10.9,"5,087",74.5,25.5,20.6,4.9,0.0,53.3,228,0,936,954,"46,853",51.8,8.1,"11,456"
Belgium,BEL,EUR,High,2020,11.5,"5,269",76.1,23.9,19.3,4.5,0.0,52.8,215,0,891,"1,071","45,971",58.5,8.7,"11,522"
Belgium,BEL,EUR,High,2021,11.3,"5,847",75.2,24.8,20.3,4.4,0.0,53.2,224,0,"1,006","1,081","51,799",54.9,8.5,"11,555"
Belgium,BEL,EUR,High,2022,10.7,"5,488",73.9,26.1,21.4,4.6,0.0,53.3,248,1,"1,116","1,070","51,096",52.3,7.9,"11,618"
Belgium,BEL,EUR,High,2023,10.8,"5,931",73.7,26.3,21.5,4.8,0.0,55.1,269,1,"1,180","1,010","54,898",53.3,8.0,"11,743"
Bosnia and Herzegovina,BIH,EUR,Upper-middle,2000,8.0,107,51.2,42.0,42.0,,6.8,49.6,15,0,95,4,"1,339",56.2,4.1,"4,160"
Bosnia and Herzegovina,BIH,EUR,Upper-middle,2001,7.6,105,57.1,41.6,41.4,,1.5,55.6,3,0,95,4,"1,388",50.2,4.3,"4,179"
Bosnia and Herzegovina,BIH,EUR,Upper-middle,2002,7.4,119,59.8,38.5,38.5,,1.8,58.3,4,0,95,4,"1,607",47.4,4.4,"4,188"
Bosnia and Herzegovina,BIH,EUR,Upper-middle,2003,8.3,168,66.2,32.5,32.5,,1.3,64.7,4,0,95,4,"2,034",47.3,5.5,"4,179"
Bosnia and Herzegovina,BIH,EUR,Upper-middle,2004,9.1,222,57.0,42.7,42.7,,0.3,54.3,1,0,150,9,"2,453",45.6,5.2,"4,141"
Bosnia and Herzegovina,BIH,EUR,Upper-middle,2005,8.8,242,54.6,45.2,45.2,,0.2,51.8,1,0,172,11,"2,740",44.5,4.8,"4,096"
Bosnia and Herzegovina,BIH,EUR,Upper-middle,2006,8.9,281,54.6,45.0,45.0,,0.4,52.0,1,1,197,12,"3,166",44.2,4.8,"4,063"
Bosnia and Herzegovina,BIH,EUR,Upper-middle,2007,9.3,364,55.3,44.3,44.3,,0.4,53.4,2,0,230,10,"3,932",45.2,5.1,"4,013"
Bosnia and Herzegovina,BIH,EUR,Upper-middle,2008,9.5,459,55.7,43.9,43.9,,0.4,54.4,1,2,269,9,"4,842",48.4,5.3,"3,948"
Bosnia and Herzegovina,BIH,EUR,Upper-middle,2009,9.0,409,68.0,31.0,30.6,0.4,1.0,66.6,6,2,176,10,"4,540",49.0,6.1,"3,880"
Bosnia and Herzegovina,BIH,EUR,Upper-middle,2010,9.0,406,68.1,30.4,30.1,0.3,1.5,67.5,3,8,180,11,"4,506",48.7,6.1,"3,811"
Bosnia and Herzegovina,BIH,EUR,Upper-middle,2011,9.2,457,67.7,29.7,29.5,0.2,2.6,67.8,6,12,189,12,"4,983",46.4,6.2,"3,742"
Bosnia and Herzegovina,BIH,EUR,Upper-middle,2012,9.5,445,68.6,29.5,29.2,0.2,1.9,67.7,6,8,198,15,"4,694",46.9,6.5,"3,670"
Bosnia and Herzegovina,BIH,EUR,Upper-middle,2013,9.4,475,69.7,29.3,29.1,0.2,1.0,68.4,2,7,203,16,"5,035",44.5,6.6,"3,611"
Bosnia and Herzegovina,BIH,EUR,Upper-middle,2014,9.5,493,70.4,29.2,28.9,0.2,0.5,68.5,2,3,210,17,"5,206",46.2,6.7,"3,565"
Bosnia and Herzegovina,BIH,EUR,Upper-middle,2015,9.2,431,69.2,29.1,28.8,0.3,1.7,68.6,2,13,219,17,"4,662",42.7,6.4,"3,519"
Bosnia and Herzegovina,BIH,EUR,Upper-middle,2016,9.1,450,70.9,28.9,28.6,0.3,0.2,68.6,2,2,228,20,"4,929",41.5,6.5,"3,473"
Bosnia and Herzegovina,BIH,EUR,Upper-middle,2017,8.8,471,70.1,29.5,29.1,0.4,0.4,68.0,3,3,238,21,"5,345",40.0,6.2,"3,429"
Bosnia and Herzegovina,BIH,EUR,Upper-middle,2018,8.8,530,69.9,29.7,29.3,0.4,0.4,67.7,3,4,257,23,"6,048",40.4,6.1,"3,387"
Bosnia and Herzegovina,BIH,EUR,Upper-middle,2019,8.9,546,68.7,29.7,29.4,0.4,1.5,67.7,4,15,280,24,"6,122",39.9,6.1,"3,346"
Bosnia and Herzegovina,BIH,EUR,Upper-middle,2020,9.7,595,69.6,29.2,28.9,0.3,1.2,66.2,3,13,295,47,"6,130",45.4,6.8,"3,299"
Bosnia and Herzegovina,BIH,EUR,Upper-middle,2021,9.6,697,68.3,31.0,30.7,0.3,0.7,63.5,4,8,354,63,"7,295",40.6,6.5,"3,245"
Bosnia and Herzegovina,BIH,EUR,Upper-middle,2022,8.7,667,65.8,31.3,30.9,0.4,2.9,65.7,5,36,383,37,"7,656",39.4,5.7,"3,205"
Bosnia and Herzegovina,BIH,EUR,Upper-middle,2023,8.9,773,67.3,31.4,31.0,0.5,1.3,65.7,7,18,433,40,"8,663",41.6,6.0,"3,185"
Bulgaria,BGR,EUR,High,2000,5.8,95,59.6,40.5,40.4,,,7.6,,,81,104,"1,621",43.0,3.5,"8,191"
Bulgaria,BGR,EUR,High,2001,6.9,120,56.1,43.9,43.7,0.0,,20.1,0,,114,94,"1,747",40.6,3.8,"8,149"
Bulgaria,BGR,EUR,High,2002,7.1,148,59.3,40.7,39.8,0.0,,24.3,2,,122,108,"2,092",39.1,4.2,"7,869"
Bulgaria,BGR,EUR,High,2003,7.2,196,60.7,39.3,38.1,0.1,,30.0,3,,129,105,"2,719",38.6,4.4,"7,806"
Bulgaria,BGR,EUR,High,2004,6.9,233,59.4,40.6,39.2,0.2,,31.6,4,,144,103,"3,383",37.8,4.1,"7,745"
Bulgaria,BGR,EUR,High,2005,6.9,268,59.6,40.4,38.9,0.3,,33.6,5,,164,111,"3,886",36.7,4.1,"7,689"
Bulgaria,BGR,EUR,High,2006,6.5,294,55.7,44.3,42.6,0.4,,39.3,6,,196,77,"4,507",33.7,3.6,"7,629"
Bulgaria,BGR,EUR,High,2007,6.2,361,55.7,44.3,42.6,0.4,,40.0,6,,220,83,"5,868",37.7,3.4,"7,573"
Bulgaria,BGR,EUR,High,2008,6.3,456,55.4,44.6,42.6,0.5,,38.5,7,,260,108,"7,251",37.1,3.5,"7,518"
Bulgaria,BGR,EUR,High,2009,6.6,459,53.8,46.2,44.4,0.5,,36.6,8,,287,115,"6,964",39.3,3.5,"7,467"
Bulgaria,BGR,EUR,High,2010,7.1,485,55.2,44.8,43.1,0.5,,38.3,10,,309,122,"6,833",36.1,3.9,"7,422"
Bulgaria,BGR,EUR,High,2011,7.1,556,54.1,45.9,44.5,0.4,,38.8,9,,348,121,"7,826",33.7,3.8,"7,369"
Bulgaria,BGR,EUR,High,2012,7.5,559,50.8,49.2,47.7,0.4,,40.0,11,,406,93,"7,410",34.3,3.8,"7,327"
Bulgaria,BGR,EUR,High,2013,7.1,554,56.6,43.4,41.9,0.4,,46.5,11,,341,84,"7,753",37.8,4.0,"7,203"
Bulgaria,BGR,EUR,High,2014,7.7,616,58.2,41.8,40.2,0.4,,48.7,12,,366,89,"8,020",43.2,4.5,"7,117"
Bulgaria,BGR,EUR,High,2015,7.4,534,55.9,44.1,42.5,0.4,,46.0,13,,400,96,"7,225",40.4,4.1,"7,030"
Bulgaria,BGR,EUR,High,2016,7.5,580,55.1,44.9,43.3,0.4,,45.1,14,,443,105,"7,772",34.8,4.1,"6,939"
Bulgaria,BGR,EUR,High,2017,7.5,648,54.9,45.1,42.2,0.6,,46.5,16,,474,111,"8,639",34.8,4.1,"6,850"
Bulgaria,BGR,EUR,High,2018,7.3,720,57.6,42.4,39.3,0.7,,48.7,19,,469,124,"9,805",37.0,4.2,"6,757"
Bulgaria,BGR,EUR,High,2019,7.1,733,59.2,40.8,37.8,0.8,,50.2,21,,484,134,"10,299",36.4,4.2,"6,664"
Bulgaria,BGR,EUR,High,2020,8.4,907,59.8,38.1,35.5,0.6,2.0,45.6,21,32,553,272,"10,740",41.3,5.1,"6,569"
Bulgaria,BGR,EUR,High,2021,8.6,"1,109",64.4,35.0,33.7,0.6,0.6,49.1,24,10,619,290,"12,926",41.5,5.5,"6,532"
Bulgaria,BGR,EUR,High,2022,7.6,"1,067",62.5,37.5,35.1,0.7,,47.6,28,,696,315,"13,965",41.3,4.8,"6,482"
Bulgaria,BGR,EUR,High,2023,7.9,"1,258",62.8,36.7,35.5,0.8,0.5,47.6,34,,808,350,"15,885",38.8,5.0,"6,448"
Croatia,HRV,EUR,High,2000,7.7,386,85.0,15.0,13.9,0.0,,84.0,0,,59,9,"5,042",54.6,6.5,"4,326"
Croatia,HRV,EUR,High,2001,7.2,388,82.2,17.8,14.4,2.3,,81.3,10,,62,8,"5,409",50.6,5.9,"4,301"
Croatia,HRV,EUR,High,2002,6.1,386,79.0,21.0,18.6,1.3,,78.2,5,,75,7,"6,290",49.2,4.9,"4,306"
Croatia,HRV,EUR,High,2003,6.3,512,81.3,18.7,16.6,0.7,,80.8,4,,76,7,"8,130",49.6,5.1,"4,307"
Croatia,HRV,EUR,High,2004,6.5,634,79.8,20.2,18.1,0.8,,79.2,5,,92,8,"9,743",49.0,5.2,"4,310"
Croatia,HRV,EUR,High,2005,6.8,727,85.0,15.0,13.4,0.6,,71.9,4,,77,80,"10,622",46.5,5.8,"4,314"
Croatia,HRV,EUR,High,2006,6.9,815,84.7,15.3,13.3,0.6,,68.8,6,,84,108,"11,811",44.6,5.8,"4,316"
Croatia,HRV,EUR,High,2007,7.4,"1,040",86.4,13.6,12.4,0.5,,63.6,7,,92,171,"14,080",46.3,6.4,"4,316"
Croatia,HRV,EUR,High,2008,7.6,"1,258",83.8,16.2,14.5,0.6,,65.3,5,,120,162,"16,475",46.3,6.4,"4,315"
Croatia,HRV,EUR,High,2009,8.0,"1,187",82.8,17.2,13.7,0.6,,66.1,9,,114,159,"14,781",49.2,6.7,"4,311"
Croatia,HRV,EUR,High,2010,7.9,"1,127",83.4,16.6,14.0,0.6,,64.7,5,,115,170,"14,175",48.1,6.6,"4,301"
Croatia,HRV,EUR,High,2011,7.6,"1,135",82.0,18.0,12.1,7.7,,75.5,62,,97,38,"14,884",48.6,6.3,"4,281"
Croatia,HRV,EUR,High,2012,7.6,"1,034",82.7,17.3,11.5,6.9,,76.8,56,,92,38,"13,545",47.3,6.3,"4,259"
Croatia,HRV,EUR,High,2013,6.4,894,85.5,14.5,8.8,6.3,,82.2,43,,60,18,"14,030",47.9,5.4,"4,242"
Croatia,HRV,EUR,High,2014,6.6,915,84.0,16.0,11.3,5.8,0.0,80.0,41,,79,21,"13,939",48.7,5.5,"4,219"
Croatia,HRV,EUR,High,2015,6.7,803,83.1,16.9,10.9,6.4,0.0,78.8,47,,80,28,"12,071",47.5,5.5,"4,184"
Croatia,HRV,EUR,High,2016,6.7,852,82.8,17.1,11.0,6.5,0.0,76.9,50,,84,43,"12,731",45.9,5.5,"4,136"
Croatia,HRV,EUR,High,2017,6.6,919,82.9,17.1,11.0,6.5,0.0,75.7,52,,89,55,"13,869",44.3,5.5,"4,079"
Croatia,HRV,EUR,High,2018,6.7,"1,045",82.5,17.5,11.4,6.6,0.0,75.1,58,,99,60,"15,568",45.1,5.5,"4,025"
Croatia,HRV,EUR,High,2019,6.8,"1,064",81.5,18.4,11.5,6.6,0.0,76.7,62,,107,49,"15,670",46.3,5.5,"3,986"
Croatia,HRV,EUR,High,2020,7.7,"1,123",81.8,18.2,10.4,5.3,0.0,77.5,53,,103,66,"14,621",53.7,6.3,"3,954"
Croatia,HRV,EUR,High,2021,8.1,"1,424",84.1,15.9,9.4,5.1,0.0,76.1,61,,113,113,"17,612",48.1,6.8,"3,925"
Croatia,HRV,EUR,High,2022,7.3,"1,329",84.5,15.5,9.2,5.5,0.0,74.5,69,,116,137,"18,212",45.0,6.2,"3,907"
Croatia,HRV,EUR,High,2023,7.1,"1,548",84.0,15.9,9.4,5.7,0.1,77.4,81,,134,108,"21,664",46.8,6.0,"3,896"
Cyprus,CYP,EUR,High,2000,5.3,751,41.1,58.4,55.9,2.5,0.5,,20,4,455,339,"14,139",36.4,2.2,690
Cyprus,CYP,EUR,High,2001,5.3,782,41.8,57.7,55.2,2.5,0.5,,22,4,483,370,"14,649",37.1,2.2,698
Cyprus,CYP,EUR,High,2002,5.6,890,44.4,55.0,52.8,2.2,0.6,,21,6,499,425,"15,857",38.9,2.5,706
Cyprus,CYP,EUR,High,2003,5.6,"1,145",44.0,55.5,47.7,5.8,0.6,0.1,81,6,483,448,"20,318",42.9,2.5,714
Cyprus,CYP,EUR,High,2004,5.4,"1,287",41.3,58.2,49.9,6.3,0.5,0.1,88,6,517,430,"23,808",40.9,2.2,723
Cyprus,CYP,EUR,High,2005,5.4,"1,366",41.5,58.0,49.8,6.6,0.5,0.6,92,6,548,453,"25,130",41.5,2.3,733
Cyprus,CYP,EUR,High,2006,5.5,"1,474",42.8,56.6,48.3,6.4,0.6,0.6,99,7,568,501,"26,979",41.0,2.3,744
Cyprus,CYP,EUR,High,2007,5.4,"1,694",43.2,56.2,48.8,5.6,0.6,0.7,94,8,604,530,"31,625",40.1,2.3,758
Cyprus,CYP,EUR,High,2008,6.0,"2,155",41.6,57.9,51.4,5.2,0.5,0.6,99,7,757,608,"35,835",40.8,2.5,776
Cyprus,CYP,EUR,High,2009,6.5,"2,105",42.5,56.9,49.9,6.0,0.6,0.7,109,8,756,640,"32,566",44.9,2.7,797
Cyprus,CYP,EUR,High,2010,6.5,"2,045",45.7,53.3,43.1,9.2,0.9,0.7,161,9,666,702,"31,463",44.5,3.0,819
Cyprus,CYP,EUR,High,2011,6.4,"2,115",47.4,51.6,41.4,9.5,1.0,0.7,159,9,629,717,"32,880",44.9,3.0,840
Cyprus,CYP,EUR,High,2012,6.5,"1,899",45.9,53.1,42.4,9.9,0.9,0.7,162,9,626,675,"29,058",54.6,3.0,862
Cyprus,CYP,EUR,High,2013,6.9,"1,923",45.6,53.3,42.6,10.0,1.1,0.7,157,10,617,658,"27,759",46.3,3.2,863
Cyprus,CYP,EUR,High,2014,6.9,"1,869",42.5,56.4,45.1,10.7,1.1,0.6,161,10,636,598,"26,971",52.1,2.9,860
Cyprus,CYP,EUR,High,2015,6.8,"1,571",42.1,56.8,43.6,12.1,1.2,0.3,191,6,618,592,"23,117",43.1,2.9,861
Cyprus,CYP,EUR,High,2016,6.7,"1,620",42.0,57.8,44.6,12.0,0.2,0.3,198,3,653,609,"24,350",39.6,2.8,864
Cyprus,CYP,EUR,High,2017,6.6,"1,743",41.5,58.1,44.8,12.1,0.4,0.3,212,6,692,638,"26,317",38.5,2.7,870
Cyprus,CYP,EUR,High,2018,6.8,"1,988",42.0,57.6,44.4,11.9,0.4,0.2,229,6,747,704,"29,298",44.3,2.9,879
Cyprus,CYP,EUR,High,2019,7.0,"2,059",54.2,45.2,33.7,10.5,0.7,13.7,222,12,620,745,"29,427",40.3,3.8,890
Cyprus,CYP,EUR,High,2020,8.6,"2,443",71.8,27.9,21.4,5.6,0.2,39.3,150,5,458,692,"28,254",45.9,6.2,902
Cyprus,CYP,EUR,High,2021,8.9,"2,948",78.6,20.6,16.2,3.4,0.7,57.9,120,18,404,524,"33,217",42.7,7.0,914
Cyprus,CYP,EUR,High,2022,8.3,"2,749",76.4,22.6,18.0,3.4,1.0,55.9,130,25,472,552,"33,228",38.1,6.3,930
Cyprus,CYP,EUR,High,2023,8.1,"2,899",76.8,22.8,17.9,3.6,0.4,57.1,140,10,481,529,"35,710",42.0,6.2,949
Czechia,CZE,EUR,High,2000,5.7,343,88.7,11.3,10.2,,,82.6,,,"1,350",948,"6,049",40.6,5.0,"10,278"
Czechia,CZE,EUR,High,2001,5.8,389,87.4,12.6,10.6,,,82.2,,,"1,573","1,054","6,659",43.1,5.1,"10,232"
Czechia,CZE,EUR,High,2002,6.1,498,88.1,11.9,10.0,,,82.8,,,"1,630","1,170","8,098",44.4,5.4,"10,201"
Czechia,CZE,EUR,High,2003,6.5,641,87.5,12.5,10.4,0.2,0.0,81.9,45,,"1,874","1,354","9,854",49.0,5.7,"10,193"
Czechia,CZE,EUR,High,2004,6.3,746,87.6,12.4,10.7,0.2,0.0,82.2,99,,"2,053","1,264","11,785",42.2,5.5,"10,195"
Czechia,CZE,EUR,High,2005,6.3,853,85.2,14.8,11.1,0.3,0.0,81.3,422,,"2,266","1,135","13,459",42.3,5.4,"10,199"
Czechia,CZE,EUR,High,2006,6.2,942,85.5,14.5,11.6,0.2,0.0,79.8,434,,"2,479","1,379","15,282",41.5,5.3,"10,224"
Czechia,CZE,EUR,High,2007,6.0,"1,110",83.8,16.2,13.6,0.2,0.0,79.3,378,,"3,071","1,209","18,533",40.5,5.0,"10,254"
Czechia,CZE,EUR,High,2008,6.3,"1,449",81.0,19.0,16.1,0.2,0.0,77.1,436,,"3,992","1,242","22,865",40.9,5.1,"10,343"
Czechia,CZE,EUR,High,2009,7.3,"1,442",82.9,17.1,15.1,0.2,0.0,78.0,462,,"4,138","1,458","19,852",44.5,6.0,"10,426"
Czechia,CZE,EUR,High,2010,7.5,"1,509",84.9,15.1,13.9,0.1,0.0,73.9,254,,"3,994","3,274","20,184",43.2,6.3,"10,462"
Czechia,CZE,EUR,High,2011,7.5,"1,649",84.5,15.5,14.2,0.2,0.0,74.1,263,0,"4,147","3,138","22,069",42.8,6.3,"10,487"
Czechia,CZE,EUR,High,2012,7.5,"1,510",84.6,15.4,14.2,0.2,0.0,74.3,242,,"4,202","3,156","20,024",44.4,6.4,"10,505"
Czechia,CZE,EUR,High,2013,7.4,"1,509",84.5,15.5,14.3,0.2,0.0,73.6,257,,"4,232","3,319","20,257",42.4,6.3,"10,516"
Czechia,CZE,EUR,High,2014,7.5,"1,513",84.0,16.0,14.5,0.2,0.0,73.2,385,,"4,540","3,505","20,063",42.3,6.3,"10,512"
Czechia,CZE,EUR,High,2015,7.3,"1,309",84.3,15.7,14.5,0.1,0.0,73.5,251,,"4,673","3,618","17,945",41.7,6.2,"10,538"
Czechia,CZE,EUR,High,2016,7.3,"1,375",84.5,15.5,14.3,0.1,0.0,73.6,291,,"4,800","3,789","18,776",39.4,6.2,"10,554"
Czechia,CZE,EUR,High,2017,7.2,"1,517",84.5,15.5,14.1,0.1,0.0,72.7,354,,"5,012","4,308","20,944",38.5,6.1,"10,579"
Czechia,CZE,EUR,High,2018,7.4,"1,751",84.7,15.3,14.2,0.1,0.0,72.3,323,,"5,385","4,833","23,750",40.1,6.2,"10,610"
Czechia,CZE,EUR,High,2019,7.5,"1,805",84.6,15.4,14.3,0.2,0.0,72.0,338,,"5,924","5,337","24,113",40.4,6.3,"10,650"
Czechia,CZE,EUR,High,2020,9.0,"2,106",88.0,12.0,11.1,0.1,0.0,70.7,333,,"5,415","8,597","23,481",46.3,7.9,"10,694"
Czechia,CZE,EUR,High,2021,9.2,"2,538",86.5,13.5,12.5,0.1,,71.2,423,,"6,867","8,530","27,725",45.0,7.9,"10,495"
Czechia,CZE,EUR,High,2022,8.5,"2,431",84.8,15.2,14.3,0.1,,71.4,421,,"8,113","7,681","28,700",43.0,7.2,"10,517"
Czechia,CZE,EUR,High,2023,8.4,"2,671",84.3,15.7,14.6,0.1,,72.7,519,,"8,655","7,025","31,698",43.9,7.1,"10,828"
Czechia,CZE,EUR,High,2024,8.5,"2,693",,,14.1,0.1,,74.6,548,,"8,792","6,534","31,653",43.0,,"10,901"
Denmark,DNK,EUR,High,2000,8.1,"2,492",83.1,16.9,15.4,1.5,,0.0,309,,"3,093","16,737","30,722",52.9,6.7,"5,340"
Denmark,DNK,EUR,High,2001,8.4,"2,598",83.4,16.6,15.1,1.4,,0.0,320,,"3,268","18,034","30,768",53.0,7.0,"5,359"
Denmark,DNK,EUR,High,2002,8.7,"2,892",83.8,16.2,14.7,1.4,,0.0,335,,"3,362","19,132","33,257",53.1,7.3,"5,376"
Denmark,DNK,EUR,High,2003,8.9,"3,602",83.9,16.1,14.6,1.5,,0.0,364,,"3,455","19,912","40,519",53.5,7.5,"5,391"
Denmark,DNK,EUR,High,2004,9.0,"4,189",83.5,16.5,14.9,1.5,,0.0,397,,"3,733","20,970","46,625",52.8,7.5,"5,405"
Denmark,DNK,EUR,High,2005,9.1,"4,436",83.7,16.3,14.7,1.5,,0.0,411,,"3,913","22,278","48,925",51.1,7.6,"5,420"
Denmark,DNK,EUR,High,2006,9.2,"4,770",83.9,16.1,14.5,1.5,,0.0,455,,"4,121","23,791","52,118",49.7,7.7,"5,437"
Denmark,DNK,EUR,High,2007,9.3,"5,454",83.7,16.3,14.6,1.7,,0.0,514,,"4,323","24,852","58,630",49.5,7.8,"5,462"
Denmark,DNK,EUR,High,2008,9.5,"6,118",84.0,16.0,14.1,1.8,,0.0,581,,"4,403","26,205","64,615",50.3,8.0,"5,494"
Denmark,DNK,EUR,High,2009,10.6,"6,208",84.5,15.5,13.7,1.8,,0.0,618,,"4,555","28,110","58,412",56.3,9.0,"5,523"
Denmark,DNK,EUR,High,2010,10.6,"6,157",84.3,15.7,13.7,1.9,,0.0,701,0,"4,746","29,178","58,103",56.5,8.9,"5,548"
Denmark,DNK,EUR,High,2011,10.4,"6,426",83.9,16.1,13.9,2.0,,0.0,747,0,"4,795","28,959","61,807",56.3,8.7,"5,571"
Denmark,DNK,EUR,High,2012,10.5,"6,156",84.4,15.6,13.5,2.0,,0.0,756,0,"4,819","30,083","58,440",57.9,8.9,"5,592"
Denmark,DNK,EUR,High,2013,10.3,"6,320",84.5,15.5,13.3,2.0,,0.0,778,0,"4,738","29,980","61,373",55.6,8.7,"5,615"
Denmark,DNK,EUR,High,2014,10.3,"6,448",84.4,15.6,13.3,2.1,,0.0,802,0,"4,827","30,559","62,517",55.1,8.7,"5,644"
Denmark,DNK,EUR,High,2015,10.4,"5,509",84.3,15.7,13.5,2.1,,0.0,847,0,"4,988","31,226","53,092",54.4,8.7,"5,684"
Denmark,DNK,EUR,High,2016,10.3,"5,604",84.2,15.8,13.5,2.2,,0.0,866,0,"5,101","31,756","54,499",52.4,8.7,"5,728"
Denmark,DNK,EUR,High,2017,10.1,"5,817",84.0,16.0,13.7,2.2,,0.0,903,0,"5,260","32,249","57,520",50.6,8.5,"5,765"
Denmark,DNK,EUR,High,2018,10.1,"6,219",83.7,16.3,13.8,2.3,,0.0,953,0,"5,429","32,890","61,323",50.8,8.5,"5,794"
Denmark,DNK,EUR,High,2019,10.2,"6,050",83.7,16.3,13.8,2.4,,0.0,"1,007",0,"5,566","33,777","59,402",49.8,8.5,"5,815"
Denmark,DNK,EUR,High,2020,10.7,"6,521",84.3,15.7,13.4,2.2,,0.0,973,0,"5,707","35,980","60,984",53.3,9.0,"5,832"
Denmark,DNK,EUR,High,2021,10.7,"7,430",84.5,15.5,13.3,2.1,,0.0,"1,023",0,"6,215","39,476","69,727",49.4,9.0,"5,857"
Denmark,DNK,EUR,High,2022,9.5,"6,451",84.4,15.6,13.2,2.3,,0.0,"1,088",0,"6,020","38,542","68,093",44.9,8.0,"5,903"
Denmark,DNK,EUR,High,2023,9.6,"6,511",83.3,16.7,14.0,2.6,,0.0,"1,228",0,"6,270","37,358","68,122",47.1,8.0,"5,948"
Denmark,DNK,EUR,High,2024,9.4,"6,745",83.4,16.6,13.9,2.6,,0.0,"1,254",0,"6,449","38,800","71,847",46.5,7.8,"5,977"
Estonia,EST,EUR,High,2000,5.2,210,75.8,24.2,20.3,,,68.2,6,,46,20,"4,061",36.4,3.9,"1,401"
Estonia,EST,EUR,High,2001,4.8,215,78.0,22.1,19.2,,,68.6,6,,46,23,"4,488",35.3,3.7,"1,393"
Estonia,EST,EUR,High,2002,4.7,250,76.1,23.9,20.6,,,67.9,8,,55,23,"5,327",35.9,3.6,"1,384"
Estonia,EST,EUR,High,2003,5.1,369,75.6,24.1,21.1,0.0,0.3,63.4,9,0,69,42,"7,182",35.0,3.9,"1,375"
Estonia,EST,EUR,High,2004,5.3,475,73.5,25.8,22.9,0.1,0.7,62.6,10,2,88,45,"8,892",34.1,3.9,"1,366"
Estonia,EST,EUR,High,2005,5.3,550,73.7,25.8,23.0,0.3,0.5,61.9,11,1,102,56,"10,381",33.7,3.9,"1,359"
Estonia,EST,EUR,High,2006,5.0,627,74.3,25.0,23.6,0.3,0.6,61.8,6,2,118,67,"12,612",33.5,3.7,"1,351"
Estonia,EST,EUR,High,2007,5.2,866,74.8,24.7,23.0,0.3,0.5,62.5,9,2,145,83,"16,714",33.8,3.9,"1,343"
Estonia,EST,EUR,High,2008,6.0,"1,082",75.6,23.9,21.4,0.3,0.4,63.4,17,1,158,96,"18,166",39.5,4.5,"1,338"
Estonia,EST,EUR,High,2009,6.8,"1,007",76.3,23.3,21.2,0.3,0.4,64.3,13,1,154,92,"14,705",46.1,5.2,"1,336"
Estonia,EST,EUR,High,2010,6.6,966,73.4,24.9,22.8,0.2,1.7,62.7,13,11,166,93,"14,652",40.7,4.8,"1,333"
Estonia,EST,EUR,High,2011,6.1,"1,061",74.1,24.5,22.5,0.3,1.4,62.9,13,8,172,98,"17,526",37.6,4.5,"1,330"
Estonia,EST,EUR,High,2012,6.0,"1,059",75.2,24.5,22.5,0.3,0.4,63.0,15,2,186,104,"17,535",39.4,4.5,"1,325"
Estonia,EST,EUR,High,2013,6.2,"1,195",74.4,25.4,23.6,0.3,0.1,62.0,16,0,212,114,"19,279",38.3,4.6,"1,320"
Estonia,EST,EUR,High,2014,6.3,"1,288",74.5,25.3,23.5,0.2,0.2,62.9,16,2,228,115,"20,562",37.6,4.7,"1,316"
Estonia,EST,EUR,High,2015,6.5,"1,156",74.4,25.4,23.7,0.3,0.2,62.4,17,2,247,128,"17,729",39.3,4.9,"1,315"
Estonia,EST,EUR,High,2016,6.6,"1,226",74.4,25.4,23.7,0.3,0.2,62.9,18,2,263,130,"18,664",38.9,4.9,"1,316"
Estonia,EST,EUR,High,2017,6.5,"1,350",73.5,26.5,24.8,0.3,0.0,62.2,19,,296,136,"20,879",38.9,4.8,"1,316"
Estonia,EST,EUR,High,2018,6.6,"1,553",73.6,26.4,24.5,0.3,0.0,64.6,24,,322,120,"23,669",38.8,4.8,"1,319"
Estonia,EST,EUR,High,2019,6.6,"1,599",74.4,25.6,23.9,0.3,0.0,66.4,23,,342,116,"24,059",39.1,4.9,"1,325"
Estonia,EST,EUR,High,2020,7.5,"1,789",77.0,23.0,21.4,0.2,0.0,68.0,23,,336,142,"23,944",44.7,5.8,"1,329"
Estonia,EST,EUR,High,2021,7.5,"2,091",76.1,23.9,22.2,0.4,0.0,63.4,31,,392,225,"27,972",42.1,5.7,"1,330"
Estonia,EST,EUR,High,2022,6.9,"1,999",74.8,25.2,23.1,0.7,0.0,64.9,38,,439,188,"28,815",40.0,5.2,"1,332"
Estonia,EST,EUR,High,2023,7.5,"2,258",75.8,24.2,22.1,0.9,0.0,66.9,43,,462,188,"30,230",43.7,5.7,"1,366"
Estonia,EST,EUR,High,2024,7.8,"2,438",,,21.4,0.9,,67.8,46,,482,199,"31,109",44.0,,"1,375"
Finland,FIN,EUR,High,2000,7.1,"1,727",75.7,24.3,21.6,1.8,0.0,14.0,79,0,404,"1,108","24,336",47.9,5.4,"5,176"
Finland,FIN,EUR,High,2001,7.3,"1,810",76.2,23.8,21.2,1.7,0.0,14.2,85,0,429,"1,203","24,965",47.3,5.5,"5,188"
Finland,FIN,EUR,High,2002,7.6,"2,059",76.8,23.2,20.7,1.6,0.0,14.4,90,0,452,"1,305","26,990",48.5,5.9,"5,201"
Finland,FIN,EUR,High,2003,7.9,"2,614",77.3,22.7,20.3,1.6,0.0,14.7,97,0,470,"1,387","32,920",49.3,6.1,"5,213"
Finland,FIN,EUR,High,2004,8.1,"3,044",77.8,22.2,19.9,1.5,0.0,14.9,101,0,486,"1,476","37,768",49.1,6.3,"5,228"
Finland,FIN,EUR,High,2005,8.3,"3,237",77.8,22.2,19.6,1.7,0.0,14.6,111,0,509,"1,577","39,050",49.0,6.4,"5,246"
Finland,FIN,EUR,High,2006,8.3,"3,415",78.7,21.3,18.8,1.4,0.0,14.6,106,0,512,"1,676","41,214",48.1,6.5,"5,266"
Finland,FIN,EUR,High,2007,8.1,"3,919",78.6,21.4,19.0,1.3,0.0,14.4,109,0,543,"1,761","48,473",46.6,6.4,"5,289"
Finland,FIN,EUR,High,2008,8.3,"4,486",78.8,21.2,18.6,1.4,0.0,14.6,124,0,567,"1,878","53,770",47.9,6.6,"5,313"
Finland,FIN,EUR,High,2009,9.2,"4,350",79.0,21.0,18.3,1.5,0.0,14.4,130,0,571,"1,932","47,478",54.1,7.2,"5,339"
Finland,FIN,EUR,High,2010,9.1,"4,252",78.5,21.4,18.8,1.5,0.0,13.9,132,0,603,"1,988","46,506",54.0,7.2,"5,363"
Finland,FIN,EUR,High,2011,9.2,"4,718",79.2,20.8,18.2,1.5,0.0,13.7,144,0,615,"2,128","51,061",53.8,7.3,"5,388"
Finland,FIN,EUR,High,2012,9.6,"4,573",79.8,20.2,17.5,1.6,0.0,13.5,155,0,622,"2,262","47,552",55.7,7.7,"5,414"
Finland,FIN,EUR,High,2013,9.8,"4,892",79.5,20.5,17.8,1.6,0.0,12.9,157,0,655,"2,352","49,690",57.1,7.8,"5,439"
Finland,FIN,EUR,High,2014,9.8,"4,922",79.6,20.4,17.6,1.7,0.0,13.1,161,0,654,"2,365","50,072",57.6,7.8,"5,462"
Finland,FIN,EUR,High,2015,9.7,"4,128",78.6,21.4,18.6,1.7,0.0,13.3,165,0,693,"2,324","42,559",55.7,7.6,"5,480"
Finland,FIN,EUR,High,2016,9.5,"4,109",77.8,22.2,19.3,1.8,0.0,13.0,167,0,715,"2,305","43,450",55.1,7.4,"5,495"
Finland,FIN,EUR,High,2017,9.2,"4,236",78.0,22.0,19.0,1.8,0.0,12.7,170,0,714,"2,349","46,083",52.8,7.2,"5,508"
Finland,FIN,EUR,High,2018,9.1,"4,521",78.6,21.4,18.4,2.0,0.0,12.9,178,0,706,"2,411","49,652",52.7,7.2,"5,516"
Finland,FIN,EUR,High,2019,9.2,"4,460",80.2,19.8,17.4,2.0,0.0,13.5,187,0,694,"2,548","48,357",52.6,7.4,"5,522"
Finland,FIN,EUR,High,2020,9.7,"4,736",81.3,18.7,16.5,1.8,0.0,13.2,186,0,683,"2,714","48,828",56.5,7.9,"5,530"
Finland,FIN,EUR,High,2021,9.9,"5,262",81.3,18.7,16.7,1.7,,13.3,186,,741,"2,915","53,099",55.1,8.1,"5,541"
Finland,FIN,EUR,High,2022,9.7,"4,902",81.7,18.3,16.1,1.9,,13.1,201,,749,"3,082","50,321",52.6,8.0,"5,569"
Finland,FIN,EUR,High,2023,10.5,"5,515",81.1,18.9,14.1,2.2,,12.1,249,,719,"3,504","52,659",55.9,8.5,"5,601"
France,FRA,EUR,High,2000,9.6,"2,162",72.7,27.3,7.3,13.1,,75.4,324,,170,82,"22,478",51.8,7.0,"60,545"
France,FRA,EUR,High,2001,9.8,"2,193",72.8,27.2,7.3,13.0,,75.4,337,,180,85,"22,473",52.0,7.1,"60,979"
France,FRA,EUR,High,2002,10.1,"2,450",73.0,27.0,7.1,13.0,,75.7,355,,185,91,"24,297",53.1,7.4,"61,424"
France,FRA,EUR,High,2003,10.1,"3,006",72.6,27.4,7.4,13.1,,75.3,368,,196,92,"29,663",53.5,7.4,"61,864"
France,FRA,EUR,High,2004,10.2,"3,459",72.6,27.4,7.2,13.3,,75.3,388,,201,98,"33,869",53.2,7.4,"62,292"
France,FRA,EUR,High,2005,10.2,"3,575",72.5,27.5,7.4,13.2,,75.2,401,,212,99,"34,922",53.4,7.4,"62,773"
France,FRA,EUR,High,2006,10.4,"3,812",71.3,28.7,9.4,12.7,,73.0,407,,284,128,"36,658",52.9,7.4,"63,230"
France,FRA,EUR,High,2007,10.3,"4,312",71.1,28.9,9.5,12.8,,72.6,423,,300,138,"41,729",52.7,7.3,"63,645"
France,FRA,EUR,High,2008,10.5,"4,807",70.6,29.4,10.0,12.8,,71.9,441,,328,150,"45,726",53.4,7.4,"64,007"
France,FRA,EUR,High,2009,11.3,"4,738",70.7,29.3,10.2,12.6,,71.5,452,,345,170,"41,959",57.2,8.0,"64,350"
France,FRA,EUR,High,2010,11.2,"4,594",69.6,30.4,11.4,12.5,,70.6,456,,397,166,"40,926",56.9,7.8,"64,659"
France,FRA,EUR,High,2011,11.2,"4,937",69.5,30.5,11.5,12.7,,70.3,473,,406,173,"44,175",56.2,7.8,"64,979"
France,FRA,EUR,High,2012,11.3,"4,660",69.6,30.4,11.3,12.7,,70.3,484,,411,184,"41,102",57.1,7.9,"65,277"
France,FRA,EUR,High,2013,11.4,"4,885",70.2,29.8,10.2,13.2,,70.7,509,,374,194,"42,928",57.1,8.0,"65,600"
France,FRA,EUR,High,2014,11.6,"5,007",69.8,30.2,11.1,12.5,,70.4,498,,419,200,"43,243",57.1,8.1,"66,166"
France,FRA,EUR,High,2015,11.5,"4,227",71.6,28.4,11.0,12.5,,70.4,505,,418,203,"36,752",56.7,8.2,"66,458"
France,FRA,EUR,High,2016,11.6,"4,289",74.4,25.6,10.7,6.5,,70.7,278,,415,206,"37,072",56.7,8.6,"66,638"
France,FRA,EUR,High,2017,11.4,"4,437",75.2,24.8,10.6,6.3,,70.9,274,,418,211,"38,750",56.6,8.6,"66,810"
France,FRA,EUR,High,2018,11.3,"4,693",75.2,24.8,10.4,6.3,,70.7,276,,415,217,"41,500",55.8,8.5,"67,026"
France,FRA,EUR,High,2019,11.2,"4,520",74.6,25.4,10.3,6.2,,70.7,275,,417,221,"40,463",55.3,8.3,"67,290"
France,FRA,EUR,High,2020,12.1,"4,760",76.3,23.7,9.4,5.7,,71.8,263,,393,265,"39,244",61.7,9.3,"67,474"
France,FRA,EUR,High,2021,12.2,"5,365",75.5,24.5,9.2,5.7,,73.9,285,,416,205,"43,799",59.5,9.3,"67,729"
France,FRA,EUR,High,2022,11.8,"4,858",75.3,24.7,9.2,5.7,,73.9,288,,427,200,"41,067",58.4,8.9,"68,092"
France,FRA,EUR,High,2023,11.5,"5,149",67.7,32.3,9.3,5.8,,73.6,301,,441,211,"44,698",57.0,7.8,"68,277"
France,FRA,EUR,High,2024,11.5,"5,327",68.4,31.6,9.2,5.8,,73.3,313,,454,221,"46,184",57.2,7.9,"68,467"
Georgia,GEO,EUR,Upper-middle,2000,7.2,52,11.4,81.4,81.0,0.9,7.2,3.6,8,,84,8,726,16.9,0.8,"4,328"
Georgia,GEO,EUR,Upper-middle,2001,7.2,56,15.8,77.3,76.4,0.8,6.9,4.3,9,,89,14,786,16.8,1.1,"4,210"
Georgia,GEO,EUR,Upper-middle,2002,7.8,66,14.4,77.8,77.1,0.7,7.8,3.0,12,,112,16,846,16.0,1.1,"4,128"
Georgia,GEO,EUR,Upper-middle,2003,8.0,81,14.3,79.9,79.2,0.7,5.8,5.1,11,0,137,16,"1,004",16.1,1.1,"4,085"
Georgia,GEO,EUR,Upper-middle,2004,8.1,105,14.6,80.5,79.4,1.1,4.9,0.0,12,0,160,30,"1,299",18.9,1.2,"4,056"
Georgia,GEO,EUR,Upper-middle,2005,8.1,132,14.9,80.8,79.6,1.2,4.2,0.0,10,3,191,39,"1,637",21.6,1.2,"4,026"
Georgia,GEO,EUR,Upper-middle,2006,7.6,152,15.5,78.7,77.3,1.8,5.7,0.0,19,2,209,43,"1,992",22.7,1.2,"3,997"
Georgia,GEO,EUR,Upper-middle,2007,7.4,196,14.7,78.6,75.7,3.5,6.7,0.0,30,3,248,49,"2,636",27.7,1.1,"3,968"
Georgia,GEO,EUR,Upper-middle,2008,8.4,282,18.2,71.7,66.5,9.5,10.1,0.0,80,3,280,61,"3,338",31.8,1.5,"3,941"
Georgia,GEO,EUR,Upper-middle,2009,9.6,270,21.4,73.1,68.9,14.0,5.4,0.0,82,5,311,58,"2,825",34.8,2.0,"3,919"
Georgia,GEO,EUR,Upper-middle,2010,9.0,288,21.1,75.3,72.1,11.8,3.6,0.0,79,5,370,65,"3,190",31.0,1.9,"3,896"
Georgia,GEO,EUR,Upper-middle,2011,7.9,315,17.4,79.3,75.1,10.0,3.4,0.0,70,5,399,63,"4,000",27.1,1.4,"3,869"
Georgia,GEO,EUR,Upper-middle,2012,8.0,350,19.2,77.4,72.5,11.7,3.4,0.0,88,6,419,71,"4,400",27.7,1.5,"3,839"
Georgia,GEO,EUR,Upper-middle,2013,8.0,368,22.8,74.3,69.3,15.3,2.9,0.0,112,4,424,76,"4,599",26.6,1.8,"3,809"
Georgia,GEO,EUR,Upper-middle,2014,8.3,393,25.8,71.9,67.0,7.2,2.3,0.0,70,4,465,158,"4,737",27.5,2.1,"3,793"
Georgia,GEO,EUR,Upper-middle,2015,8.7,348,29.9,67.9,62.3,5.0,2.1,0.0,65,5,492,232,"4,015",27.0,2.6,"3,792"
Georgia,GEO,EUR,Upper-middle,2016,9.1,370,31.7,66.4,60.7,5.1,2.0,0.0,64,5,531,279,"4,073",27.8,2.9,"3,792"
Georgia,GEO,EUR,Upper-middle,2017,8.7,378,29.8,68.3,62.4,5.0,1.9,0.0,73,6,592,283,"4,343",27.2,2.6,"3,793"
Georgia,GEO,EUR,Upper-middle,2018,7.8,366,35.6,63.6,58.1,5.7,0.8,0.0,71,4,539,317,"4,718",26.7,2.8,"3,795"
Georgia,GEO,EUR,Upper-middle,2019,7.3,340,36.8,62.5,57.0,6.0,0.7,0.0,73,5,546,339,"4,647",28.7,2.7,"3,797"
Georgia,GEO,EUR,Upper-middle,2020,9.2,389,39.7,59.6,54.6,5.6,0.7,0.0,85,4,661,465,"4,219",34.1,3.7,"3,796"
Georgia,GEO,EUR,Upper-middle,2021,10.5,524,42.1,56.9,51.9,4.6,1.0,,117,4,877,696,"4,975",31.2,4.4,"3,788"
Georgia,GEO,EUR,Upper-middle,2022,8.3,546,36.9,62.5,57.2,5.9,0.6,,114,4,911,568,"6,584",28.5,3.1,"3,795"
Georgia,GEO,EUR,Upper-middle,2023,6.9,554,33.7,65.5,58.8,7.3,0.8,0.0,126,4,856,475,"8,083",29.7,2.3,"3,807"
Germany,DEU,EUR,High,2000,9.8,"2,336",78.5,21.5,11.8,8.4,,70.7,249,,299,194,"23,940",48.1,7.7,"82,163"
Germany,DEU,EUR,High,2001,9.8,"2,338",78.5,21.5,11.8,8.5,,70.6,258,,308,203,"23,905",47.7,7.7,"82,260"
Germany,DEU,EUR,High,2002,10.0,"2,558",78.1,21.9,12.0,8.6,,70.2,271,,326,208,"25,501",48.2,7.8,"82,440"
Germany,DEU,EUR,High,2003,10.2,"3,139",77.8,22.2,12.3,8.8,,69.7,286,,340,216,"30,710",48.5,7.9,"82,537"
Germany,DEU,EUR,High,2004,10.0,"3,447",76.2,23.8,13.5,9.2,,68.1,296,,374,215,"34,560",47.0,7.6,"82,532"
Germany,DEU,EUR,High,2005,10.1,"3,545",76.0,24.0,13.6,9.3,,68.2,308,,386,213,"35,071",46.9,7.7,"82,501"
Germany,DEU,EUR,High,2006,10.0,"3,681",75.6,24.4,13.9,9.3,,68.0,318,,407,213,"36,953",45.3,7.5,"82,438"
Germany,DEU,EUR,High,2007,9.8,"4,163",75.6,24.4,13.8,9.4,,68.1,333,,418,217,"42,326",43.5,7.4,"82,315"
Germany,DEU,EUR,High,2008,10.0,"4,647",75.7,24.3,13.5,9.5,,68.4,352,,425,222,"46,326",44.4,7.6,"82,218"
Germany,DEU,EUR,High,2009,11.0,"4,655",76.0,24.0,13.3,1.4,,68.8,102,,443,229,"42,435",48.3,8.3,"82,002"
Germany,DEU,EUR,High,2010,10.8,"4,592",76.1,23.9,13.3,1.4,,68.8,108,,461,235,"42,397",48.1,8.2,"81,802"
Germany,DEU,EUR,High,2011,10.5,"5,016",75.8,24.2,13.3,1.4,,68.5,116,,480,245,"47,678",45.3,8.0,"80,222"
Germany,DEU,EUR,High,2012,10.6,"4,745",75.8,24.2,13.5,1.5,,68.6,117,,498,253,"44,790",45.1,8.0,"80,328"
Germany,DEU,EUR,High,2013,10.7,"5,081",76.8,23.2,12.7,1.6,,69.5,121,,485,263,"47,291",45.2,8.2,"80,524"
Germany,DEU,EUR,High,2014,10.8,"5,287",77.4,22.6,12.4,1.5,,70.1,123,,492,275,"49,101",44.5,8.3,"80,767"
Germany,DEU,EUR,High,2015,10.9,"4,606",77.4,22.6,12.4,1.5,,70.1,127,,513,288,"42,163",44.5,8.5,"81,198"
Germany,DEU,EUR,High,2016,11.0,"4,723",77.8,22.2,12.2,1.4,,70.3,130,,520,304,"43,051",44.7,8.5,"82,176"
Germany,DEU,EUR,High,2017,11.1,"5,039",78.1,21.9,12.0,1.4,,71.0,138,,536,300,"45,601",44.6,8.6,"82,522"
Germany,DEU,EUR,High,2018,11.2,"5,474",77.9,22.1,12.2,1.4,,70.9,144,,564,307,"48,942",44.7,8.7,"82,792"
Germany,DEU,EUR,High,2019,11.4,"5,447",77.9,22.1,12.4,1.4,,70.8,145,,602,325,"47,666",45.6,8.9,"83,019"
Germany,DEU,EUR,High,2020,12.5,"5,907",79.2,20.8,11.3,1.3,,69.5,151,,586,482,"47,376",51.1,9.9,"83,167"
Germany,DEU,EUR,High,2021,12.7,"6,654",79.6,20.4,11.4,1.3,,67.9,156,,639,641,"52,291",50.7,10.1,"83,155"
Germany,DEU,EUR,High,2022,12.4,"6,226",80.5,19.5,10.4,1.3,,67.9,168,,617,725,"50,021",49.0,10.0,"83,237"
Germany,DEU,EUR,High,2023,11.7,"6,395",79.1,20.9,11.1,1.3,,71.1,178,,654,467,"54,449",48.4,9.3,"83,119"
Germany,DEU,EUR,High,2024,12.3,"6,849",,,10.7,,,,191,,678,,"55,837",49.5,,"83,456"
Greece,GRC,EUR,High,2000,7.5,885,61.6,38.4,36.3,2.1,,38.7,20,,344,217,"11,784",48.2,4.6,"10,776"
Greece,GRC,EUR,High,2001,8.2,"1,005",63.2,36.8,34.8,2.0,,39.7,23,,390,263,"12,186",47.5,5.2,"10,836"
Greece,GRC,EUR,High,2002,8.5,"1,169",60.5,39.5,37.4,2.2,,38.0,27,,462,277,"13,800",47.1,5.1,"10,888"
Greece,GRC,EUR,High,2003,8.7,"1,566",59.9,40.1,37.9,2.2,0.0,36.4,31,,525,324,"18,041",47.9,5.2,"10,916"
Greece,GRC,EUR,High,2004,8.3,"1,783",58.6,41.4,39.0,2.4,0.0,36.8,35,,558,313,"21,478",48.8,4.9,"10,940"
Greece,GRC,EUR,High,2005,8.8,"1,935",60.8,39.2,36.9,2.3,0.0,37.2,36,,574,368,"22,089",46.6,5.3,"10,970"
Greece,GRC,EUR,High,2006,8.4,"2,053",61.6,38.4,36.0,2.3,0.0,40.6,38,,589,344,"24,451",45.9,5.2,"11,005"
Greece,GRC,EUR,High,2007,8.5,"2,427",63.3,36.7,34.2,2.4,0.0,40.5,43,,606,405,"28,473",47.8,5.4,"11,036"
Greece,GRC,EUR,High,2008,8.9,"2,841",65.3,34.7,32.2,2.5,0.0,41.1,47,,622,468,"31,744",51.5,5.8,"11,061"
Greece,GRC,EUR,High,2009,9.5,"2,809",68.3,31.7,29.5,1.9,0.0,41.0,44,,594,551,"29,458",54.8,6.5,"11,095"
Greece,GRC,EUR,High,2010,9.6,"2,564",68.9,31.1,28.3,2.5,0.0,38.8,54,,547,582,"26,658",53.1,6.6,"11,119"
Greece,GRC,EUR,High,2011,9.2,"2,339",65.7,34.1,31.2,2.9,0.2,43.2,50,,524,378,"25,462",55.1,6.0,"11,123"
Greece,GRC,EUR,High,2012,9.0,"1,948",63.6,36.3,30.4,3.1,0.1,35.9,50,,462,458,"21,544",57.9,5.8,"11,086"
Greece,GRC,EUR,High,2013,8.5,"1,832",61.4,37.8,33.7,3.3,0.8,31.5,46,,465,422,"21,498",63.9,5.2,"11,004"
Greece,GRC,EUR,High,2014,7.9,"1,700",56.9,41.8,37.2,3.8,1.3,27.5,50,,476,385,"21,407",51.5,4.5,"10,927"
Greece,GRC,EUR,High,2015,8.3,"1,481",57.7,40.7,36.0,3.7,1.6,30.2,52,,481,376,"17,919",54.8,4.8,"10,858"
Greece,GRC,EUR,High,2016,8.5,"1,513",52.4,47.3,34.3,3.8,0.3,30.7,55,,469,419,"17,906",50.3,4.4,"10,784"
Greece,GRC,EUR,High,2017,8.1,"1,510",52.9,46.9,35.0,4.0,0.2,32.9,57,,468,370,"18,609",48.6,4.3,"10,768"
Greece,GRC,EUR,High,2018,8.1,"1,603",51.7,48.1,36.1,4.3,0.1,32.4,62,,490,365,"19,858",48.6,4.2,"10,741"
Greece,GRC,EUR,High,2019,8.1,"1,569",48.8,51.1,33.6,4.5,0.1,34.2,66,,472,383,"19,330",47.7,4.0,"10,725"
Greece,GRC,EUR,High,2020,9.4,"1,675",54.0,45.9,33.4,4.3,0.2,33.6,67,,490,413,"17,853",59.3,5.1,"10,719"
Greece,GRC,EUR,High,2021,9.0,"1,846",59.6,40.3,33.3,4.2,0.1,31.8,69,,520,474,"20,443",56.7,5.4,"10,679"
Greece,GRC,EUR,High,2022,8.4,"1,768",54.1,45.7,33.5,4.1,0.2,31.7,72,,563,508,"20,926",52.8,4.6,"10,460"
Greece,GRC,EUR,High,2023,8.4,"1,963",50.6,49.1,34.3,4.3,0.3,32.3,83,,623,519,"23,382",49.5,4.2,"10,414"
Hungary,HUN,EUR,High,2000,6.8,313,68.8,31.2,27.3,0.6,,61.6,"2,674",,"24,144","7,110","4,625",47.3,4.7,"10,222"
Hungary,HUN,EUR,High,2001,6.8,360,66.9,33.1,28.8,0.6,,59.3,"3,108",,"29,693","9,137","5,274",47.2,4.6,"10,200"
Hungary,HUN,EUR,High,2002,7.1,473,69.2,30.8,27.5,0.6,,60.4,"3,565",,"33,569","11,137","6,647",51.0,4.9,"10,175"
Hungary,HUN,EUR,High,2003,8.1,683,70.0,30.0,26.4,0.6,,60.3,"4,751",,"40,369","15,714","8,399",49.2,5.7,"10,142"
Hungary,HUN,EUR,High,2004,7.8,798,69.6,30.4,25.8,1.1,,61.9,"6,114",,"41,818","13,698","10,282",48.8,5.4,"10,117"
Hungary,HUN,EUR,High,2005,8.0,895,70.2,29.8,25.8,1.1,,61.9,"6,335",,"46,033","15,676","11,201",49.4,5.6,"10,098"
Hungary,HUN,EUR,High,2006,7.8,893,70.4,29.6,25.0,1.6,,62.5,"7,902",,"47,002","15,579","11,473",51.4,5.5,"10,077"
Hungary,HUN,EUR,High,2007,7.2,"1,003",67.8,32.2,26.3,2.1,,59.1,"8,908",,"48,380","18,077","13,920",49.9,4.9,"10,066"
Hungary,HUN,EUR,High,2008,7.1,"1,117",67.7,32.3,26.3,2.2,,59.2,"9,129",,"50,666","18,626","15,751",48.8,4.8,"10,045"
Hungary,HUN,EUR,High,2009,7.2,944,68.0,32.0,26.2,2.8,,58.9,"10,368",,"50,094","18,110","13,040",50.7,4.9,"10,031"
Hungary,HUN,EUR,High,2010,7.5,983,66.6,33.4,27.4,2.8,,58.9,"11,199",,"56,047","16,693","13,171",48.9,5.0,"10,014"
Hungary,HUN,EUR,High,2011,7.5,"1,063",66.2,33.8,28.2,2.7,,58.5,"11,244",,"60,329","17,199","14,192",49.1,5.0,"9,986"
Hungary,HUN,EUR,High,2012,7.4,961,64.8,35.2,29.4,2.7,,56.9,"11,023",,"63,547","18,698","12,935",49.2,4.8,"9,932"
Hungary,HUN,EUR,High,2013,7.2,992,66.2,33.8,28.4,2.7,,57.8,"11,075",,"62,933","19,663","13,708",50.1,4.8,"9,895"
Hungary,HUN,EUR,High,2014,7.0,"1,009",66.7,33.3,28.3,2.6,,57.4,"10,709",,"66,505","22,664","14,327",50.0,4.7,"9,850"
Hungary,HUN,EUR,High,2015,6.9,874,67.8,32.2,27.5,2.3,0.0,56.7,"10,608",0,"67,112","27,914","12,759",50.4,4.6,"9,816"
Hungary,HUN,EUR,High,2016,7.0,919,67.7,32.3,27.7,2.2,0.0,59.6,"10,948",0,"71,634","21,989","13,189",46.7,4.7,"9,780"
Hungary,HUN,EUR,High,2017,6.7,991,68.5,31.5,27.2,2.0,0.0,60.7,"10,465",0,"74,102","22,229","14,716",46.6,4.6,"9,740"
Hungary,HUN,EUR,High,2018,6.6,"1,088",69.2,30.8,26.8,1.9,0.0,61.0,"10,756",0,"78,731","25,195","16,594",45.9,4.5,"9,714"
Hungary,HUN,EUR,High,2019,6.2,"1,062",68.3,31.7,27.8,1.8,0.0,60.0,"10,935",0,"85,785","26,739","17,003",45.8,4.3,"9,700"
Hungary,HUN,EUR,High,2020,7.2,"1,183",70.5,29.5,26.1,1.5,0.0,59.2,"11,146",0,"95,234","42,261","16,355",51.0,5.1,"9,689"
Hungary,HUN,EUR,High,2021,7.3,"1,393",72.2,27.8,24.6,1.5,0.0,57.9,"12,275",0,"104,048","61,340","18,990",48.1,5.3,"9,651"
Hungary,HUN,EUR,High,2022,6.6,"1,228",72.7,27.3,24.0,1.6,0.0,61.7,"13,789",0,"109,874","51,788","18,473",48.7,4.8,"9,610"
Hungary,HUN,EUR,High,2023,6.4,"1,420",73.4,26.6,23.1,1.8,0.0,62.1,"16,201",0,"115,609","57,984","22,295",49.2,4.7,"9,600"
Iceland,ISL,EUR,High,2000,8.9,"2,856",80.8,19.2,18.0,,0.0,0.0,"2,708",0,"40,446","181,339","32,088",44.8,7.2,281
Iceland,ISL,EUR,High,2001,8.8,"2,529",80.6,19.4,18.1,,0.0,0.0,"3,143",0,"44,545","198,655","28,889",47.4,7.1,285
Iceland,ISL,EUR,High,2002,9.4,"3,047",81.4,18.6,17.3,,0.0,0.0,"3,679",0,"48,325","227,272","32,400",45.5,7.7,288
Iceland,ISL,EUR,High,2003,9.7,"3,840",81.3,18.7,17.4,,0.0,0.0,"3,937",0,"51,213","239,389","39,465",47.8,7.9,290
Iceland,ISL,EUR,High,2004,9.3,"4,414",80.9,19.1,17.7,,0.0,0.0,"4,172",0,"54,856","250,815","47,320",46.7,7.6,292
Iceland,ISL,EUR,High,2005,8.9,"5,080",81.0,19.0,17.6,,0.0,0.0,"4,510",0,"56,271","259,147","56,776",45.0,7.2,297
Iceland,ISL,EUR,High,2006,8.6,"4,918",81.6,18.4,16.9,,0.0,0.0,"5,077",0,"58,492","281,592","57,476",44.8,7.0,304
Iceland,ISL,EUR,High,2007,8.4,"5,804",82.0,18.0,16.5,,0.0,0.0,"5,621",0,"61,231","304,911","69,477",44.7,6.9,312
Iceland,ISL,EUR,High,2008,8.3,"4,750",82.2,17.8,16.3,,0.0,0.0,"6,330",0,"67,970","343,425","56,925",63.4,6.9,318
Iceland,ISL,EUR,High,2009,8.8,"3,623",81.6,18.4,16.9,,0.0,0.0,"6,660",0,"75,589","365,690","41,287",53.6,7.2,319
Iceland,ISL,EUR,High,2010,8.4,"3,614",79.9,20.1,18.7,,0.0,0.0,"6,530",0,"82,443","352,813","43,221",48.8,6.7,318
Iceland,ISL,EUR,High,2011,8.3,"3,937",80.1,19.9,18.4,,0.0,0.0,"6,762",0,"83,943","365,843","47,696",50.5,6.6,319
Iceland,ISL,EUR,High,2012,8.2,"3,784",80.0,20.0,18.5,,0.0,0.0,"7,112",0,"87,362","378,888","45,978",47.7,6.6,321
Iceland,ISL,EUR,High,2013,8.2,"4,096",80.4,19.6,18.1,,0.0,0.0,"7,514",0,"90,789","402,103","49,786",46.0,6.6,324
Iceland,ISL,EUR,High,2014,8.3,"4,523",80.6,19.4,17.8,,0.0,0.0,"7,998",0,"94,254","425,876","54,556",45.8,6.7,328
Iceland,ISL,EUR,High,2015,8.1,"4,304",81.0,19.0,17.5,,0.0,0.0,"8,730",0,"99,401","459,627","52,930",43.5,6.6,331
Iceland,ISL,EUR,High,2016,8.2,"5,054",81.6,18.4,16.7,,0.0,0.0,"9,840",0,"102,243","498,440","61,963",46.4,6.7,336
Iceland,ISL,EUR,High,2017,8.3,"5,992",82.0,18.0,16.3,,0.0,0.0,"10,724",0,"104,511","524,954","71,983",44.4,6.8,344
Iceland,ISL,EUR,High,2018,8.4,"6,280",82.5,17.5,15.8,,0.0,0.0,"11,356",0,"107,625","561,148","74,424",43.8,7.0,353
Iceland,ISL,EUR,High,2019,8.6,"5,912",82.9,17.1,15.4,,0.0,0.0,"11,924",0,"111,813","601,115","68,426",43.6,7.2,361
Iceland,ISL,EUR,High,2020,9.6,"5,693",83.4,16.6,14.9,,0.0,0.0,"13,000",0,"114,643","643,298","58,999",51.1,8.1,367
Iceland,ISL,EUR,High,2021,9.7,"6,722",83.8,16.2,14.5,,0.0,0.0,"14,298",0,"124,152","715,223","69,155",49.5,8.1,373
Iceland,ISL,EUR,High,2022,9.1,"6,852",84.7,15.3,13.7,,0.0,0.0,"15,251",0,"126,739","784,898","75,446",46.7,7.7,380
Iceland,ISL,EUR,High,2023,8.7,"7,065",83.6,16.4,14.7,,0.0,0.0,"16,466",0,"143,108","814,942","81,155",45.3,7.3,388
Iceland,ISL,EUR,High,2024,9.0,"7,642",,,14.9,,,0.0,"17,439",,"156,866","879,911","85,061",46.3,,393
Ireland,IRL,EUR,High,2000,5.9,"1,565",77.5,22.5,12.1,8.9,,0.3,176,,205,"1,308","26,527",30.6,4.6,"3,778"
Ireland,IRL,EUR,High,2001,6.4,"1,824",78.4,21.6,10.6,9.4,,0.3,222,,217,"1,591","28,529",32.2,5.0,"3,833"
Ireland,IRL,EUR,High,2002,6.7,"2,200",79.0,21.0,10.5,9.0,,0.3,245,,244,"1,831","32,976",32.9,5.3,"3,900"
Ireland,IRL,EUR,High,2003,7.0,"2,911",78.8,21.2,13.1,6.9,,0.3,208,,338,"2,019","41,540",32.7,5.5,"3,964"
Ireland,IRL,EUR,High,2004,7.2,"3,483",78.9,21.1,12.2,7.6,,0.3,248,,342,"2,201","48,245",32.8,5.7,"4,029"
Ireland,IRL,EUR,High,2005,7.6,"3,938",78.9,21.1,13.6,6.5,,0.3,240,,429,"2,487","51,531",33.0,6.0,"4,112"
Ireland,IRL,EUR,High,2006,7.5,"4,147",77.8,22.2,13.9,7.1,,0.3,272,,460,"2,561","55,174",33.6,5.8,"4,208"
Ireland,IRL,EUR,High,2007,7.8,"4,859",79.2,20.8,11.6,7.9,,0.3,326,,410,"2,798","62,229",35.6,6.2,"4,340"
Ireland,IRL,EUR,High,2008,9.1,"5,639",79.3,20.7,11.9,7.6,,0.3,338,,455,"3,030","61,790",41.6,7.2,"4,458"
Ireland,IRL,EUR,High,2009,10.5,"5,503",77.1,22.9,12.7,8.8,,0.3,404,,501,"3,029","52,295",46.9,8.1,"4,521"
Ireland,IRL,EUR,High,2010,10.5,"5,133",76.2,23.8,13.8,8.6,,0.3,388,,534,"2,938","48,794",64.9,8.0,"4,549"
Ireland,IRL,EUR,High,2011,10.5,"5,538",72.2,27.8,13.6,12.2,0.0,0.3,567,0,540,"2,860","52,799",46.8,7.6,"4,571"
Ireland,IRL,EUR,High,2012,10.5,"5,187",72.2,27.8,13.3,12.4,0.0,0.2,583,0,538,"2,907","49,522",42.2,7.6,"4,589"
Ireland,IRL,EUR,High,2013,10.0,"5,296",71.0,29.0,13.8,13.1,0.0,0.3,606,0,549,"2,820","52,779",39.8,7.1,"4,610"
Ireland,IRL,EUR,High,2014,9.2,"5,310",71.3,28.7,14.0,12.7,0.0,0.3,589,0,559,"2,838","57,524",36.5,6.6,"4,638"
Ireland,IRL,EUR,High,2015,7.1,"4,576",71.8,28.2,13.5,12.8,0.0,0.3,606,0,557,"2,948","64,646",28.0,5.1,"4,678"
Ireland,IRL,EUR,High,2016,7.3,"4,747",72.2,27.8,13.5,12.4,0.0,0.3,616,0,578,"3,081","64,688",27.5,5.3,"4,726"
Ireland,IRL,EUR,High,2017,6.9,"5,024",72.6,27.4,13.1,12.4,0.0,0.4,637,0,583,"3,211","72,624",25.3,5.0,"4,799"
Ireland,IRL,EUR,High,2018,6.7,"5,495",73.6,26.4,12.7,11.8,0.0,0.6,640,0,589,"3,396","81,442",24.8,5.0,"4,856"
Ireland,IRL,EUR,High,2019,6.6,"5,454",73.8,26.2,12.7,11.8,0.0,0.6,659,0,617,"3,568","82,409",23.9,4.9,"4,940"
Ireland,IRL,EUR,High,2020,7.0,"6,073",77.6,22.4,11.4,9.4,0.0,0.5,582,0,608,"4,099","87,092",26.7,5.4,"5,013"
Ireland,IRL,EUR,High,2021,6.4,"6,754",76.7,23.3,11.5,10.3,0.0,0.6,673,0,658,"4,347","104,858",23.6,4.9,"5,067"
Ireland,IRL,EUR,High,2022,6.0,"6,408",76.5,23.5,11.6,10.4,0.0,0.6,727,0,703,"4,621","106,430",20.6,4.6,"5,154"
Ireland,IRL,EUR,High,2023,6.6,"6,878",76.6,23.4,11.3,10.6,0.0,0.6,770,0,719,"4,834","104,601",22.7,5.0,"5,271"
Ireland,IRL,EUR,High,2024,6.9,"7,395",,,10.6,,,,802,,725,,"107,889",23.5,,"5,352"
Israel,ISR,EUR,High,2000,6.6,"1,473",63.1,34.6,29.5,4.2,2.3,47.6,305,,"1,771",930,"22,338",44.2,4.2,"6,111"
Israel,ISR,EUR,High,2001,7.0,"1,509",62.7,35.3,30.3,4.1,2.0,46.3,316,,"1,925","1,043","21,566",47.0,4.4,"6,260"
Israel,ISR,EUR,High,2002,6.9,"1,355",64.0,33.8,27.8,4.9,2.2,46.7,380,,"1,788","1,112","19,621",50.9,4.4,"6,388"
Israel,ISR,EUR,High,2003,6.8,"1,384",62.5,35.5,28.6,5.6,2.0,46.8,432,,"1,805",993,"20,208",46.4,4.3,"6,503"
Israel,ISR,EUR,High,2004,6.8,"1,439",61.8,36.0,28.7,6.0,2.3,46.8,467,,"1,853",967,"21,171",43.8,4.2,"6,615"
Israel,ISR,EUR,High,2005,6.9,"1,509",59.9,38.0,30.2,6.4,2.0,45.3,527,,"2,048",990,"21,926",43.1,4.1,"6,728"
Israel,ISR,EUR,High,2006,6.7,"1,556",62.3,36.2,25.7,8.6,1.4,46.0,729,,"1,783","1,134","23,217",42.4,4.2,"6,844"
Israel,ISR,EUR,High,2007,6.7,"1,770",60.6,38.1,26.7,9.5,1.3,44.5,832,,"1,939","1,170","26,525",40.9,4.0,"6,962"
Israel,ISR,EUR,High,2008,6.8,"2,126",61.3,37.3,25.3,9.9,1.4,44.8,914,,"1,934","1,259","31,236",42.0,4.2,"7,083"
Israel,ISR,EUR,High,2009,6.9,"2,034",61.2,37.5,25.4,10.3,1.3,44.4,965,,"2,034","1,342","29,614",42.1,4.2,"7,206"
Israel,ISR,EUR,High,2010,6.9,"2,238",62.8,35.9,23.8,10.5,1.3,46.2,"1,012",,"1,992","1,393","32,668",40.4,4.3,"7,337"
Israel,ISR,EUR,High,2011,6.8,"2,442",62.6,36.1,23.8,10.7,1.3,46.6,"1,075",,"2,076","1,395","35,885",40.0,4.3,"7,471"
Israel,ISR,EUR,High,2012,6.9,"2,405",62.6,36.0,23.4,11.0,1.4,46.3,"1,166",,"2,171","1,514","34,648",40.2,4.3,"7,608"
Israel,ISR,EUR,High,2013,6.9,"2,673",63.4,35.2,22.7,11.2,1.4,46.7,"1,210",,"2,187","1,612","38,517",40.3,4.4,"7,749"
Israel,ISR,EUR,High,2014,7.0,"2,804",63.1,35.5,23.0,11.3,1.3,45.7,"1,257",,"2,309","1,745","39,890",38.9,4.4,"7,897"
Israel,ISR,EUR,High,2015,7.0,"2,646",63.4,35.2,22.5,11.5,1.4,46.6,"1,304",,"2,314","1,728","37,684",38.2,4.5,"8,053"
Israel,ISR,EUR,High,2016,7.1,"2,784",63.3,35.3,22.8,11.5,1.3,48.0,"1,339",,"2,440","1,634","39,213",38.6,4.5,"8,210"
Israel,ISR,EUR,High,2017,7.2,"3,074",63.9,34.7,22.4,11.4,1.4,48.2,"1,362",,"2,482","1,737","42,868",38.9,4.6,"8,362"
Israel,ISR,EUR,High,2018,7.2,"3,199",64.7,33.9,21.8,11.3,1.4,49.2,"1,391",,"2,509","1,780","44,218",39.8,4.7,"8,510"
Israel,ISR,EUR,High,2019,7.2,"3,335",64.8,33.8,21.4,11.6,1.4,49.2,"1,475",,"2,539","1,862","46,278",39.3,4.7,"8,657"
Israel,ISR,EUR,High,2020,7.7,"3,617",67.9,31.5,20.4,10.7,0.7,49.3,"1,373",,"2,543","2,312","46,676",45.5,5.3,"8,800"
Israel,ISR,EUR,High,2021,7.8,"4,294",71.5,28.0,17.5,10.2,0.5,46.1,"1,461",,"2,424","3,514","54,776",40.7,5.6,"8,943"
Israel,ISR,EUR,High,2022,7.1,"4,108",62.1,37.0,24.7,11.8,0.9,44.6,"1,700",,"3,407","2,416","57,692",37.5,4.4,"9,103"
Israel,ISR,EUR,High,2023,7.1,"3,928",65.2,33.3,20.5,12.1,1.4,50.6,"1,848",,"2,951","2,115","55,334",40.0,4.6,"9,256"
Italy,ITA,EUR,High,2000,7.5,"1,524",72.6,27.4,26.5,0.9,,0.1,15,,437,"1,197","20,197",46.4,5.5,"56,924"
Italy,ITA,EUR,High,2001,7.7,"1,587",74.6,25.4,24.5,0.9,,0.2,16,,434,"1,318","20,576",47.1,5.8,"56,961"
Italy,ITA,EUR,High,2002,7.8,"1,762",75.0,25.0,24.1,0.9,,0.1,17,,450,"1,396","22,489",46.5,5.9,"56,993"
Italy,ITA,EUR,High,2003,7.8,"2,161",75.3,24.7,23.7,0.9,,0.1,18,,453,"1,438","27,680",47.0,5.9,"57,186"
Italy,ITA,EUR,High,2004,8.1,"2,560",76.2,23.8,22.8,0.9,,0.1,19,,470,"1,568","31,466",46.7,6.2,"57,612"
Italy,ITA,EUR,High,2005,8.3,"2,670",77.5,22.5,21.6,0.9,,0.1,19,,464,"1,661","32,130",47.1,6.4,"58,044"
Italy,ITA,EUR,High,2006,8.4,"2,822",77.8,22.2,21.3,0.9,,0.1,21,,479,"1,745","33,601",47.6,6.5,"58,289"
Italy,ITA,EUR,High,2007,8.1,"3,077",77.5,22.5,21.5,1.0,,0.1,22,,483,"1,738","37,985",46.6,6.3,"58,511"
Italy,ITA,EUR,High,2008,8.5,"3,483",77.7,22.3,21.3,1.0,,0.1,23,,505,"1,837","40,973",47.8,6.6,"59,002"
Italy,ITA,EUR,High,2009,8.9,"3,314",78.3,21.7,20.7,1.0,,0.2,25,,491,"1,856","37,184",51.1,7.0,"59,421"
Italy,ITA,EUR,High,2010,8.9,"3,191",78.5,21.5,20.5,1.0,,0.1,24,,495,"1,885","35,934",49.8,7.0,"59,690"
Italy,ITA,EUR,High,2011,8.7,"3,359",77.0,23.0,22.0,1.0,,0.3,23,,532,"1,852","38,483",49.0,6.7,"59,948"
Italy,ITA,EUR,High,2012,8.8,"3,071",75.4,24.6,22.5,1.6,0.0,0.2,50,,539,"1,796","34,904",50.5,6.6,"60,105"
Italy,ITA,EUR,High,2013,8.8,"3,140",75.2,24.8,22.7,1.5,0.0,0.2,49,,538,"1,772","35,722",50.9,6.6,"60,277"
Italy,ITA,EUR,High,2014,8.9,"3,190",74.9,25.1,23.0,1.5,0.0,0.2,51,,551,"1,794","36,013",50.7,6.6,"60,346"
Italy,ITA,EUR,High,2015,8.8,"2,707",74.0,26.0,23.8,1.5,0.0,0.2,53,,581,"1,800","30,606",50.2,6.5,"60,295"
Italy,ITA,EUR,High,2016,8.7,"2,735",73.9,26.1,23.7,1.7,0.0,0.2,59,,586,"1,823","31,366",49.0,6.4,"60,164"
Italy,ITA,EUR,High,2017,8.7,"2,851",73.3,26.7,24.1,1.8,0.0,0.2,64,,609,"1,846","32,809",48.8,6.4,"60,067"
Italy,ITA,EUR,High,2018,8.7,"3,031",73.4,26.6,24.0,1.9,0.0,0.2,69,,615,"1,879","35,027",48.3,6.3,"59,938"
Italy,ITA,EUR,High,2019,8.6,"2,909",73.2,26.8,23.9,2.1,0.0,0.2,75,,620,"1,899","33,763",48.4,6.3,"59,817"
Italy,ITA,EUR,High,2020,9.6,"3,059",75.8,24.2,21.5,2.0,0.0,0.2,72,,575,"2,026","31,982",56.8,7.3,"59,641"
Italy,ITA,EUR,High,2021,9.3,"3,415",74.5,25.5,22.8,1.9,0.0,0.2,77,,659,"2,147","36,788",56.0,6.9,"59,236"
Italy,ITA,EUR,High,2022,8.9,"3,155",73.7,26.3,23.3,2.1,0.0,0.2,89,,699,"2,203","35,644",54.9,6.5,"59,030"
Italy,ITA,EUR,High,2023,8.4,"3,283",73.1,26.9,23.6,2.4,0.0,0.2,100,,718,"2,213","39,063",53.7,6.1,"58,997"
Italy,ITA,EUR,High,2024,8.4,"3,398",,,22.3,2.6,,0.2,108,,700,"2,325","40,236",50.3,,"58,971"
Kazakhstan,KAZ,EUR,Upper-middle,2000,4.2,49,50.9,49.1,48.5,0.1,,0.0,38,,"3,385","3,555","1,180",22.9,2.1,"15,501"
Kazakhstan,KAZ,EUR,Upper-middle,2001,3.5,49,56.6,43.4,42.7,0.1,,0.0,46,,"3,094","4,103","1,422",23.4,2.0,"15,576"
Kazakhstan,KAZ,EUR,Upper-middle,2002,3.6,57,53.5,46.5,45.9,0.1,,0.0,53,,"4,001","4,664","1,574",20.5,1.9,"15,657"
Kazakhstan,KAZ,EUR,Upper-middle,2003,3.7,73,54.9,45.1,44.5,0.1,,0.0,64,,"4,858","5,982","1,958",21.4,2.0,"15,747"
Kazakhstan,KAZ,EUR,Upper-middle,2004,4.0,108,58.4,41.6,41.0,0.1,,0.0,81,,"6,054","8,616","2,722",21.3,2.3,"15,850"
Kazakhstan,KAZ,EUR,Upper-middle,2005,3.9,140,65.0,35.0,34.4,0.1,,0.0,103,,"6,383","12,062","3,577",22.0,2.5,"15,968"
Kazakhstan,KAZ,EUR,Upper-middle,2006,3.4,171,68.3,31.7,31.1,0.1,,0.0,136,,"6,699","14,719","5,030",19.8,2.3,"16,104"
Kazakhstan,KAZ,EUR,Upper-middle,2007,2.7,174,66.4,33.6,32.8,0.1,,0.0,169,,"7,002","14,195","6,449",23.7,1.8,"16,257"
Kazakhstan,KAZ,EUR,Upper-middle,2008,3.0,246,75.3,24.7,23.9,0.3,,0.0,253,,"7,060","22,255","8,124",27.1,2.3,"16,427"
Kazakhstan,KAZ,EUR,Upper-middle,2009,3.5,241,76.8,23.2,22.3,0.4,,0.0,310,,"7,943","27,293","6,938",23.5,2.7,"16,620"
Kazakhstan,KAZ,EUR,Upper-middle,2010,2.7,241,67.4,31.5,27.3,1.8,1.1,0.0,"1,506",,"9,678","24,243","8,793",22.5,1.8,"16,837"
Kazakhstan,KAZ,EUR,Upper-middle,2011,2.6,294,70.8,28.7,24.6,1.7,0.5,0.0,"1,756",,"10,594","30,659","11,287",21.2,1.8,"17,066"
Kazakhstan,KAZ,EUR,Upper-middle,2012,3.0,365,68.1,31.7,27.8,1.6,0.2,0.0,"2,111",,"15,143","37,159","12,019",21.9,2.1,"17,306"
Kazakhstan,KAZ,EUR,Upper-middle,2013,2.7,359,69.4,30.5,26.0,1.9,0.2,0.0,"2,458",,"14,172","37,916","13,478",19.8,1.8,"17,557"
Kazakhstan,KAZ,EUR,Upper-middle,2014,3.0,370,71.7,28.2,23.8,1.7,0.1,0.0,"2,890",,"15,767","47,518","12,428",21.3,2.1,"17,816"
Kazakhstan,KAZ,EUR,Upper-middle,2015,3.0,310,63.1,36.8,32.1,1.7,0.1,0.0,"3,216",,"22,062","43,424","10,196",22.9,1.9,"18,084"
Kazakhstan,KAZ,EUR,Upper-middle,2016,3.4,256,59.6,40.2,35.7,1.3,0.2,0.0,"3,964",,"31,227","52,249","7,476",21.5,2.0,"18,364"
Kazakhstan,KAZ,EUR,Upper-middle,2017,3.1,273,62.0,37.8,33.1,1.4,0.2,0.0,"4,155",,"29,496","55,283","8,943",24.1,1.9,"18,652"
Kazakhstan,KAZ,EUR,Upper-middle,2018,2.9,267,60.8,39.0,33.5,1.4,0.2,0.0,"5,096",,"30,796","56,067","9,202",19.4,1.8,"18,933"
Kazakhstan,KAZ,EUR,Upper-middle,2019,2.9,264,59.9,40.1,33.9,1.6,,0.0,"6,254",,"34,168","60,476","9,181",20.9,1.7,"19,210"
Kazakhstan,KAZ,EUR,Upper-middle,2020,3.8,330,65.8,34.2,27.7,1.1,0.0,16.0,"8,737",,"37,760","67,796","8,602",25.1,2.5,"19,482"
Kazakhstan,KAZ,EUR,Upper-middle,2021,4.0,392,65.3,34.6,25.0,1.0,0.1,21.8,"14,190",,"41,770","74,616","9,827",22.4,2.6,"19,744"
Kazakhstan,KAZ,EUR,Upper-middle,2022,3.7,422,61.5,38.1,30.8,1.0,0.4,21.5,"14,322",630,"59,809","78,148","11,255",21.7,2.3,"20,035"
Kazakhstan,KAZ,EUR,Upper-middle,2023,3.8,490,65.8,34.0,27.6,1.2,0.2,22.0,"14,190",340,"61,750","98,349","13,000",23.2,2.5,"20,330"
Kyrgyzstan,KGZ,EUR,Lower-middle,2000,4.4,12,48.4,51.6,51.6,,0.0,5.6,,0,297,245,273,30.2,2.1,"5,025"
Kyrgyzstan,KGZ,EUR,Lower-middle,2001,4.3,13,46.8,53.2,53.2,,0.0,5.0,,0,331,261,301,28.1,2.0,"5,072"
Kyrgyzstan,KGZ,EUR,Lower-middle,2002,4.6,14,48.3,51.7,51.7,,0.0,5.7,,0,349,289,314,29.3,2.2,"5,116"
Kyrgyzstan,KGZ,EUR,Lower-middle,2003,5.8,22,38.9,51.1,51.1,,10.0,6.6,95,0,484,306,372,28.1,2.3,"5,159"
Kyrgyzstan,KGZ,EUR,Lower-middle,2004,6.2,26,37.7,46.6,46.6,,15.7,6.0,177,0,524,356,425,28.5,2.3,"5,203"
Kyrgyzstan,KGZ,EUR,Lower-middle,2005,7.5,35,51.0,42.6,42.6,,6.4,5.6,92,0,610,651,469,29.1,3.8,"5,246"
Kyrgyzstan,KGZ,EUR,Lower-middle,2006,8.3,45,50.7,39.2,39.2,,10.1,5.3,134,48,702,860,537,29.1,4.2,"5,282"
Kyrgyzstan,KGZ,EUR,Lower-middle,2007,6.9,50,44.5,42.9,42.9,,12.6,6.9,133,100,794,796,716,29.6,3.1,"5,313"
Kyrgyzstan,KGZ,EUR,Lower-middle,2008,6.5,63,44.4,48.7,48.7,,6.9,6.3,83,77,"1,118",950,962,27.9,2.9,"5,343"
Kyrgyzstan,KGZ,EUR,Lower-middle,2009,6.9,60,50.5,38.6,38.6,,11.0,7.1,107,175,992,"1,288",869,32.5,3.5,"5,398"
Kyrgyzstan,KGZ,EUR,Lower-middle,2010,7.0,61,49.1,43.1,43.1,,7.8,6.7,67,150,"1,202","1,333",873,37.1,3.4,"5,492"
Kyrgyzstan,KGZ,EUR,Lower-middle,2011,7.1,79,52.0,43.5,43.5,,4.5,6.7,59,105,"1,582","1,750","1,108",37.4,3.7,"5,595"
Kyrgyzstan,KGZ,EUR,Lower-middle,2012,8.5,99,49.6,43.2,43.2,,7.2,6.6,235,96,"2,006","2,090","1,160",40.6,4.2,"5,697"
Kyrgyzstan,KGZ,EUR,Lower-middle,2013,8.2,104,48.2,46.4,46.4,,5.4,6.2,190,80,"2,329","2,186","1,265",38.1,3.9,"5,797"
Kyrgyzstan,KGZ,EUR,Lower-middle,2014,7.4,93,37.4,56.3,56.3,,6.3,5.7,123,193,"2,815","1,778","1,266",38.5,2.7,"5,898"
Kyrgyzstan,KGZ,EUR,Lower-middle,2015,7.1,80,37.9,54.6,54.5,0.0,7.5,5.4,151,236,"2,797","1,903","1,113",38.1,2.7,"6,002"
Kyrgyzstan,KGZ,EUR,Lower-middle,2016,6.4,72,38.9,57.2,57.2,0.0,3.8,5.9,15,177,"2,861","1,829","1,115",38.9,2.5,"6,108"
Kyrgyzstan,KGZ,EUR,Lower-middle,2017,6.2,77,38.0,56.4,56.4,0.0,5.6,6.8,74,225,"2,974","1,871","1,238",37.0,2.3,"6,220"
Kyrgyzstan,KGZ,EUR,Lower-middle,2018,5.0,65,48.4,46.7,46.6,0.0,4.9,8.1,74,151,"2,097","1,962","1,304",33.1,2.4,"6,342"
Kyrgyzstan,KGZ,EUR,Lower-middle,2019,4.3,61,51.4,46.3,46.2,0.1,2.3,9.6,4,98,"1,979","1,889","1,443",30.8,2.2,"6,494"
Kyrgyzstan,KGZ,EUR,Lower-middle,2020,4.9,61,44.8,45.7,46.0,0.1,9.2,8.9,213,215,"2,180","1,921","1,241",32.1,2.2,"6,664"
Kyrgyzstan,KGZ,EUR,Lower-middle,2021,5.4,73,55.3,39.1,39.1,0.0,5.6,7.9,331,18,"2,399","2,925","1,356",32.1,3.0,"6,820"
Kyrgyzstan,KGZ,EUR,Lower-middle,2022,5.0,88,52.4,40.0,39.9,0.0,7.7,8.0,557,15,"2,956","3,304","1,745",35.0,2.6,"6,956"
Kyrgyzstan,KGZ,EUR,Lower-middle,2023,4.5,97,53.3,42.3,42.3,0.0,4.4,7.4,365,9,"3,589","3,909","2,146",32.9,2.4,"7,074"
Latvia,LVA,EUR,High,2000,5.6,182,50.8,49.2,47.7,1.6,0.0,0.0,2,0,75,80,"3,259",38.1,2.8,"2,382"
Latvia,LVA,EUR,High,2001,5.9,205,48.7,51.3,48.9,2.4,0.0,0.0,4,0,89,89,"3,480",35.4,2.9,"2,353"
Latvia,LVA,EUR,High,2002,6.0,237,49.6,50.4,47.6,2.8,0.0,0.0,6,0,99,103,"3,985",36.2,3.0,"2,321"
Latvia,LVA,EUR,High,2003,5.7,281,49.8,50.2,48.6,1.6,0.0,0.0,4,0,111,114,"4,890",35.4,2.9,"2,299"
Latvia,LVA,EUR,High,2004,6.5,393,56.2,43.4,40.6,2.7,0.5,0.0,8,0,123,170,"6,074",36.6,3.6,"2,277"
Latvia,LVA,EUR,High,2005,6.1,441,55.7,44.0,41.7,2.3,0.3,0.0,8,0,148,197,"7,248",36.3,3.4,"2,250"
Latvia,LVA,EUR,High,2006,6.0,552,61.5,38.5,35.6,2.6,0.0,0.0,13,0,157,271,"9,173",38.5,3.7,"2,228"
Latvia,LVA,EUR,High,2007,5.8,775,60.9,39.1,36.8,2.2,0.1,0.0,13,0,209,345,"13,320",36.5,3.5,"2,209"
Latvia,LVA,EUR,High,2008,5.9,914,60.3,39.6,37.3,2.0,0.1,0.0,14,0,233,377,"15,573",40.2,3.5,"2,192"
Latvia,LVA,EUR,High,2009,6.3,745,59.6,39.9,38.8,0.8,0.5,0.0,6,0,208,320,"11,880",46.4,3.7,"2,163"
Latvia,LVA,EUR,High,2010,6.2,689,60.2,39.8,37.2,2.5,0.0,0.0,14,0,193,313,"11,071",46.9,3.7,"2,121"
Latvia,LVA,EUR,High,2011,5.9,765,63.5,36.5,34.3,2.1,0.0,0.0,12,0,187,346,"12,921",43.8,3.8,"2,075"
Latvia,LVA,EUR,High,2012,5.6,746,60.3,39.7,37.8,1.7,0.0,0.0,11,0,219,350,"13,264",40.4,3.4,"2,045"
Latvia,LVA,EUR,High,2013,5.6,807,60.0,40.0,38.5,1.3,0.0,0.0,9,0,234,365,"14,403",39.9,3.4,"2,024"
Latvia,LVA,EUR,High,2014,5.7,857,59.7,40.3,39.1,0.9,0.0,0.0,8,0,252,385,"15,127",40.4,3.4,"2,001"
Latvia,LVA,EUR,High,2015,5.8,776,58.7,41.3,40.5,0.8,0.0,0.0,6,0,283,410,"13,265",40.0,3.4,"1,986"
Latvia,LVA,EUR,High,2016,6.4,875,55.8,44.0,43.3,0.6,0.1,0.0,6,0,342,442,"13,772",38.8,3.5,"1,969"
Latvia,LVA,EUR,High,2017,6.2,933,57.2,42.7,41.8,0.6,0.2,0.0,7,0,345,473,"15,071",39.6,3.5,"1,950"
Latvia,LVA,EUR,High,2018,6.4,"1,101",59.7,40.1,39.2,0.7,0.2,0.0,9,0,365,559,"17,188",40.7,3.8,"1,934"
Latvia,LVA,EUR,High,2019,6.9,"1,183",59.9,39.9,35.1,4.6,0.3,0.0,50,0,371,635,"17,240",39.7,4.1,"1,920"
Latvia,LVA,EUR,High,2020,7.5,"1,313",63.4,36.4,31.9,4.3,0.2,0.0,52,0,367,731,"17,498",44.3,4.8,"1,908"
Latvia,LVA,EUR,High,2021,9.4,"1,898",69.3,30.5,27.0,3.5,0.1,0.0,57,0,433,"1,115","20,168",46.5,6.5,"1,893"
Latvia,LVA,EUR,High,2022,8.1,"1,642",64.7,35.1,30.7,4.2,0.2,0.0,68,0,479,"1,012","20,266",44.2,5.2,"1,876"
Latvia,LVA,EUR,High,2023,7.3,"1,645",59.5,40.4,35.1,5.2,0.1,0.0,81,2,533,907,"22,609",43.7,4.3,"1,883"
Liechtenstein,LIE,EUR,High,2013,5.7,"9,956",66.6,33.4,19.3,13.3,,50.9,"1,302",,"1,777","1,450","173,170",27.0,3.8,37
Liechtenstein,LIE,EUR,High,2014,5.6,"10,097",65.6,34.4,20.5,13.0,,51.1,"1,287",,"1,892","1,342","179,144",24.5,3.7,37
Liechtenstein,LIE,EUR,High,2015,5.8,"9,640",65.7,34.3,20.5,12.8,,50.7,"1,279",,"1,904","1,387","167,607",24.3,3.8,37
Liechtenstein,LIE,EUR,High,2016,5.9,"9,704",64.9,35.1,21.2,13.1,,50.0,"1,328",,"2,026","1,430","165,819",24.3,3.8,38
Liechtenstein,LIE,EUR,High,2017,5.7,"9,715",63.2,36.8,23.3,12.7,,48.0,"1,296",,"2,228","1,451","171,050",23.9,3.6,38
Liechtenstein,LIE,EUR,High,2018,5.5,"9,736",63.7,36.3,23.2,12.3,,46.6,"1,250",,"2,205","1,627","175,526",23.7,3.5,38
Liechtenstein,LIE,EUR,High,2019,5.8,"9,687",65.0,35.0,21.6,12.6,,47.8,"1,291",,"2,079","1,652","167,453",24.6,3.8,38
Liechtenstein,LIE,EUR,High,2020,6.1,"10,005",68.6,31.4,18.0,12.6,,49.6,"1,252",,"1,695","1,787","165,219",31.3,4.2,39
Liechtenstein,LIE,EUR,High,2021,5.4,"10,912",68.6,31.4,19.1,11.6,,47.2,"1,224",,"1,906","2,136","202,659",23.2,3.7,39
Liechtenstein,LIE,EUR,High,2022,5.6,"10,592",67.8,32.2,19.6,11.9,,48.6,"1,274",,"1,979","1,942","187,658",24.1,3.8,39
Liechtenstein,LIE,EUR,High,2023,5.7,"11,495",69.0,31.0,19.7,10.5,,51.1,"1,161",,"2,036","1,854","201,150",24.9,3.9,40
Lithuania,LTU,EUR,High,2000,6.2,217,67.3,32.7,27.2,0.1,0.0,64.0,10,0,64,11,"3,511",39.4,4.2,"3,512"
Lithuania,LTU,EUR,High,2001,6.0,219,70.2,29.7,27.6,0.1,0.1,63.7,2,0,67,19,"3,646",37.1,4.2,"3,487"
Lithuania,LTU,EUR,High,2002,6.1,254,72.8,27.1,25.6,0.1,0.1,59.7,1,0,69,38,"4,146",35.1,4.5,"3,455"
Lithuania,LTU,EUR,High,2003,6.2,339,74.3,25.5,24.2,0.1,0.1,59.2,1,0,73,49,"5,486",33.6,4.6,"3,431"
Lithuania,LTU,EUR,High,2004,5.5,367,62.6,37.3,32.9,0.4,0.1,60.6,2,0,97,18,"6,692",33.9,3.4,"3,399"
Lithuania,LTU,EUR,High,2005,5.6,439,60.7,39.2,32.8,0.4,0.1,59.6,2,0,116,25,"7,774",34.1,3.4,"3,355"
Lithuania,LTU,EUR,High,2006,5.9,536,62.4,37.5,31.9,0.4,0.1,61.6,2,0,136,26,"9,152",34.4,3.7,"3,290"
Lithuania,LTU,EUR,High,2007,5.8,704,65.8,34.1,28.4,0.4,0.1,62.5,2,0,146,45,"12,228",35.3,3.8,"3,250"
Lithuania,LTU,EUR,High,2008,6.3,937,70.7,29.2,28.2,0.5,0.1,60.9,4,1,180,66,"14,889",38.1,4.4,"3,213"
Lithuania,LTU,EUR,High,2009,7.3,865,71.9,28.0,26.8,0.7,0.1,61.7,4,1,167,67,"11,773",44.8,5.3,"3,184"
Lithuania,LTU,EUR,High,2010,6.9,805,71.1,28.7,27.6,0.6,0.2,61.4,4,1,168,63,"11,660",43.0,4.9,"3,142"
Lithuania,LTU,EUR,High,2011,6.5,925,70.3,29.5,28.2,0.6,0.2,61.3,5,1,188,64,"14,151",40.1,4.6,"3,053"
Lithuania,LTU,EUR,High,2012,6.3,897,66.6,33.2,31.8,0.8,0.1,58.1,6,1,222,64,"14,219",36.6,4.2,"3,004"
Lithuania,LTU,EUR,High,2013,6.2,958,65.6,34.3,32.8,0.8,0.1,57.4,6,1,237,64,"15,565",35.7,4.0,"2,975"
Lithuania,LTU,EUR,High,2014,6.2,"1,020",66.6,33.3,31.5,0.8,0.1,57.5,7,0,242,78,"16,388",35.0,4.1,"2,948"
Lithuania,LTU,EUR,High,2015,6.5,919,66.1,33.6,31.8,0.9,0.3,57.2,8,1,264,83,"14,188",35.2,4.3,"2,927"
Lithuania,LTU,EUR,High,2016,6.6,986,65.8,34.0,32.3,1.0,0.2,57.1,10,1,288,85,"14,831",34.5,4.4,"2,896"
Lithuania,LTU,EUR,High,2017,6.4,"1,074",65.5,34.4,32.3,1.1,0.2,57.5,11,1,308,86,"16,664",33.4,4.2,"2,859"
Lithuania,LTU,EUR,High,2018,6.5,"1,241",66.0,33.7,31.5,1.2,0.3,58.6,14,2,331,90,"19,190",33.8,4.3,"2,826"
Lithuania,LTU,EUR,High,2019,6.9,"1,361",65.1,34.6,32.3,1.3,0.4,58.2,16,3,392,100,"19,601",34.6,4.5,"2,812"
Lithuania,LTU,EUR,High,2020,7.4,"1,512",68.7,30.7,28.7,1.1,0.6,59.8,15,6,380,138,"20,385",42.3,5.1,"2,810"
Lithuania,LTU,EUR,High,2021,7.7,"1,844",67.4,32.1,29.9,1.2,0.5,56.6,20,6,467,190,"23,853",37.3,5.2,"2,811"
Lithuania,LTU,EUR,High,2022,7.2,"1,831",65.4,34.0,31.8,1.6,0.6,57.4,28,10,554,160,"25,281",36.3,4.7,"2,806"
Lithuania,LTU,EUR,High,2023,7.3,"2,044",65.0,34.7,31.0,1.6,0.3,60.2,31,4,586,134,"27,934",37.4,4.8,"2,857"
Lithuania,LTU,EUR,High,2024,7.6,"2,232",,,31.4,,,,34,,649,,"29,393",39.5,,"2,886"
Luxembourg,LUX,EUR,High,2000,5.9,"2,901",83.2,16.7,14.3,2.4,0.0,72.9,119,0,448,284,"48,963",38.0,4.9,434
Luxembourg,LUX,EUR,High,2001,6.4,"3,109",84.0,16.0,13.7,2.2,0.0,73.0,125,0,474,337,"48,719",38.1,5.4,439
Luxembourg,LUX,EUR,High,2002,6.8,"3,601",84.0,16.1,13.9,2.1,0.0,74.0,118,0,528,342,"53,259",41.8,5.7,444
Luxembourg,LUX,EUR,High,2003,7.0,"4,607",83.9,16.2,13.3,2.8,0.0,74.3,157,0,540,350,"66,177",43.3,5.8,448
Luxembourg,LUX,EUR,High,2004,7.3,"5,610",84.5,15.5,12.8,2.6,0.0,75.2,176,0,576,369,"77,072",43.7,6.2,455
Luxembourg,LUX,EUR,High,2005,7.1,"5,818",84.1,15.9,12.9,2.8,0.0,74.3,182,0,605,414,"81,678",43.4,6.0,461
Luxembourg,LUX,EUR,High,2006,6.6,"6,071",83.8,16.2,13.4,2.7,0.0,74.2,186,0,647,416,"91,476",39.4,5.6,469
Luxembourg,LUX,EUR,High,2007,6.2,"6,671",85.4,14.6,10.3,4.2,0.0,75.6,268,0,502,420,"108,334",37.4,5.3,476
Luxembourg,LUX,EUR,High,2008,6.2,"7,579",87.6,12.3,10.1,2.2,0.0,79.0,134,0,518,428,"121,630",37.9,5.5,484
Luxembourg,LUX,EUR,High,2009,6.9,"7,671",86.7,13.3,9.9,3.3,0.0,76.7,240,0,544,498,"110,369",42.7,6.0,494
Luxembourg,LUX,EUR,High,2010,6.7,"7,460",85.9,14.1,10.2,3.7,0.0,76.8,273,0,576,456,"111,965",42.0,5.7,502
Luxembourg,LUX,EUR,High,2011,6.0,"7,175",83.4,16.6,10.9,4.7,0.0,76.5,307,0,561,346,"120,538",41.5,5.0,512
Luxembourg,LUX,EUR,High,2012,5.3,"6,029",83.6,14.8,11.5,3.3,1.5,79.0,195,0,538,179,"113,892",41.8,4.4,525
Luxembourg,LUX,EUR,High,2013,5.2,"6,357",83.9,14.7,11.2,3.4,1.5,79.3,203,0,536,183,"121,413",41.2,4.4,537
Luxembourg,LUX,EUR,High,2014,5.2,"6,547",84.3,14.3,11.1,3.1,1.4,79.1,200,0,546,218,"125,173",40.6,4.4,550
Luxembourg,LUX,EUR,High,2015,5.1,"5,422",84.5,14.1,10.7,3.3,1.4,79.1,207,0,524,222,"106,707",40.4,4.3,563
Luxembourg,LUX,EUR,High,2016,5.1,"5,475",84.4,14.2,10.7,3.4,1.3,78.9,214,0,531,233,"107,969",40.0,4.3,576
Luxembourg,LUX,EUR,High,2017,5.1,"5,713",84.8,13.8,10.7,3.1,1.4,79.2,203,0,539,240,"111,251",41.3,4.4,591
Luxembourg,LUX,EUR,High,2018,5.3,"6,227",84.9,13.7,10.4,3.1,1.4,79.7,215,0,550,230,"118,081",42.3,4.5,602
Luxembourg,LUX,EUR,High,2019,5.5,"6,222",85.9,12.8,9.6,3.1,1.3,80.3,229,0,533,260,"113,818",43.1,4.7,614
Luxembourg,LUX,EUR,High,2020,5.8,"6,786",87.4,11.4,8.4,2.9,1.2,79.0,231,0,498,447,"117,665",47.0,5.0,626
Luxembourg,LUX,EUR,High,2021,5.6,"7,633",87.0,11.8,8.8,2.9,1.1,77.2,251,0,568,582,"136,100",42.4,4.9,635
Luxembourg,LUX,EUR,High,2022,5.6,"7,023",87.1,11.8,8.7,3.1,1.1,78.7,274,0,578,495,"125,197",44.3,4.9,645
Luxembourg,LUX,EUR,High,2023,5.8,"7,511",86.6,12.2,8.8,3.3,1.2,78.7,308,0,609,478,"129,773",48.0,5.0,661
Luxembourg,LUX,EUR,High,2024,5.9,"8,170",86.9,11.8,8.5,3.3,1.2,79.4,337,0,642,480,"138,676",46.9,5.1,672
Malta,MLT,EUR,High,2000,6.6,647,71.8,28.2,26.4,0.7,,0.0,10,,185,504,"9,766",40.4,4.8,389
Malta,MLT,EUR,High,2001,7.0,686,68.7,31.3,29.7,0.7,,0.0,10,,227,526,"9,758",41.7,4.8,391
Malta,MLT,EUR,High,2002,7.7,831,70.4,29.6,28.7,0.6,,0.0,8,,253,621,"10,741",41.5,5.4,395
Malta,MLT,EUR,High,2003,7.9,"1,083",69.8,30.2,28.8,1.3,,0.0,15,,274,664,"13,638",45.2,5.5,397
Malta,MLT,EUR,High,2004,8.0,"1,227",69.5,30.5,28.2,2.0,,0.0,23,,278,685,"15,265",41.8,5.6,400
Malta,MLT,EUR,High,2005,8.7,"1,378",69.1,30.9,28.9,1.8,,0.0,22,,320,767,"15,851",42.6,6.0,403
Malta,MLT,EUR,High,2006,8.8,"1,480",68.5,31.5,29.6,1.7,,0.0,25,,348,805,"16,731",42.5,6.1,405
Malta,MLT,EUR,High,2007,8.2,"1,606",66.8,33.2,31.1,1.7,,0.0,25,,362,779,"19,622",41.2,5.5,406
Malta,MLT,EUR,High,2008,7.8,"1,760",64.8,35.2,33.0,1.8,,0.0,27,,395,775,"22,491",42.1,5.1,408
Malta,MLT,EUR,High,2009,7.9,"1,684",64.9,35.1,32.5,2.2,,0.0,32,,392,784,"21,342",41.1,5.1,411
Malta,MLT,EUR,High,2010,7.9,"1,735",64.6,35.4,33.0,2.0,,0.0,31,,432,845,"21,972",40.1,5.1,414
Malta,MLT,EUR,High,2011,8.3,"1,962",64.4,35.6,33.2,2.1,,0.0,34,,467,908,"23,589",41.5,5.4,415
Malta,MLT,EUR,High,2012,8.2,"1,899",65.6,34.4,32.1,1.9,,0.0,34,,474,970,"23,014",41.7,5.4,418
Malta,MLT,EUR,High,2013,8.3,"2,127",67.6,32.4,30.2,1.8,,0.0,33,,484,"1,082","25,617",40.1,5.6,421
Malta,MLT,EUR,High,2014,8.9,"2,467",61.6,38.4,36.5,1.9,,0.0,36,,677,"1,139","27,766",39.6,5.5,428
Malta,MLT,EUR,High,2015,8.7,"2,249",60.8,39.2,37.2,2.0,,0.0,40,,754,"1,233","25,845",37.8,5.3,439
Malta,MLT,EUR,High,2016,8.7,"2,327",63.0,37.0,35.1,1.8,,0.0,39,,738,"1,325","26,746",35.5,5.5,450
Malta,MLT,EUR,High,2017,8.3,"2,563",62.9,37.1,35.2,1.9,,0.0,43,,799,"1,427","30,827",32.7,5.2,459
Malta,MLT,EUR,High,2018,8.1,"2,760",63.5,36.5,34.3,2.2,0.0,0.0,52,,801,"1,483","34,020",34.5,5.1,475
Malta,MLT,EUR,High,2019,8.9,"2,947",62.5,37.5,34.1,3.4,0.0,0.0,88,,899,"1,646","33,142",34.9,5.6,493
Malta,MLT,EUR,High,2020,9.9,"3,141",66.7,33.3,30.3,3.0,0.0,0.1,83,0,833,"1,832","31,873",42.1,6.6,515
Malta,MLT,EUR,High,2021,9.5,"3,641",67.4,32.6,29.7,2.9,0.0,0.1,91,0,913,"2,072","38,215",39.5,6.4,516
Malta,MLT,EUR,High,2022,9.1,"3,362",67.0,33.0,30.0,3.0,0.0,0.1,95,0,959,"2,138","36,986",37.7,6.1,520
Malta,MLT,EUR,High,2023,8.8,"3,623",66.0,34.0,30.9,3.1,0.0,,102,0,"1,036","2,211","40,975",36.7,5.8,542
Monaco,MCO,EUR,High,2000,3.7,"2,976",80.0,20.0,7.0,13.0,,76.2,417,,226,123,"80,533",20.1,3.0,32
Monaco,MCO,EUR,High,2001,3.8,"3,051",80.1,19.9,6.9,13.0,,76.3,442,,236,130,"81,260",21.1,3.0,32
Monaco,MCO,EUR,High,2002,3.8,"3,376",80.2,19.8,6.8,13.0,,76.4,464,,244,136,"88,629",20.3,3.1,32
Monaco,MCO,EUR,High,2003,4.4,"4,833",81.0,19.0,5.9,13.1,,77.1,560,,252,165,"109,043",19.6,3.6,32
Monaco,MCO,EUR,High,2004,4.5,"5,682",81.1,18.9,5.7,13.1,,77.3,600,,263,176,"125,565",21.3,3.7,32
Monaco,MCO,EUR,High,2005,4.5,"5,878",81.1,18.9,5.8,13.1,,77.2,620,,274,182,"130,539",21.7,3.7,32
Monaco,MCO,EUR,High,2006,4.3,"6,147",80.8,19.2,6.1,13.1,,77.0,641,,298,188,"143,080",21.6,3.5,32
Monaco,MCO,EUR,High,2007,3.8,"7,036",80.2,19.8,6.8,13.0,,76.4,666,,352,196,"184,558",19.7,3.1,32
Monaco,MCO,EUR,High,2008,4.1,"8,343",80.5,19.5,6.4,13.0,,76.7,740,,365,218,"204,265",20.2,3.3,32
Monaco,MCO,EUR,High,2009,4.8,"8,191",81.3,18.7,5.5,13.2,,77.5,773,,323,227,"169,152",20.5,3.9,32
Monaco,MCO,EUR,High,2010,5.0,"8,025",81.4,18.6,5.4,13.2,,77.6,798,,326,235,"161,852",20.7,4.0,33
Monaco,MCO,EUR,High,2011,4.6,"8,314",81.1,18.9,5.7,13.1,,77.3,785,,341,231,"179,367",19.7,3.8,34
Monaco,MCO,EUR,High,2012,4.8,"7,870",81.3,18.7,5.6,13.2,,77.4,806,,340,237,"165,446",20.1,3.9,35
Monaco,MCO,EUR,High,2013,4.6,"8,459",81.1,18.9,5.8,13.1,,77.2,836,,367,246,"184,941",18.9,3.7,35
Monaco,MCO,EUR,High,2014,4.4,"8,692",81.0,19.0,5.9,13.1,,77.1,858,,386,252,"195,694",20.4,3.6,36
Monaco,MCO,EUR,High,2015,4.3,"7,354",80.9,19.1,6.1,13.1,,77.0,868,,402,255,"170,437",20.3,3.5,37
Monaco,MCO,EUR,High,2016,4.1,"7,158",86.6,13.4,6.4,7.0,,80.9,454,,412,366,"173,605",20.8,3.6,37
Monaco,MCO,EUR,High,2017,4.2,"7,102",86.9,13.1,6.3,6.8,,81.2,430,,395,357,"170,663",20.9,3.6,38
Monaco,MCO,EUR,High,2018,4.0,"7,622",86.8,13.2,6.5,6.7,,81.2,435,,418,361,"188,296",20.6,3.5,38
Monaco,MCO,EUR,High,2019,3.9,"7,517",86.1,13.9,6.7,7.2,,80.0,481,,451,414,"193,747",23.0,3.3,38
Monaco,MCO,EUR,High,2020,4.3,"7,582",88.0,12.0,6.0,6.0,,81.6,398,,399,425,"176,889",30.7,3.8,38
Monaco,MCO,EUR,High,2021,3.7,"8,225",89.7,10.3,6.9,3.4,,83.0,234,,481,470,"223,823",24.2,3.3,39
Monaco,MCO,EUR,High,2022,3.4,"7,674",86.6,13.4,7.7,5.8,,80.6,421,,558,437,"226,049",24.4,2.9,39
Monaco,MCO,EUR,High,2023,3.1,"8,004",85.7,14.3,8.5,5.9,,81.1,436,,626,334,"256,577",22.4,2.7,39
Montenegro,MNE,EUR,Upper-middle,2011,8.0,572,61.0,39.0,38.8,0.2,,60.2,1,,160,3,"7,175",45.3,4.9,633
Montenegro,MNE,EUR,Upper-middle,2012,8.3,535,63.9,36.1,35.9,0.1,,62.8,1,,150,5,"6,451",45.7,5.3,634
Montenegro,MNE,EUR,Upper-middle,2013,8.5,597,57.8,42.2,42.1,0.1,,57.4,0,,189,2,"7,049",45.8,4.9,633
Montenegro,MNE,EUR,Upper-middle,2014,8.0,581,60.7,39.3,39.1,0.2,,60.3,1,,171,2,"7,267",44.2,4.9,631
Montenegro,MNE,EUR,Upper-middle,2015,9.0,582,59.8,40.2,37.7,0.2,,61.8,1,,198,2,"6,453",46.4,5.4,628
Montenegro,MNE,EUR,Upper-middle,2016,8.6,605,60.1,39.9,38.2,0.3,,61.1,1,,209,2,"7,007",47.5,5.2,624
Montenegro,MNE,EUR,Upper-middle,2017,8.0,624,57.4,42.6,42.2,0.3,,57.1,2,,233,2,"7,813",47.1,4.6,620
Montenegro,MNE,EUR,Upper-middle,2018,8.3,746,59.6,40.4,39.6,0.4,,59.3,2,,250,4,"8,938",47.2,5.0,616
Montenegro,MNE,EUR,Upper-middle,2019,8.3,755,60.8,39.2,38.6,0.4,,60.2,3,,260,6,"9,061",44.0,5.1,612
Montenegro,MNE,EUR,Upper-middle,2020,11.4,896,62.5,37.5,36.5,0.3,,62.3,5,,287,4,"7,847",54.3,7.1,608
Montenegro,MNE,EUR,Upper-middle,2021,10.6,"1,024",61.2,38.8,38.1,0.3,,60.6,5,,330,6,"9,706",44.8,6.5,604
Montenegro,MNE,EUR,Upper-middle,2022,10.2,"1,033",71.1,28.8,25.5,0.9,0.1,0.8,32,0,250,692,"10,136",42.3,7.2,615
Montenegro,MNE,EUR,Upper-middle,2023,9.7,"1,148",69.3,30.5,26.3,1.1,0.1,0.8,46,1,279,728,"11,887",40.3,6.7,634
Netherlands (Kingdom of the),NLD,EUR,High,2000,7.7,"2,028",68.9,31.0,11.0,17.7,0.1,64.3,438,0,242,104,"26,327",43.2,5.3,"15,864"
Netherlands (Kingdom of the),NLD,EUR,High,2001,8.0,"2,176",69.5,30.4,10.5,17.8,0.1,64.9,484,0,254,116,"27,055",44.1,5.6,"15,987"
Netherlands (Kingdom of the),NLD,EUR,High,2002,8.6,"2,545",69.8,30.0,9.8,18.3,0.1,65.1,544,0,264,132,"29,526",44.8,6.0,"16,105"
Netherlands (Kingdom of the),NLD,EUR,High,2003,9.0,"3,244",70.0,29.8,9.6,18.4,0.1,65.4,580,0,275,137,"35,969",45.8,6.3,"16,193"
Netherlands (Kingdom of the),NLD,EUR,High,2004,9.1,"3,689",68.5,31.4,10.0,19.7,0.1,64.0,636,0,295,136,"40,671",44.7,6.2,"16,258"
Netherlands (Kingdom of the),NLD,EUR,High,2005,9.1,"3,823",68.3,31.6,9.9,19.9,0.1,63.4,667,0,304,154,"42,202",43.4,6.2,"16,306"
Netherlands (Kingdom of the),NLD,EUR,High,2006,9.0,"4,080",66.0,34.0,8.3,6.4,0.0,29.7,257,0,271,168,"45,156",44.0,6.0,"16,334"
Netherlands (Kingdom of the),NLD,EUR,High,2007,9.0,"4,696",65.9,34.1,7.9,6.5,0.0,29.4,275,0,270,187,"52,176",43.3,5.9,"16,358"
Netherlands (Kingdom of the),NLD,EUR,High,2008,9.2,"5,382",67.6,32.4,9.9,6.1,0.0,25.6,271,0,363,193,"58,389",44.3,6.2,"16,405"
Netherlands (Kingdom of the),NLD,EUR,High,2009,9.9,"5,283",68.1,31.9,9.1,6.3,0.0,25.3,294,0,344,203,"53,316",48.4,6.7,"16,486"
Netherlands (Kingdom of the),NLD,EUR,High,2010,10.1,"5,192",68.4,31.6,9.1,6.1,0.0,25.3,295,0,356,201,"51,431",48.9,6.9,"16,575"
Netherlands (Kingdom of the),NLD,EUR,High,2011,10.1,"5,562",68.4,31.6,9.5,6.5,0.0,25.6,314,0,379,203,"54,824",47.8,6.9,"16,656"
Netherlands (Kingdom of the),NLD,EUR,High,2012,10.5,"5,285",68.5,31.5,10.1,6.5,0.0,27.4,321,0,415,208,"50,548",47.6,7.2,"16,730"
Netherlands (Kingdom of the),NLD,EUR,High,2013,10.5,"5,533",69.0,31.0,11.5,6.1,0.0,26.5,305,0,481,207,"52,680",47.5,7.2,"16,780"
Netherlands (Kingdom of the),NLD,EUR,High,2014,10.5,"5,602",67.8,32.2,11.6,6.1,0.0,26.2,309,0,489,212,"53,571",46.7,7.1,"16,829"
Netherlands (Kingdom of the),NLD,EUR,High,2015,10.2,"4,677",66.1,33.9,11.3,5.9,0.0,20.0,309,0,476,263,"45,900",45.3,6.7,"16,901"
Netherlands (Kingdom of the),NLD,EUR,High,2016,9.9,"4,644",66.1,33.9,11.3,5.9,0.0,20.0,308,0,474,261,"46,950",43.9,6.5,"16,979"
Netherlands (Kingdom of the),NLD,EUR,High,2017,9.9,"4,935",64.3,35.7,11.0,5.8,0.0,20.1,317,0,483,269,"49,658",42.8,6.4,"17,082"
Netherlands (Kingdom of the),NLD,EUR,High,2018,9.9,"5,331",65.7,34.2,10.8,5.6,0.0,20.4,321,0,487,288,"54,114",42.4,6.5,"17,181"
Netherlands (Kingdom of the),NLD,EUR,High,2019,9.9,"5,341",66.0,34.0,10.4,5.3,0.0,21.5,323,0,497,312,"53,749",42.1,6.6,"17,282"
Netherlands (Kingdom of the),NLD,EUR,High,2020,10.9,"5,866",68.9,31.0,9.3,4.3,0.0,21.9,296,0,477,566,"53,572",47.8,7.5,"17,408"
Netherlands (Kingdom of the),NLD,EUR,High,2021,11.1,"6,719",69.1,30.8,10.9,4.2,0.0,22.1,300,0,620,763,"60,340",45.9,7.7,"17,475"
Netherlands (Kingdom of the),NLD,EUR,High,2022,10.0,"5,968",67.7,32.3,11.9,4.1,0.0,23.2,298,0,676,567,"59,494",43.2,6.8,"17,591"
Netherlands (Kingdom of the),NLD,EUR,High,2023,9.8,"6,372",68.4,31.6,12.0,4.1,0.0,24.1,311,0,709,477,"64,811",43.2,6.7,"17,811"
Netherlands (Kingdom of the),NLD,EUR,High,2024,10.0,"6,845",,,11.8,3.8,,24.7,319,,745,508,"68,414",43.9,,"17,943"
North Macedonia,MKD,EUR,Upper-middle,2000,8.9,163,53.1,42.9,42.1,,3.9,52.6,422,0,"4,512",153,"1,834",32.0,4.7,"2,057"
North Macedonia,MKD,EUR,Upper-middle,2001,8.4,150,54.4,43.3,42.4,,2.4,53.7,242,0,"4,339",164,"1,795",37.4,4.6,"2,066"
North Macedonia,MKD,EUR,Upper-middle,2002,9.0,173,52.7,43.4,42.6,,3.9,52.0,435,0,"4,764",176,"1,926",38.2,4.7,"2,074"
North Macedonia,MKD,EUR,Upper-middle,2003,9.0,214,55.0,44.1,43.8,,0.9,54.1,83,23,"5,093",160,"2,379",36.0,5.0,"2,081"
North Macedonia,MKD,EUR,Upper-middle,2004,8.5,231,55.8,42.9,42.5,,1.3,55.0,87,65,"4,845",196,"2,725",34.1,4.7,"2,087"
North Macedonia,MKD,EUR,Upper-middle,2005,7.7,230,57.0,41.5,41.2,,1.5,56.1,100,67,"4,674",207,"2,993",32.5,4.4,"2,090"
North Macedonia,MKD,EUR,Upper-middle,2006,7.4,243,57.1,40.2,37.0,,2.7,58.9,241,75,"4,378",249,"3,286",31.5,4.2,"2,089"
North Macedonia,MKD,EUR,Upper-middle,2007,6.6,263,61.5,37.5,37.3,,1.0,59.4,28,89,"4,388",361,"4,007",31.4,4.0,"2,082"
North Macedonia,MKD,EUR,Upper-middle,2008,6.6,314,64.6,32.4,32.0,,3.0,63.0,248,145,"4,205",399,"4,786",33.8,4.2,"2,071"
North Macedonia,MKD,EUR,Upper-middle,2009,6.5,298,62.7,35.5,34.8,,1.8,61.1,130,113,"4,570",405,"4,563",33.6,4.1,"2,061"
North Macedonia,MKD,EUR,Upper-middle,2010,6.7,308,60.6,38.7,37.8,,0.7,58.4,32,67,"5,408",507,"4,589",32.5,4.1,"2,052"
North Macedonia,MKD,EUR,Upper-middle,2011,6.5,335,62.2,36.7,35.8,,1.1,59.6,87,74,"5,309",594,"5,141",31.9,4.1,"2,040"
North Macedonia,MKD,EUR,Upper-middle,2012,6.6,318,62.5,36.2,35.2,,1.3,60.4,35,157,"5,367",622,"4,807",33.3,4.1,"2,027"
North Macedonia,MKD,EUR,Upper-middle,2013,6.7,361,65.6,34.1,33.7,0.0,0.3,61.4,9,36,"5,646",807,"5,375",31.7,4.4,"2,013"
North Macedonia,MKD,EUR,Upper-middle,2014,6.3,358,63.9,35.3,35.0,0.0,0.8,59.1,18,116,"5,810",972,"5,686",31.7,4.0,"1,998"
North Macedonia,MKD,EUR,Upper-middle,2015,6.3,322,64.9,34.7,34.3,0.0,0.4,58.7,16,49,"6,133","1,236","5,081",32.2,4.1,"1,980"
North Macedonia,MKD,EUR,Upper-middle,2016,6.4,347,63.7,35.6,35.3,0.0,0.7,59.0,21,121,"6,833","1,070","5,446",31.1,4.1,"1,961"
North Macedonia,MKD,EUR,Upper-middle,2017,6.4,375,58.3,41.5,41.0,0.0,0.1,55.5,66,27,"8,416",641,"5,829",31.8,3.8,"1,941"
North Macedonia,MKD,EUR,Upper-middle,2018,6.5,427,58.2,41.8,41.2,0.1,0.0,54.3,92,0,"9,166",900,"6,606",30.3,3.8,"1,920"
North Macedonia,MKD,EUR,Upper-middle,2019,7.1,469,60.2,39.8,39.1,0.3,,55.9,137,,"10,083","1,164","6,644",31.4,4.3,"1,898"
North Macedonia,MKD,EUR,Upper-middle,2020,7.7,511,60.4,39.6,38.9,0.3,,55.3,159,,"10,746","1,452","6,606",36.4,4.7,"1,872"
North Macedonia,MKD,EUR,Upper-middle,2021,8.4,637,54.5,45.5,41.7,2.7,,48.2,957,,"13,847","2,395","7,563",35.3,4.6,"1,851"
North Macedonia,MKD,EUR,Upper-middle,2022,7.4,562,56.9,43.1,40.2,2.6,,51.3,923,,"13,236","1,864","7,568",35.0,4.2,"1,840"
North Macedonia,MKD,EUR,Upper-middle,2023,7.4,639,57.6,42.4,39.6,2.5,,51.8,"1,040",,"14,404","2,084","8,609",35.5,4.3,"1,832"
Norway,NOR,EUR,High,2000,7.7,"2,949",81.7,18.3,17.9,,0.0,0.0,98,0,"4,657","21,202","38,284",42.4,6.3,"4,478"
Norway,NOR,EUR,High,2001,8.0,"3,099",82.8,17.2,17.0,,0.0,0.0,68,0,"4,725","23,072","38,691",44.1,6.6,"4,503"
Norway,NOR,EUR,High,2002,9.0,"3,890",82.9,17.1,16.8,,0.0,0.0,90,0,"5,225","25,741","43,305",47.1,7.4,"4,524"
Norway,NOR,EUR,High,2003,9.2,"4,633",83.2,16.8,16.6,,0.0,0.0,77,0,"5,444","27,278","50,389",48.2,7.6,"4,552"
Norway,NOR,EUR,High,2004,8.8,"5,097",83.0,17.0,16.8,,0.0,0.0,76,0,"5,760","28,525","57,951",45.3,7.3,"4,577"
Norway,NOR,EUR,High,2005,8.3,"5,585",83.1,16.9,16.7,,0.0,0.0,84,0,"6,014","29,881","67,294",42.3,6.9,"4,606"
Norway,NOR,EUR,High,2006,7.9,"5,893",83.3,16.7,16.5,,0.0,0.0,78,0,"6,218","31,498","74,762",41.0,6.6,"4,640"
Norway,NOR,EUR,High,2007,8.0,"6,896",83.7,16.3,16.1,,0.0,0.0,92,0,"6,496","33,832","86,015",41.6,6.7,"4,681"
Norway,NOR,EUR,High,2008,7.9,"7,768",84.1,15.8,15.7,,0.1,0.0,68,0,"6,860","36,861","98,142",40.3,6.7,"4,737"
Norway,NOR,EUR,High,2009,9.0,"7,302",84.4,15.5,15.3,,0.1,0.0,118,0,"7,004","38,771","80,841",46.3,7.6,"4,799"
Norway,NOR,EUR,High,2010,8.9,"7,860",84.7,15.3,15.0,,0.1,0.0,105,0,"7,148","40,227","88,727",45.1,7.5,"4,858"
Norway,NOR,EUR,High,2011,8.7,"8,900",84.4,15.6,15.2,,0.0,0.0,183,0,"7,587","42,113","101,896",43.9,7.4,"4,920"
Norway,NOR,EUR,High,2012,8.7,"8,970",84.8,15.2,14.8,,0.0,0.0,232,0,"7,723","44,228","102,846",43.0,7.4,"4,986"
Norway,NOR,EUR,High,2013,8.9,"9,241",85.0,15.0,14.6,,0.0,0.0,208,0,"7,924","46,161","104,135",44.1,7.5,"5,051"
Norway,NOR,EUR,High,2014,9.3,"9,116",85.3,14.7,14.4,,0.0,0.0,191,0,"8,260","48,997","98,205",45.9,7.9,"5,109"
Norway,NOR,EUR,High,2015,10.1,"7,567",85.5,14.5,14.1,,0.0,0.0,209,0,"8,630","52,179","75,140",49.0,8.6,"5,166"
Norway,NOR,EUR,High,2016,10.5,"7,492",85.4,14.6,14.3,,0.0,0.0,220,0,"8,981","53,732","71,146",51.2,9.0,"5,214"
Norway,NOR,EUR,High,2017,10.2,"7,816",85.1,14.9,14.5,,0.0,0.0,238,0,"9,382","55,030","76,402",50.1,8.7,"5,258"
Norway,NOR,EUR,High,2018,10.0,"8,272",85.7,14.3,14.0,,0.0,0.0,221,0,"9,397","57,654","83,048",48.5,8.5,"5,296"
Norway,NOR,EUR,High,2019,10.4,"8,007",85.7,14.3,13.9,,0.0,0.0,257,0,"9,808","60,400","76,713",51.1,8.9,"5,328"
Norway,NOR,EUR,High,2020,11.4,"7,825",86.0,14.0,13.8,,0.0,0.0,181,0,"10,158","63,336","68,491",57.6,9.8,"5,368"
Norway,NOR,EUR,High,2021,9.8,"9,163",85.9,14.1,13.9,,0.0,0.0,194,0,"10,904","67,614","93,366",47.1,8.4,"5,391"
Norway,NOR,EUR,High,2022,7.9,"8,693",85.7,14.3,14.1,,0.0,0.0,206,0,"11,763","71,603","109,911",38.1,6.8,"5,425"
Norway,NOR,EUR,High,2023,9.4,"8,296",86.1,13.9,13.7,,0.0,0.0,181,0,"11,995","75,461","87,985",46.7,8.1,"5,489"
Poland,POL,EUR,High,2000,5.3,238,68.2,31.8,31.1,,,61.9,,,322,73,"4,520",42.9,3.6,"38,263"
Poland,POL,EUR,High,2001,5.6,283,70.3,29.7,29.0,,,63.8,,,336,84,"5,014",44.6,4.0,"38,254"
Poland,POL,EUR,High,2002,6.0,316,70.0,30.0,26.4,0.6,,63.3,40,,341,93,"5,222",45.1,4.2,"38,242"
Poland,POL,EUR,High,2003,5.9,339,68.6,31.4,27.6,0.6,0.0,62.7,43,,364,85,"5,719",45.5,4.1,"38,219"
Poland,POL,EUR,High,2004,5.8,392,67.5,32.5,29.4,0.6,0.0,59.3,40,,422,122,"6,710",43.3,3.9,"38,191"
Poland,POL,EUR,High,2005,5.8,466,68.5,31.5,27.7,0.6,0.0,61.5,54,,418,108,"8,042",44.1,4.0,"38,174"
Poland,POL,EUR,High,2006,5.8,524,69.0,31.0,27.1,0.6,,62.1,59,,441,117,"9,065",44.3,4.0,"38,157"
Poland,POL,EUR,High,2007,5.9,661,69.7,30.3,26.3,0.6,,63.5,66,,481,121,"11,271",42.8,4.1,"38,125"
Poland,POL,EUR,High,2008,6.4,893,71.2,28.8,24.4,0.6,,65.6,84,,525,129,"14,052",44.0,4.5,"38,116"
Poland,POL,EUR,High,2009,6.6,760,71.7,28.3,24.4,0.6,,66.1,95,,577,132,"11,561",44.9,4.7,"38,136"
Poland,POL,EUR,High,2010,6.4,809,71.4,28.6,23.7,0.7,,65.8,112,,579,143,"12,574",46.0,4.6,"38,023"
Poland,POL,EUR,High,2011,6.2,866,71.0,29.0,24.0,0.7,,64.5,133,,615,163,"13,868",44.1,4.4,"38,063"
Poland,POL,EUR,High,2012,6.2,815,69.8,30.2,24.3,0.8,,63.6,151,,644,170,"13,087",43.2,4.3,"38,064"
Poland,POL,EUR,High,2013,6.4,878,70.3,29.6,23.6,4.0,0.1,60.3,158,3,656,277,"13,614",43.2,4.5,"38,063"
Poland,POL,EUR,High,2014,6.4,911,69.9,30.0,22.7,4.5,0.0,60.6,200,1,654,268,"14,260",42.7,4.5,"38,018"
Poland,POL,EUR,High,2015,6.4,804,69.3,30.6,23.0,5.0,0.0,59.9,219,1,698,287,"12,631",41.5,4.4,"38,006"
Poland,POL,EUR,High,2016,6.5,816,68.6,31.3,22.7,5.4,0.0,58.9,263,1,732,311,"12,465",41.1,4.5,"37,967"
Poland,POL,EUR,High,2017,6.5,910,68.8,31.1,22.7,5.6,0.0,58.5,274,1,782,356,"13,914",41.1,4.5,"37,973"
Poland,POL,EUR,High,2018,6.3,979,71.1,28.9,20.4,6.1,0.1,61.1,286,2,722,352,"15,657",41.0,4.4,"37,977"
Poland,POL,EUR,High,2019,6.4,"1,014",71.4,28.6,20.1,6.2,0.1,61.4,317,2,782,387,"15,871",41.4,4.6,"37,973"
Poland,POL,EUR,High,2020,6.4,"1,026",71.9,28.0,19.5,5.9,0.1,62.0,328,2,782,394,"15,963",47.7,4.6,"37,958"
Poland,POL,EUR,High,2021,6.4,"1,183",72.1,27.8,19.8,5.8,0.1,57.0,351,2,907,692,"18,589",43.6,4.6,"37,073"
Poland,POL,EUR,High,2022,6.5,"1,219",73.8,26.1,18.4,5.3,0.1,61.5,396,3,"1,002",677,"18,856",43.2,4.8,"36,890"
Poland,POL,EUR,High,2023,7.1,"1,578",77.1,22.8,15.8,4.8,0.1,66.3,437,3,"1,051",728,"22,105",46.9,5.5,"36,754"
Poland,POL,EUR,High,2024,8.1,"2,014",,,16.2,4.2,,60.1,463,,"1,299","1,412","24,977",49.4,,"36,621"
Portugal,PRT,EUR,High,2000,8.6,995,69.7,30.2,25.7,3.6,0.0,1.5,49,0,277,735,"11,572",42.7,6.0,"10,249"
Portugal,PRT,EUR,High,2001,8.6,"1,016",70.2,29.8,25.1,3.8,0.0,1.6,53,0,285,778,"11,771",44.1,6.1,"10,331"
Portugal,PRT,EUR,High,2002,8.8,"1,139",72.0,28.0,23.2,3.9,0.0,1.7,58,1,279,847,"12,968",43.7,6.3,"10,395"
Portugal,PRT,EUR,High,2003,9.1,"1,443",70.6,29.4,23.7,4.8,0.0,1.7,72,1,302,880,"15,819",45.4,6.4,"10,445"
Portugal,PRT,EUR,High,2004,9.5,"1,724",70.6,29.4,23.5,5.0,0.0,1.7,82,1,326,955,"18,083",46.3,6.7,"10,473"
Portugal,PRT,EUR,High,2005,9.7,"1,814",70.9,29.1,23.7,4.5,0.0,1.6,78,1,345,"1,011","18,796",46.8,6.8,"10,495"
Portugal,PRT,EUR,High,2006,9.4,"1,858",63.4,36.5,25.5,10.1,0.0,1.7,163,1,378,914,"19,859",45.2,5.9,"10,512"
Portugal,PRT,EUR,High,2007,9.3,"2,113",62.7,37.2,25.9,10.5,0.0,1.7,175,1,399,941,"22,834",44.5,5.8,"10,533"
Portugal,PRT,EUR,High,2008,9.6,"2,392",62.5,37.5,26.4,10.1,0.0,1.8,180,1,429,988,"24,960",45.5,6.0,"10,553"
Portugal,PRT,EUR,High,2009,10.1,"2,347",63.8,36.1,25.1,10.1,0.1,1.9,186,1,422,"1,041","23,163",50.3,6.5,"10,563"
Portugal,PRT,EUR,High,2010,10.0,"2,259",66.5,33.4,24.7,7.8,0.0,1.9,149,1,421,"1,103","22,551",51.9,6.7,"10,573"
Portugal,PRT,EUR,High,2011,9.7,"2,256",64.5,35.4,26.7,7.8,0.1,2.0,142,1,432,"1,014","23,213",50.0,6.3,"10,573"
Portugal,PRT,EUR,High,2012,9.6,"1,977",61.3,38.7,29.6,8.1,0.1,2.1,140,1,455,911,"20,507",48.8,5.9,"10,559"
Portugal,PRT,EUR,High,2013,9.4,"2,027",62.3,37.7,28.8,8.0,0.1,2.2,135,1,440,919,"21,580",50.0,5.9,"10,504"
Portugal,PRT,EUR,High,2014,9.3,"2,057",61.7,38.2,29.3,8.0,0.1,2.3,137,1,454,921,"22,030",51.7,5.8,"10,444"
Portugal,PRT,EUR,High,2015,9.3,"1,787",61.7,38.3,29.5,7.8,0.1,2.3,141,1,476,957,"19,147",48.3,5.8,"10,395"
Portugal,PRT,EUR,High,2016,9.4,"1,870",61.6,38.3,29.4,8.0,0.1,2.4,150,2,497,"1,002","19,897",44.9,5.8,"10,369"
Portugal,PRT,EUR,High,2017,9.3,"1,991",61.1,38.8,29.7,8.2,0.1,2.4,160,2,523,"1,037","21,351",45.5,5.7,"10,344"
Portugal,PRT,EUR,High,2018,9.4,"2,207",61.2,38.8,29.9,8.0,0.1,2.4,165,1,559,"1,100","23,423",43.3,5.8,"10,336"
Portugal,PRT,EUR,High,2019,9.5,"2,210",60.8,39.2,30.6,7.6,0.1,2.4,169,1,604,"1,154","23,237",42.5,5.8,"10,333"
Portugal,PRT,EUR,High,2020,10.5,"2,328",64.2,35.7,28.0,6.8,0.1,2.4,157,2,571,"1,262","22,131",49.1,6.8,"10,375"
Portugal,PRT,EUR,High,2021,11.2,"2,764",62.4,37.5,29.1,7.4,0.1,2.4,195,2,680,"1,405","24,634",47.3,7.0,"10,394"
Portugal,PRT,EUR,High,2022,10.5,"2,601",62.3,37.6,29.1,7.5,0.1,2.6,209,2,720,"1,477","24,652",43.9,6.6,"10,421"
Portugal,PRT,EUR,High,2023,10.0,"2,762",61.4,38.5,29.3,8.2,0.1,2.7,235,2,749,"1,503","27,547",42.3,6.2,"10,517"
Portugal,PRT,EUR,High,2024,10.2,"2,971",,,28.2,8.6,,2.7,264,,774,"1,632","29,012",42.8,,"10,640"
Republic of Moldova,MDA,EUR,Upper-middle,2000,5.9,21,49.0,47.2,47.2,,3.9,0.0,10,,125,130,361,34.0,2.9,"3,644"
Republic of Moldova,MDA,EUR,Upper-middle,2001,6.2,25,46.0,51.9,51.9,,2.1,0.0,7,,170,150,407,29.5,2.9,"3,635"
Republic of Moldova,MDA,EUR,Upper-middle,2002,7.4,34,47.9,48.0,46.5,1.5,4.1,0.0,26,,214,221,458,30.7,3.5,"3,628"
Republic of Moldova,MDA,EUR,Upper-middle,2003,7.0,38,45.8,49.9,48.3,1.6,4.3,0.6,26,5,259,247,547,33.5,3.2,"3,618"
Republic of Moldova,MDA,EUR,Upper-middle,2004,9.0,65,59.2,38.6,38.2,0.4,2.3,34.0,17,4,304,204,720,34.8,5.3,"3,607"
Republic of Moldova,MDA,EUR,Upper-middle,2005,9.6,79,52.7,42.9,42.8,0.1,4.4,35.6,38,7,427,178,830,37.1,5.0,"3,600"
Republic of Moldova,MDA,EUR,Upper-middle,2006,10.5,100,49.3,46.6,46.5,0.1,4.2,33.0,42,15,611,228,949,40.3,5.2,"3,590"
Republic of Moldova,MDA,EUR,Upper-middle,2007,11.0,135,51.1,45.2,45.1,0.1,3.7,34.6,21,42,742,313,"1,229",42.7,5.6,"3,581"
Republic of Moldova,MDA,EUR,Upper-middle,2008,10.9,186,48.2,48.5,48.4,0.1,3.3,39.0,13,52,934,229,"1,695",41.5,5.3,"3,573"
Republic of Moldova,MDA,EUR,Upper-middle,2009,13.7,209,42.6,46.5,45.6,0.2,10.8,34.8,157,116,"1,056",297,"1,525",45.3,5.8,"3,568"
Republic of Moldova,MDA,EUR,Upper-middle,2010,10.1,198,45.9,42.2,40.4,0.0,12.0,39.2,223,113,992,277,"1,957",34.1,4.6,"3,564"
Republic of Moldova,MDA,EUR,Upper-middle,2011,9.1,215,46.7,46.0,44.8,0.2,7.3,40.5,121,95,"1,130",251,"2,363",32.6,4.2,"3,560"
Republic of Moldova,MDA,EUR,Upper-middle,2012,9.1,224,48.5,43.4,42.2,0.2,8.0,40.1,112,138,"1,143",366,"2,447",33.7,4.4,"3,560"
Republic of Moldova,MDA,EUR,Upper-middle,2013,8.7,232,46.7,43.4,42.6,0.2,9.9,39.8,191,122,"1,241",322,"2,668",32.4,4.1,"3,559"
Republic of Moldova,MDA,EUR,Upper-middle,2014,8.7,231,49.3,39.3,38.3,0.2,11.4,40.0,214,185,"1,242",486,"2,643",33.8,4.3,"3,558"
Republic of Moldova,MDA,EUR,Upper-middle,2015,8.5,186,45.5,47.2,46.2,0.2,7.3,40.0,164,126,"1,620",320,"2,193",31.7,3.9,"3,555"
Republic of Moldova,MDA,EUR,Upper-middle,2016,7.6,171,48.8,47.5,46.3,0.2,3.7,46.7,77,91,"1,579",162,"2,246",30.5,3.7,"3,553"
Republic of Moldova,MDA,EUR,Upper-middle,2017,7.1,244,50.6,44.7,43.6,0.2,4.7,49.8,173,83,"1,969",125,"3,422",31.0,3.6,"2,780"
Republic of Moldova,MDA,EUR,Upper-middle,2018,6.7,276,56.5,40.8,40.0,0.1,2.7,53.0,155,48,"1,859",167,"4,122",31.5,3.8,"2,730"
Republic of Moldova,MDA,EUR,Upper-middle,2019,6.5,284,59.7,36.9,35.7,0.2,3.4,55.5,197,34,"1,781",243,"4,371",32.0,3.9,"2,685"
Republic of Moldova,MDA,EUR,Upper-middle,2020,7.0,305,64.8,32.1,30.9,0.1,3.1,60.3,192,34,"1,637",272,"4,361",36.7,4.5,"2,644"
Republic of Moldova,MDA,EUR,Upper-middle,2021,7.7,404,65.3,31.3,29.4,0.2,3.5,61.6,289,78,"2,101",356,"5,212",34.6,5.1,"2,627"
Republic of Moldova,MDA,EUR,Upper-middle,2022,7.0,394,64.8,32.6,31.7,0.3,2.6,62.7,173,86,"2,364",243,"5,663",36.6,4.5,"2,565"
Republic of Moldova,MDA,EUR,Upper-middle,2023,6.7,452,69.6,28.3,27.5,0.3,2.1,67.1,156,87,"2,254",288,"6,706",38.8,4.7,"2,492"
Romania,ROU,EUR,High,2000,4.2,70,79.3,20.7,19.4,,0.0,69.4,,0,29,17,"1,661",38.5,3.3,"22,455"
Romania,ROU,EUR,High,2001,4.4,79,79.8,20.2,18.9,,0.0,67.3,,0,43,32,"1,801",36.3,3.5,"22,430"
Romania,ROU,EUR,High,2002,4.6,97,80.4,19.6,17.8,,0.0,68.0,,0,57,45,"2,110",34.9,3.7,"21,833"
Romania,ROU,EUR,High,2003,5.4,144,83.1,16.9,15.1,0.1,0.0,71.0,2,0,72,64,"2,672",34.3,4.5,"21,628"
Romania,ROU,EUR,High,2004,5.5,191,73.8,25.7,24.3,0.1,0.5,62.3,5,0,151,75,"3,483",33.8,4.0,"21,521"
Romania,ROU,EUR,High,2005,5.5,255,79.8,19.8,18.5,0.1,0.4,67.9,5,0,137,93,"4,605",33.5,4.4,"21,382"
Romania,ROU,EUR,High,2006,5.1,291,79.3,20.5,20.0,0.1,0.2,69.5,3,0,163,82,"5,739",35.6,4.0,"21,257"
Romania,ROU,EUR,High,2007,5.0,415,81.5,18.4,17.6,0.1,0.2,70.7,5,0,178,112,"8,265",37.5,4.1,"21,131"
Romania,ROU,EUR,High,2008,5.0,521,81.1,18.9,18.2,0.1,0.0,70.6,5,0,239,142,"10,379",37.7,4.1,"20,635"
Romania,ROU,EUR,High,2009,5.3,449,78.7,21.3,20.8,0.1,0.0,64.3,6,0,285,198,"8,514",39.7,4.2,"20,440"
Romania,ROU,EUR,High,2010,5.6,472,79.9,20.0,19.6,0.1,0.1,65.6,6,0,295,215,"8,374",39.4,4.5,"20,295"
Romania,ROU,EUR,High,2011,4.5,427,75.0,25.0,24.3,0.2,0.0,65.4,6,0,316,128,"9,533",37.9,3.4,"20,199"
Romania,ROU,EUR,High,2012,4.5,402,76.9,23.1,22.4,0.2,0.0,66.9,9,0,313,139,"8,907",36.1,3.5,"20,096"
Romania,ROU,EUR,High,2013,5.2,495,79.0,20.8,20.2,0.2,0.2,66.4,8,4,333,213,"9,480",35.8,4.1,"20,020"
Romania,ROU,EUR,High,2014,5.0,503,78.9,21.1,20.3,0.2,0.0,65.8,12,1,342,223,"10,012",35.5,4.0,"19,947"
Romania,ROU,EUR,High,2015,4.9,442,77.9,22.1,21.3,0.3,,64.5,12,,377,239,"8,947",35.9,3.9,"19,871"
Romania,ROU,EUR,High,2016,5.1,476,78.2,21.8,20.8,0.5,,65.2,18,,401,253,"9,375",34.8,4.0,"19,761"
Romania,ROU,EUR,High,2017,5.2,555,78.6,21.4,20.5,0.5,,63.2,19,,461,348,"10,698",33.6,4.1,"19,644"
Romania,ROU,EUR,High,2018,5.5,687,79.7,20.3,19.5,0.5,,63.7,22,,527,434,"12,461",34.3,4.4,"19,533"
Romania,ROU,EUR,High,2019,5.7,739,80.1,19.9,18.9,0.4,,65.0,21,,591,483,"12,959",36.1,4.6,"19,414"
Romania,ROU,EUR,High,2020,6.2,810,80.1,19.8,19.0,0.5,0.2,62.7,24,,654,603,"13,038",41.5,5.0,"19,329"
Romania,ROU,EUR,High,2021,6.5,963,75.6,21.8,20.9,0.5,2.6,60.1,29,0,839,730,"14,925",39.8,4.9,"19,202"
Romania,ROU,EUR,High,2022,5.8,902,77.7,22.3,21.4,0.6,0.0,61.1,34,,906,707,"15,561",40.7,4.5,"19,042"
Romania,ROU,EUR,High,2023,5.7,"1,051",75.9,24.1,23.0,0.6,0.0,61.9,38,,"1,104",690,"18,409",40.6,4.3,"19,055"
Russian Federation,RUS,EUR,High,2000,5.0,95,59.4,40.4,30.2,3.3,0.2,24.4,274,,809,937,"1,897",30.7,3.0,"146,718"
Russian Federation,RUS,EUR,High,2001,5.2,118,58.0,41.8,30.8,4.7,0.2,23.4,377,,"1,059","1,190","2,248",31.5,3.0,"146,117"
Russian Federation,RUS,EUR,High,2002,5.5,140,58.3,41.5,31.2,4.2,0.2,24.1,452,,"1,370","1,500","2,537",33.8,3.2,"145,940"
Russian Federation,RUS,EUR,High,2003,5.2,163,58.1,41.8,33.3,4.3,0.2,23.6,425,,"1,668","1,730","3,163",32.6,3.0,"145,794"
Russian Federation,RUS,EUR,High,2004,4.8,208,58.8,41.1,33.8,3.6,0.1,23.9,437,,"2,022","2,088","4,361",29.6,2.8,"145,180"
Russian Federation,RUS,EUR,High,2005,4.8,270,61.1,38.8,31.9,3.2,0.1,26.5,521,,"2,440","2,644","5,661",29.5,2.9,"144,598"
Russian Federation,RUS,EUR,High,2006,4.8,351,61.7,38.2,31.1,3.9,0.1,27.8,674,,"2,969","3,238","7,360",29.0,2.9,"144,103"
Russian Federation,RUS,EUR,High,2007,4.7,460,62.1,37.9,31.4,3.6,0.1,27.2,756,,"3,697","4,097","9,680",31.9,2.9,"143,860"
Russian Federation,RUS,EUR,High,2008,4.9,607,62.6,37.3,31.5,3.3,0.1,23.7,871,,"4,758","5,878","12,374",32.0,3.1,"143,812"
Russian Federation,RUS,EUR,High,2009,5.6,514,62.1,37.9,34.6,2.8,,25.5,547,,"5,641","5,966","9,106",38.6,3.5,"143,869"
Russian Federation,RUS,EUR,High,2010,5.0,564,61.4,38.6,35.3,2.7,,23.7,565,,"6,054","6,452","11,352",35.5,3.1,"143,934"
Russian Federation,RUS,EUR,High,2011,4.8,681,62.7,37.3,34.2,2.6,,31.4,631,,"6,843","6,261","14,203",33.3,3.0,"144,044"
Russian Federation,RUS,EUR,High,2012,4.9,755,63.7,36.3,33.4,2.5,,30.7,675,,"7,781","7,693","15,304",34.0,3.1,"144,291"
Russian Federation,RUS,EUR,High,2013,5.1,806,62.4,37.6,34.8,2.4,,33.9,715,,"8,933","7,312","15,853",34.7,3.2,"144,604"
Russian Federation,RUS,EUR,High,2014,5.2,736,61.8,38.2,35.8,2.1,,34.0,675,,"10,124","7,857","14,209",34.9,3.2,"144,926"
Russian Federation,RUS,EUR,High,2015,5.3,497,58.7,41.3,38.6,2.3,,35.9,798,,"11,703","6,923","9,383",35.3,3.1,"145,308"
Russian Federation,RUS,EUR,High,2016,5.3,463,57.0,43.0,40.5,2.3,,35.7,797,,"12,577","6,610","8,758",36.6,3.0,"145,779"
Russian Federation,RUS,EUR,High,2017,5.4,577,57.1,42.9,40.5,2.2,,36.0,814,,"13,633","7,110","10,768",34.8,3.1,"146,187"
Russian Federation,RUS,EUR,High,2018,5.4,606,59.5,40.5,38.3,2.0,,37.3,848,,"14,552","8,408","11,318",32.6,3.2,"146,430"
Russian Federation,RUS,EUR,High,2019,5.6,650,61.2,38.8,36.6,2.0,,37.2,958,,"15,401","10,080","11,516",33.9,3.5,"146,533"
Russian Federation,RUS,EUR,High,2020,8.0,815,73.6,26.4,24.9,1.4,,27.4,905,,"14,623","27,107","10,135",39.4,5.9,"146,371"
Russian Federation,RUS,EUR,High,2021,7.0,882,69.6,30.4,28.7,1.5,,27.1,"1,105",,"18,663","27,557","12,543",34.9,4.9,"145,836"
Russian Federation,RUS,EUR,High,2022,6.9,"1,083",70.8,29.2,27.6,1.5,,25.9,"1,226",,"20,457","33,260","15,741",35.4,4.9,"145,580"
Russian Federation,RUS,EUR,High,2023,7.0,"1,003",70.0,30.0,28.4,1.4,,25.6,"1,335",,"24,262","37,944","14,243",36.1,4.9,"145,441"
San Marino,SMR,EUR,High,2000,5.8,"2,176",74.4,25.6,25.6,,,0.0,,,603,"1,753","37,601",21.8,4.3,27
San Marino,SMR,EUR,High,2001,5.6,"2,202",75.6,24.4,24.4,,,0.0,,,600,"1,859","39,035",21.6,4.3,27
San Marino,SMR,EUR,High,2002,5.4,"2,253",74.8,25.2,25.2,,,0.0,,,600,"1,783","41,792",20.5,4.0,27
San Marino,SMR,EUR,High,2003,4.8,"2,507",76.2,23.8,23.8,,,0.0,,,527,"1,689","52,529",18.4,3.6,28
San Marino,SMR,EUR,High,2004,4.9,"2,959",77.0,23.0,23.0,,,0.0,,,547,"1,832","60,822",19.0,3.7,28
San Marino,SMR,EUR,High,2005,4.9,"3,056",78.1,21.9,21.9,,,0.0,,,537,"1,919","62,528",19.4,3.8,29
San Marino,SMR,EUR,High,2006,4.9,"3,242",78.9,21.1,21.1,,,0.0,,,545,"2,037","65,985",19.7,3.9,29
San Marino,SMR,EUR,High,2007,5.1,"3,805",80.0,20.0,20.0,,,0.0,,,556,"2,220","74,659",20.7,4.1,29
San Marino,SMR,EUR,High,2008,5.4,"4,378",80.3,19.7,19.7,,,0.0,,,586,"2,390","80,912",22.0,4.3,30
San Marino,SMR,EUR,High,2009,6.2,"4,243",80.9,19.1,19.1,,,0.0,,,582,"2,459","68,603",24.9,5.0,30
San Marino,SMR,EUR,High,2010,6.2,"3,814",86.3,13.7,13.7,,,0.0,,,395,"2,482","61,430",24.4,5.4,31
San Marino,SMR,EUR,High,2011,8.1,"4,550",88.8,11.2,11.2,,,0.0,,,368,"2,901","56,381",25.4,7.2,32
San Marino,SMR,EUR,High,2012,9.0,"4,310",88.7,11.3,11.3,,,0.0,,,380,"2,974","47,949",30.6,8.0,33
San Marino,SMR,EUR,High,2013,8.2,"4,113",89.1,10.9,10.9,,,0.0,,,339,"2,758","49,933",30.1,7.3,34
San Marino,SMR,EUR,High,2014,8.3,"4,120",88.0,12.0,12.0,,,0.0,,,371,"2,730","49,633",23.7,7.3,34
San Marino,SMR,EUR,High,2015,8.4,"3,530",86.4,13.6,13.6,,,0.0,,,433,"2,749","41,859",26.3,7.3,34
San Marino,SMR,EUR,High,2016,8.4,"3,621",87.6,12.4,12.4,,,0.0,,,405,"2,867","42,998",23.4,7.4,34
San Marino,SMR,EUR,High,2017,8.3,"3,672",87.6,12.4,12.4,,,0.0,,,403,"2,848","44,460",25.6,7.2,34
San Marino,SMR,EUR,High,2018,8.3,"3,969",88.9,11.1,11.1,,,0.0,,,374,"2,988","47,952",24.5,7.4,35
San Marino,SMR,EUR,High,2019,8.1,"3,801",88.8,11.2,11.2,,,0.0,,,381,"3,014","46,652",22.4,7.2,35
San Marino,SMR,EUR,High,2020,8.5,"3,759",89.7,10.3,10.3,,,0.0,,,338,"2,960","44,316",59.2,7.6,35
San Marino,SMR,EUR,High,2021,7.5,"4,033",88.1,11.9,11.9,,,0.0,,,404,"3,005","53,684",37.1,6.6,35
San Marino,SMR,EUR,High,2022,7.2,"3,875",88.6,11.4,11.4,,,0.0,,,421,"3,263","53,645",21.7,6.4,34
San Marino,SMR,EUR,High,2023,6.6,"3,924",86.9,13.1,13.1,,,0.0,,,475,"3,153","59,373",21.9,5.7,34
Serbia,SRB,EUR,Upper-middle,2000,5.8,57,65.4,34.6,29.6,,,60.5,178,,"1,057",174,973,28.0,3.8,"7,528"
Serbia,SRB,EUR,Upper-middle,2001,6.2,112,66.8,33.2,28.5,,,61.8,351,,"2,139",374,"1,812",30.5,4.1,"7,505"
Serbia,SRB,EUR,Upper-middle,2002,7.2,173,72.2,27.8,23.8,,,66.8,446,,"2,659",601,"2,390",38.6,5.2,"7,502"
Serbia,SRB,EUR,Upper-middle,2003,7.3,230,69.9,28.9,25.0,,1.2,64.7,681,3,"3,310",691,"3,149",37.6,5.1,"7,491"
Serbia,SRB,EUR,Upper-middle,2004,7.6,274,67.9,31.0,27.3,,1.1,62.9,761,16,"4,373",808,"3,594",37.8,5.2,"7,470"
Serbia,SRB,EUR,Upper-middle,2005,8.1,308,65.5,33.8,29.8,0.5,0.8,60.9,966,3,"6,118",931,"3,800",38.9,5.3,"7,456"
Serbia,SRB,EUR,Upper-middle,2006,8.3,372,62.5,36.8,32.8,0.7,0.7,58.4,"1,118",45,"8,193","1,056","4,484",41.3,5.2,"7,425"
Serbia,SRB,EUR,Upper-middle,2007,9.0,547,61.0,38.4,34.7,0.7,0.6,57.1,"1,317",48,"11,103","1,288","6,068",40.6,5.5,"7,398"
Serbia,SRB,EUR,Upper-middle,2008,9.1,672,61.9,37.9,35.1,0.8,0.2,57.3,"1,073",41,"13,160","1,762","7,361",43.7,5.6,"7,366"
Serbia,SRB,EUR,Upper-middle,2009,9.0,575,61.7,38.0,35.2,0.7,0.3,57.8,"1,178",60,"13,676","1,544","6,399",41.1,5.5,"7,335"
Serbia,SRB,EUR,Upper-middle,2010,9.2,545,61.0,38.1,36.4,0.3,0.9,58.2,753,346,"15,429","1,517","5,959",41.2,5.6,"7,307"
Serbia,SRB,EUR,Upper-middle,2011,8.8,619,61.1,38.1,36.4,0.3,0.8,58.2,808,315,"16,528","1,623","7,065",40.0,5.4,"7,252"
Serbia,SRB,EUR,Upper-middle,2012,9.0,560,62.1,37.1,35.4,0.3,0.8,58.5,"1,025",183,"17,449","1,969","6,251",43.3,5.6,"7,217"
Serbia,SRB,EUR,Upper-middle,2013,8.9,628,59.9,39.5,37.9,0.3,0.7,56.5,902,313,"20,236","2,082","7,026",40.6,5.3,"7,182"
Serbia,SRB,EUR,Upper-middle,2014,8.9,609,58.3,41.2,39.9,0.3,0.6,55.2,721,247,"21,501","1,899","6,872",42.9,5.2,"7,147"
Serbia,SRB,EUR,Upper-middle,2015,8.5,491,57.7,41.9,40.6,0.4,0.4,54.5,738,185,"21,696","1,888","5,805",41.0,4.9,"7,114"
Serbia,SRB,EUR,Upper-middle,2016,8.2,486,57.6,42.0,40.5,0.6,0.4,48.9,856,209,"21,897","4,897","5,967",40.3,4.7,"7,076"
Serbia,SRB,EUR,Upper-middle,2017,7.9,516,57.5,42.3,40.6,0.7,0.2,54.2,973,73,"22,590","1,913","6,530",38.5,4.5,"7,040"
Serbia,SRB,EUR,Upper-middle,2018,8.2,617,59.4,39.9,38.3,0.8,0.7,56.2,"1,041",394,"23,683","2,377","7,540",39.0,4.9,"7,001"
Serbia,SRB,EUR,Upper-middle,2019,8.3,641,58.3,40.0,37.0,0.8,1.6,57.4,"1,100","1,086","24,987","2,638","7,735",40.2,4.8,"6,964"
Serbia,SRB,EUR,Upper-middle,2020,8.3,670,61.0,38.3,36.0,0.8,0.8,57.9,"1,108",511,"24,898","3,088","8,066",46.0,5.1,"6,927"
Serbia,SRB,EUR,Upper-middle,2021,9.2,889,65.4,34.6,32.9,0.5,0.0,61.8,687,0,"29,098","3,981","9,628",44.4,6.0,"6,872"
Serbia,SRB,EUR,Upper-middle,2022,8.6,844,67.3,32.7,30.8,0.8,0.0,64.1,970,0,"29,011","3,801","9,827",41.4,5.8,"6,797"
Serbia,SRB,EUR,Upper-middle,2023,8.0,984,65.5,34.5,32.1,1.2,0.0,63.0,"1,518",0,"34,271","3,623","12,248",40.6,5.3,"6,641"
Slovakia,SVK,EUR,High,2000,5.3,204,87.5,12.5,10.8,,,80.6,,,34,27,"3,834",53.2,4.6,"5,399"
Slovakia,SVK,EUR,High,2001,5.3,212,88.1,11.9,10.9,,,80.6,,,37,29,"3,974",46.2,4.7,"5,379"
Slovakia,SVK,EUR,High,2002,5.5,254,87.9,12.1,11.0,,,80.3,,,42,33,"4,605",46.0,4.9,"5,379"
Slovakia,SVK,EUR,High,2003,5.5,344,87.0,13.0,12.2,,,79.4,,,51,35,"6,281",40.0,4.8,"5,375"
Slovakia,SVK,EUR,High,2004,6.4,512,78.7,21.3,21.2,,,71.4,,,116,41,"7,997",38.4,5.0,"5,372"
Slovakia,SVK,EUR,High,2005,6.6,601,75.1,24.9,23.6,,,67.7,7,,146,47,"9,089",39.1,5.0,"5,373"
Slovakia,SVK,EUR,High,2006,6.9,729,69.7,30.3,26.6,,,63.6,25,,191,46,"10,639",38.2,4.8,"5,373"
Slovakia,SVK,EUR,High,2007,7.2,"1,029",68.7,31.3,27.4,,,63.0,28,,231,53,"14,345",35.9,4.9,"5,373"
Slovakia,SVK,EUR,High,2008,7.0,"1,252",74.7,25.3,21.0,,,68.7,32,,187,59,"17,984",36.5,5.2,"5,376"
Slovakia,SVK,EUR,High,2009,8.0,"1,320",71.6,28.4,22.4,,,66.4,39,,212,67,"16,599",43.2,5.7,"5,382"
Slovakia,SVK,EUR,High,2010,7.7,"1,297",71.0,29.0,22.8,,,65.1,52,,223,66,"16,903",41.0,5.4,"5,390"
Slovakia,SVK,EUR,High,2011,7.3,"1,352",72.1,27.9,23.6,,,66.5,26,,229,70,"18,490",40.8,5.3,"5,392"
Slovakia,SVK,EUR,High,2012,7.5,"1,319",71.1,28.9,23.2,,,65.4,47,,239,70,"17,528",40.0,5.4,"5,404"
Slovakia,SVK,EUR,High,2013,7.5,"1,370",73.3,26.7,23.3,,,67.6,26,,241,69,"18,321",41.1,5.5,"5,411"
Slovakia,SVK,EUR,High,2014,6.9,"1,289",79.3,20.7,18.0,,,76.2,17,,175,39,"18,780",42.0,5.4,"5,416"
Slovakia,SVK,EUR,High,2015,6.7,"1,109",78.7,21.3,18.4,,,75.4,18,,184,43,"16,450",44.1,5.3,"5,421"
Slovakia,SVK,EUR,High,2016,7.1,"1,176",80.0,20.0,17.9,,,76.4,15,,190,46,"16,650",40.9,5.6,"5,426"
Slovakia,SVK,EUR,High,2017,6.7,"1,189",79.0,21.0,18.7,,,77.5,14,,197,25,"17,658",39.8,5.3,"5,435"
Slovakia,SVK,EUR,High,2018,6.6,"1,300",79.2,20.8,18.9,,,77.8,11,,208,25,"19,586",39.7,5.3,"5,443"
Slovakia,SVK,EUR,High,2019,6.9,"1,342",78.8,21.2,19.2,,,77.4,13,,230,29,"19,419",40.6,5.4,"5,450"
Slovakia,SVK,EUR,High,2020,7.1,"1,394",80.3,19.7,18.8,,,75.7,12,,229,55,"19,739",44.5,5.7,"5,458"
Slovakia,SVK,EUR,High,2021,7.6,"1,685",79.7,20.3,19.4,,,70.3,12,,276,135,"22,082",44.9,6.1,"5,460"
Slovakia,SVK,EUR,High,2022,7.7,"1,642",79.9,20.1,19.3,,,69.7,13,,300,159,"21,323",43.0,6.2,"5,435"
Slovakia,SVK,EUR,High,2023,7.4,"1,813",78.9,21.1,20.2,,,75.0,15,,338,67,"24,664",48.0,5.8,"5,429"
Slovenia,SVN,EUR,High,2000,7.9,797,71.4,28.6,13.3,13.0,,69.9,102,,98,23,"10,142",47.8,5.6,"1,988"
Slovenia,SVN,EUR,High,2001,8.0,826,70.6,29.4,12.9,14.7,,68.5,131,,108,25,"10,386",49.2,5.6,"1,990"
Slovenia,SVN,EUR,High,2002,8.1,945,72.4,27.6,12.6,13.3,,70.3,133,,119,29,"11,642",47.8,5.9,"1,994"
Slovenia,SVN,EUR,High,2003,8.2,"1,203",72.0,28.0,12.5,13.9,,69.9,153,,130,31,"14,717",47.6,5.9,"1,995"
Slovenia,SVN,EUR,High,2004,8.0,"1,369",72.0,28.0,12.2,13.5,,70.3,158,,134,35,"17,109",46.9,5.8,"1,996"
Slovenia,SVN,EUR,High,2005,8.1,"1,449",72.2,27.8,13.0,12.6,,70.1,157,,152,40,"17,995",46.7,5.8,"1,998"
Slovenia,SVN,EUR,High,2006,7.9,"1,542",71.7,28.3,12.3,13.6,,69.7,180,,151,42,"19,596",45.7,5.6,"2,003"
Slovenia,SVN,EUR,High,2007,7.5,"1,796",70.2,29.8,13.6,13.9,,68.2,194,,179,43,"23,817",43.5,5.3,"2,010"
Slovenia,SVN,EUR,High,2008,7.9,"2,179",72.2,27.8,12.6,12.9,,70.5,204,,187,46,"27,613",45.2,5.7,"2,010"
Slovenia,SVN,EUR,High,2009,8.6,"2,125",72.0,28.0,12.8,13.2,,69.9,216,,195,49,"24,590",50.0,6.2,"2,032"
Slovenia,SVN,EUR,High,2010,8.6,"2,017",72.4,27.6,12.6,13.0,,69.7,212,,192,57,"23,348",50.7,6.3,"2,047"
Slovenia,SVN,EUR,High,2011,8.6,"2,148",72.3,27.7,12.2,13.3,,69.7,222,,188,57,"24,973",51.4,6.2,"2,050"
Slovenia,SVN,EUR,High,2012,8.8,"1,975",70.9,29.1,12.5,14.5,,68.2,239,,192,57,"22,460",50.0,6.2,"2,055"
Slovenia,SVN,EUR,High,2013,8.8,"2,055",70.3,29.7,12.5,15.0,,67.0,250,,193,68,"23,250",57.7,6.2,"2,059"
Slovenia,SVN,EUR,High,2014,8.6,"2,062",70.5,29.5,13.0,14.8,,67.4,247,,202,58,"24,023",50.6,6.1,"2,061"
Slovenia,SVN,EUR,High,2015,8.6,"1,776",71.4,28.6,12.5,14.5,,68.6,252,,200,51,"20,704",49.5,6.1,"2,063"
Slovenia,SVN,EUR,High,2016,8.6,"1,839",72.3,27.7,12.0,14.0,,68.7,254,,199,66,"21,457",46.9,6.2,"2,064"
Slovenia,SVN,EUR,High,2017,8.3,"1,925",71.8,28.2,12.3,14.3,,68.8,264,,210,58,"23,309",44.6,5.9,"2,066"
Slovenia,SVN,EUR,High,2018,8.4,"2,170",72.4,27.6,12.0,14.0,,69.4,279,,220,62,"25,976",44.1,6.0,"2,067"
Slovenia,SVN,EUR,High,2019,8.6,"2,219",72.4,27.6,11.7,14.3,,68.6,308,,231,83,"25,907",43.8,6.2,"2,081"
Slovenia,SVN,EUR,High,2020,9.5,"2,417",72.6,27.2,12.5,13.4,0.2,64.1,304,5,264,193,"25,472",51.8,6.9,"2,096"
Slovenia,SVN,EUR,High,2021,9.5,"2,780",73.2,26.5,12.9,12.3,0.2,61.0,314,5,303,301,"29,175",49.9,7.0,"2,109"
Slovenia,SVN,EUR,High,2022,9.6,"2,738",73.5,26.4,12.4,12.6,0.2,63.2,354,4,323,281,"28,440",47.7,7.1,"2,107"
Slovenia,SVN,EUR,High,2023,9.3,"3,038",73.2,26.8,12.4,13.3,0.0,64.8,394,1,348,246,"32,664",46.5,6.8,"2,117"
Slovenia,SVN,EUR,High,2024,9.9,"3,371",,,11.7,0.5,,79.8,40,,366,224,"34,127",46.8,,"2,124"
Spain,ESP,EUR,High,2000,6.8,"1,005",71.4,28.6,24.3,4.3,,4.8,47,,265,724,"14,779",39.1,4.9,"40,470"
Spain,ESP,EUR,High,2001,6.8,"1,045",71.0,29.0,24.9,4.1,,4.8,48,,290,773,"15,438",38.4,4.8,"40,666"
Spain,ESP,EUR,High,2002,6.8,"1,175",71.0,29.0,24.6,4.4,,4.8,54,,306,823,"17,276",38.6,4.8,"41,035"
Spain,ESP,EUR,High,2003,7.6,"1,648",70.8,29.2,23.1,5.3,,4.8,88,,337,962,"21,707",38.3,5.4,"41,828"
Spain,ESP,EUR,High,2004,7.7,"1,932",71.0,29.0,22.9,5.4,,4.8,95,,356,"1,027","25,144",38.8,5.5,"42,547"
Spain,ESP,EUR,High,2005,7.8,"2,074",71.2,28.8,22.6,5.4,,4.8,103,,377,"1,107","26,669",38.4,5.5,"43,296"
Spain,ESP,EUR,High,2006,7.9,"2,257",71.6,28.4,22.0,5.6,,4.7,114,,396,"1,202","28,672",38.4,5.6,"44,010"
Spain,ESP,EUR,High,2007,8.0,"2,626",71.8,28.2,21.9,5.6,,4.5,121,,420,"1,289","32,974",39.2,5.7,"44,785"
Spain,ESP,EUR,High,2008,8.4,"3,020",72.7,27.3,21.8,5.2,,4.3,114,,447,"1,403","35,826",41.3,6.1,"45,669"
Spain,ESP,EUR,High,2009,9.2,"2,962",74.4,25.6,20.2,5.1,,4.1,115,,428,"1,495","32,366",46.1,6.8,"46,239"
Spain,ESP,EUR,High,2010,9.2,"2,817",73.7,26.3,21.4,4.6,,4.1,104,,454,"1,479","30,718",45.8,6.8,"46,487"
Spain,ESP,EUR,High,2011,9.2,"2,938",72.8,27.2,21.7,5.2,,4.1,118,,457,"1,450","31,876",45.9,6.7,"46,667"
Spain,ESP,EUR,High,2012,9.2,"2,621",71.3,28.7,23.2,5.2,,4.2,113,,473,"1,369","28,429",49.2,6.6,"46,818"
Spain,ESP,EUR,High,2013,9.1,"2,664",70.1,29.9,24.2,5.3,,4.3,113,,486,"1,320","29,161",46.2,6.4,"46,713"
Spain,ESP,EUR,High,2014,9.2,"2,717",69.3,30.7,24.7,5.6,,4.3,123,,504,"1,330","29,685",45.0,6.3,"46,496"
Spain,ESP,EUR,High,2015,9.2,"2,384",70.3,29.7,23.9,5.5,,4.2,125,,513,"1,420","25,981",43.7,6.5,"46,426"
Spain,ESP,EUR,High,2016,8.9,"2,378",71.6,28.4,22.0,6.1,,4.3,139,,472,"1,445","26,778",42.1,6.4,"46,419"
Spain,ESP,EUR,High,2017,9.0,"2,565",69.5,30.5,24.1,6.1,,4.0,146,,547,"1,486","28,426",41.0,6.3,"46,497"
Spain,ESP,EUR,High,2018,9.1,"2,784",69.2,30.8,24.1,6.3,,4.1,157,,569,"1,534","30,692",41.5,6.3,"46,645"
Spain,ESP,EUR,High,2019,9.2,"2,757",69.4,30.6,23.8,6.3,,4.0,165,,587,"1,612","29,913",42.0,6.4,"46,919"
Spain,ESP,EUR,High,2020,10.8,"2,942",72.1,27.9,21.7,5.8,,3.7,161,,558,"1,762","27,258",51.4,7.8,"47,318"
Spain,ESP,EUR,High,2021,10.3,"3,189",72.6,27.4,21.3,5.7,,3.6,164,,574,"1,861","30,827",49.5,7.5,"47,401"
Spain,ESP,EUR,High,2022,9.7,"2,949",72.9,27.1,21.0,5.6,,3.6,169,,589,"1,940","30,461",46.4,7.1,"47,487"
Spain,ESP,EUR,High,2023,9.2,"3,107",73.2,26.8,20.9,5.5,,3.7,171,,599,"1,997","33,692",45.4,6.7,"48,085"
Sweden,SWE,EUR,High,2000,7.3,"2,173",85.5,14.5,14.5,,,0.0,,,"2,880","17,032","29,668",53.1,6.3,"8,861"
Sweden,SWE,EUR,High,2001,7.9,"2,155",81.8,18.2,17.2,0.2,,0.0,215,,"3,827","18,213","27,300",52.6,6.5,"8,883"
Sweden,SWE,EUR,High,2002,8.2,"2,457",82.3,17.7,16.8,0.2,,0.0,220,,"4,015","19,687","30,011",53.6,6.7,"8,909"
Sweden,SWE,EUR,High,2003,8.3,"3,107",82.9,17.1,16.1,0.3,,0.0,249,,"4,046","20,833","37,365",53.9,6.9,"8,941"
Sweden,SWE,EUR,High,2004,8.1,"3,489",82.4,17.6,16.5,0.3,,0.0,263,,"4,238","21,137","42,843",52.7,6.7,"8,976"
Sweden,SWE,EUR,High,2005,8.2,"3,547",82.1,17.9,16.9,0.3,,0.0,284,,"4,469","21,753","43,466",52.2,6.7,"9,011"
Sweden,SWE,EUR,High,2006,8.0,"3,756",82.1,17.9,16.8,0.3,,0.0,306,,"4,643","22,762","46,700",51.1,6.6,"9,048"
Sweden,SWE,EUR,High,2007,8.0,"4,296",82.2,17.8,16.6,0.4,,0.0,334,,"4,826","23,872","53,774",49.4,6.6,"9,113"
Sweden,SWE,EUR,High,2008,8.2,"4,610",82.3,17.7,16.5,0.4,,0.0,358,,"5,006","25,021","56,041",50.4,6.8,"9,183"
Sweden,SWE,EUR,High,2009,8.8,"4,118",82.3,17.7,16.6,0.5,,0.0,343,,"5,221","25,957","46,921",52.8,7.2,"9,256"
Sweden,SWE,EUR,High,2010,8.3,"4,391",82.4,17.6,16.5,0.6,,0.0,361,,"5,225","26,064","52,753",50.8,6.9,"9,341"
Sweden,SWE,EUR,High,2011,10.5,"6,364",84.5,15.5,14.5,0.5,,0.0,397,,"6,002","34,923","60,596",50.2,8.9,"9,416"
Sweden,SWE,EUR,High,2012,10.8,"6,281",84.2,15.8,14.8,0.5,,0.0,413,,"6,297","35,843","57,972",51.4,9.1,"9,483"
Sweden,SWE,EUR,High,2013,11.0,"6,716",84.0,16.0,14.9,0.6,,0.0,457,,"6,531","36,761","61,128",52.4,9.2,"9,556"
Sweden,SWE,EUR,High,2014,11.1,"6,632",84.0,16.0,14.9,0.6,,0.0,477,,"6,799","38,226","59,900",51.8,9.3,"9,645"
Sweden,SWE,EUR,High,2015,10.9,"5,626",83.8,16.2,15.0,0.6,,0.0,551,,"7,133","39,771","51,470",50.3,9.2,"9,747"
Sweden,SWE,EUR,High,2016,11.0,"5,719",84.1,15.9,14.6,0.6,,0.0,629,,"7,166","41,175","52,200",50.4,9.2,"9,851"
Sweden,SWE,EUR,High,2017,10.9,"5,872",84.5,15.5,14.2,0.7,,0.0,613,,"7,146","42,435","53,634",50.2,9.3,"9,995"
Sweden,SWE,EUR,High,2018,11.1,"6,042",84.5,15.5,14.2,0.6,,0.0,682,,"7,468","44,371","54,476",50.7,9.4,"10,120"
Sweden,SWE,EUR,High,2019,10.9,"5,688",84.9,15.1,13.9,0.6,,0.0,645,,"7,491","45,663","52,020",49.7,9.3,"10,230"
Sweden,SWE,EUR,High,2020,11.4,"6,031",86.1,13.9,12.9,0.6,,0.0,567,,"7,176","47,799","52,786",53.0,9.8,"10,328"
Sweden,SWE,EUR,High,2021,11.2,"6,894",85.8,14.2,13.1,0.6,,0.0,671,,"7,742","50,716","61,390",50.0,9.6,"10,379"
Sweden,SWE,EUR,High,2022,10.9,"6,022",85.9,14.1,13.1,0.7,,0.0,612,,"7,998","52,302","55,480",48.9,9.3,"10,452"
Sweden,SWE,EUR,High,2023,11.2,"6,206",86.1,13.9,13.0,0.6,,0.0,633,,"8,532","56,684","55,647",49.4,9.6,"10,522"
Sweden,SWE,EUR,High,2024,11.2,"6,485",,,13.4,0.6,,0.0,662,,"9,170","58,697","57,822",50.0,,"10,552"
Switzerland,CHE,EUR,High,2000,9.1,"3,550",28.6,71.4,31.0,9.2,0.0,5.0,650,0,"1,861","1,059","38,865",33.3,2.6,"7,184"
Switzerland,CHE,EUR,High,2001,9.5,"3,752",30.0,70.0,30.1,8.9,0.0,5.1,665,0,"1,907","1,206","39,657",32.6,2.8,"7,226"
Switzerland,CHE,EUR,High,2002,9.9,"4,198",31.4,68.6,29.0,8.4,0.0,5.1,654,0,"1,901","1,329","42,494",35.1,3.1,"7,279"
Switzerland,CHE,EUR,High,2003,10.1,"5,005",31.4,68.6,28.6,8.3,0.0,5.1,657,0,"1,929","1,367","49,375",34.2,3.2,"7,333"
Switzerland,CHE,EUR,High,2004,10.2,"5,593",30.9,69.1,28.8,8.2,0.0,5.5,673,0,"2,000","1,354","54,700",33.9,3.2,"7,384"
Switzerland,CHE,EUR,High,2005,10.1,"5,661",31.0,69.0,27.1,8.8,0.0,5.8,691,0,"1,913","1,362","56,284",33.3,3.1,"7,432"
Switzerland,CHE,EUR,High,2006,9.6,"5,657",30.6,69.4,27.3,9.0,0.0,5.5,723,0,"1,940","1,348","59,052",31.4,2.9,"7,479"
Switzerland,CHE,EUR,High,2007,9.4,"6,125",30.7,69.3,27.3,9.1,0.0,5.5,752,0,"2,010","1,401","65,040",30.3,2.9,"7,545"
Switzerland,CHE,EUR,High,2008,9.5,"7,076",31.6,68.4,26.5,8.8,0.0,4.3,762,0,"2,031","1,650","74,234",30.8,3.0,"7,642"
Switzerland,CHE,EUR,High,2009,10.1,"7,264",32.1,67.9,26.2,8.6,0.0,4.0,768,0,"2,071","1,765","71,623",32.7,3.3,"7,738"
Switzerland,CHE,EUR,High,2010,10.0,"7,645",33.2,66.8,24.1,8.6,0.0,3.3,831,0,"1,919","1,852","76,523",32.4,3.3,"7,826"
Switzerland,CHE,EUR,High,2011,10.1,"9,139",33.6,66.4,23.6,8.6,0.0,3.3,838,0,"1,912","1,936","90,454",32.4,3.4,"7,914"
Switzerland,CHE,EUR,High,2012,10.3,"8,869",34.4,65.6,23.4,7.1,0.0,3.2,731,0,"1,942","2,097","85,814",32.7,3.6,"7,999"
Switzerland,CHE,EUR,High,2013,10.6,"9,247",33.5,66.5,22.8,6.9,0.0,3.1,777,0,"1,952","2,092","87,284",33.6,3.5,"8,091"
Switzerland,CHE,EUR,High,2014,10.7,"9,470",33.6,66.4,22.6,7.0,0.0,3.1,771,0,"1,962","2,114","88,708",33.3,3.6,"8,190"
Switzerland,CHE,EUR,High,2015,11.0,"9,200",33.4,66.6,22.0,7.0,0.0,3.1,798,0,"1,952","2,139","83,791",33.6,3.7,"8,284"
Switzerland,CHE,EUR,High,2016,11.2,"9,201",33.6,66.4,21.3,7.1,0.0,3.0,814,0,"1,929","2,194","82,138",33.7,3.8,"8,375"
Switzerland,CHE,EUR,High,2017,11.4,"9,354",33.5,66.5,21.6,6.9,0.0,3.0,811,0,"1,986","2,234","82,237",33.7,3.8,"8,454"
Switzerland,CHE,EUR,High,2018,11.2,"9,541",33.5,66.5,21.9,6.8,0.0,3.3,825,0,"2,048","2,219","85,196",33.0,3.8,"8,516"
Switzerland,CHE,EUR,High,2019,11.4,"9,610",33.5,66.5,21.9,7.0,0.0,3.4,848,0,"2,091","2,259","84,106",33.3,3.8,"8,578"
Switzerland,CHE,EUR,High,2020,12.0,"10,295",35.7,64.3,20.7,6.5,0.0,3.2,856,0,"2,003","2,495","85,862",38.3,4.3,"8,641"
Switzerland,CHE,EUR,High,2021,12.0,"11,198",35.7,64.3,21.4,6.2,0.0,3.0,846,0,"2,186","2,626","93,638",35.7,4.3,"8,707"
Switzerland,CHE,EUR,High,2022,11.6,"10,930",34.9,65.1,21.7,6.2,0.0,2.9,881,0,"2,269","2,634","94,233",32.8,4.0,"8,792"
Switzerland,CHE,EUR,High,2023,11.7,"11,784",33.1,66.9,22.0,6.7,0.0,3.0,947,0,"2,333","2,429","100,793",33.2,3.9,"8,871"
Tajikistan,TJK,EUR,Lower-middle,2000,4.3,6,20.8,79.1,79.2,0.0,0.1,0.0,0,0,10,3,138,18.1,0.9,"6,285"
Tajikistan,TJK,EUR,Lower-middle,2001,4.6,8,19.1,76.5,76.5,0.0,4.4,0.0,1,,14,3,165,17.3,0.9,"6,407"
Tajikistan,TJK,EUR,Lower-middle,2002,4.4,8,18.2,78.3,78.2,0.0,3.5,0.0,1,,18,4,185,19.1,0.8,"6,532"
Tajikistan,TJK,EUR,Lower-middle,2003,4.7,11,16.4,74.2,73.3,0.4,9.4,0.0,3,1,25,6,233,19.1,0.8,"6,659"
Tajikistan,TJK,EUR,Lower-middle,2004,4.8,15,18.6,72.8,71.7,0.3,8.6,0.0,4,0,31,8,305,20.3,0.9,"6,791"
Tajikistan,TJK,EUR,Lower-middle,2005,5.2,17,19.0,67.7,66.1,1.1,13.3,0.0,7,1,36,11,334,22.9,1.0,"6,925"
Tajikistan,TJK,EUR,Lower-middle,2006,5.0,20,18.6,70.3,68.8,1.1,11.1,0.0,7,1,45,13,398,21.6,0.9,"7,058"
Tajikistan,TJK,EUR,Lower-middle,2007,5.5,29,19.4,70.9,70.6,0.1,9.7,0.0,9,1,69,20,516,20.3,1.1,"7,194"
Tajikistan,TJK,EUR,Lower-middle,2008,5.9,41,23.2,68.8,68.6,0.1,8.0,0.0,10,2,97,35,699,20.2,1.4,"7,338"
Tajikistan,TJK,EUR,Lower-middle,2009,5.9,39,18.5,69.7,69.6,0.1,11.8,0.0,14,5,112,35,665,23.6,1.1,"7,490"
Tajikistan,TJK,EUR,Lower-middle,2010,5.7,42,20.6,70.5,70.4,0.1,8.9,0.0,10,7,130,45,737,25.9,1.2,"7,652"
Tajikistan,TJK,EUR,Lower-middle,2011,5.9,49,22.3,63.2,62.5,0.1,14.5,0.0,25,9,141,59,834,24.3,1.3,"7,825"
Tajikistan,TJK,EUR,Lower-middle,2012,6.0,57,26.9,64.6,63.9,0.0,8.5,0.0,19,6,173,79,952,24.7,1.6,"8,014"
Tajikistan,TJK,EUR,Lower-middle,2013,6.5,68,29.1,62.1,61.9,0.0,8.8,0.0,22,7,199,101,"1,035",27.7,1.9,"8,217"
Tajikistan,TJK,EUR,Lower-middle,2014,6.7,73,31.2,62.5,62.2,0.2,6.3,0.0,12,12,224,125,"1,096",27.5,2.1,"8,426"
Tajikistan,TJK,EUR,Lower-middle,2015,6.9,63,29.6,62.9,62.6,0.1,7.5,0.0,17,14,242,128,909,31.9,2.0,"8,644"
Tajikistan,TJK,EUR,Lower-middle,2016,7.0,55,28.6,66.2,66.0,0.1,5.2,0.0,9,14,284,137,789,32.7,2.0,"8,866"
Tajikistan,TJK,EUR,Lower-middle,2017,6.9,57,29.0,63.3,63.2,0.1,7.7,0.0,18,20,307,161,829,33.8,2.0,"9,086"
Tajikistan,TJK,EUR,Lower-middle,2018,7.0,59,27.0,68.6,68.4,0.0,4.3,0.0,11,13,366,160,834,30.9,1.9,"9,307"
Tajikistan,TJK,EUR,Lower-middle,2019,6.9,61,27.3,71.4,71.2,0.0,1.3,0.0,2,7,411,167,871,28.8,1.9,"9,530"
Tajikistan,TJK,EUR,Lower-middle,2020,8.9,74,24.2,68.1,68.0,0.0,7.7,0.0,39,21,520,207,834,29.2,2.2,"9,749"
Tajikistan,TJK,EUR,Lower-middle,2021,8.4,75,23.2,65.2,65.1,0.0,11.6,0.0,71,29,553,226,897,27.6,1.9,"9,967"
Tajikistan,TJK,EUR,Lower-middle,2022,7.6,79,23.4,65.3,65.2,0.0,11.3,0.0,61,38,565,241,"1,030",28.0,1.8,"10,182"
Tajikistan,TJK,EUR,Lower-middle,2023,7.4,85,25.6,62.5,62.4,0.0,11.9,0.0,58,54,576,290,"1,145",31.0,1.9,"10,390"
Türkiye,TUR,EUR,Upper-middle,2000,4.6,193,61.7,38.3,28.6,,,35.8,12,,34,31,"4,192",39.5,2.8,"65,426"
Türkiye,TUR,EUR,Upper-middle,2001,4.9,149,67.3,32.7,23.4,,,37.3,17,,43,55,"3,046",44.0,3.3,"66,245"
Türkiye,TUR,EUR,Upper-middle,2002,5.1,181,70.0,30.0,20.3,,,40.8,27,,56,80,"3,583",41.0,3.5,"67,049"
Türkiye,TUR,EUR,Upper-middle,2003,5.0,233,71.2,28.8,18.9,,,44.2,34,,66,94,"4,638",38.4,3.6,"67,832"
Türkiye,TUR,EUR,Upper-middle,2004,4.9,293,71.7,28.3,20.2,,,45.5,34,,84,109,"5,961",34.6,3.5,"68,593"
Türkiye,TUR,EUR,Upper-middle,2005,4.9,357,67.7,32.3,24.2,1.9,,40.4,39,,116,131,"7,303",32.1,3.3,"69,330"
Türkiye,TUR,EUR,Upper-middle,2006,5.1,409,68.9,31.1,23.6,1.8,,41.7,44,,138,159,"7,953",33.6,3.5,"70,045"
Türkiye,TUR,EUR,Upper-middle,2007,5.2,504,68.8,31.2,23.9,1.9,,40.4,48,,157,186,"9,630",32.9,3.6,"70,751"
Türkiye,TUR,EUR,Upper-middle,2008,5.2,562,72.7,27.3,19.2,2.0,,46.0,59,,140,195,"10,766",33.7,3.8,"71,562"
Türkiye,TUR,EUR,Upper-middle,2009,5.5,492,80.5,19.5,14.5,2.2,,49.5,38,,111,237,"8,960",37.2,4.4,"72,465"
Türkiye,TUR,EUR,Upper-middle,2010,5.0,532,78.0,22.0,16.9,1.9,,51.1,41,,135,215,"10,593",35.5,3.9,"73,347"
Türkiye,TUR,EUR,Upper-middle,2011,4.7,526,79.1,20.9,15.9,2.1,,52.1,44,,140,238,"11,302",32.8,3.7,"74,215"
Türkiye,TUR,EUR,Upper-middle,2012,4.4,520,79.2,20.8,15.9,2.1,,57.8,46,,149,199,"11,710",34.1,3.5,"75,197"
Türkiye,TUR,EUR,Upper-middle,2013,4.4,548,78.3,21.6,16.9,2.1,,57.9,49,,177,214,"12,536",33.7,3.4,"76,403"
Türkiye,TUR,EUR,Upper-middle,2014,4.3,520,77.6,22.4,17.7,2.2,,56.3,53,,202,242,"12,032",32.6,3.4,"78,036"
Türkiye,TUR,EUR,Upper-middle,2015,4.1,445,78.1,21.9,16.9,2.4,,56.3,59,,205,264,"10,802",32.5,3.2,"80,014"
Türkiye,TUR,EUR,Upper-middle,2016,4.3,456,78.4,21.6,16.5,2.5,,55.9,70,,227,311,"10,651",33.8,3.4,"81,652"
Türkiye,TUR,EUR,Upper-middle,2017,4.2,432,77.7,22.3,17.4,2.5,,55.6,77,,274,348,"10,339",32.6,3.2,"83,084"
Türkiye,TUR,EUR,Upper-middle,2018,4.1,380,77.4,22.6,17.5,2.6,,54.6,94,,321,419,"9,228",34.3,3.2,"84,416"
Türkiye,TUR,EUR,Upper-middle,2019,4.4,389,77.7,22.3,17.0,2.7,,54.3,116,,376,516,"8,915",35.5,3.4,"85,358"
Türkiye,TUR,EUR,Upper-middle,2020,4.6,386,78.8,21.2,16.4,2.3,,54.0,128,,445,673,"8,367",34.7,3.6,"86,092"
Türkiye,TUR,EUR,Upper-middle,2021,4.6,431,78.8,21.2,16.3,2.3,,50.2,188,,621,"1,093","9,458",31.3,3.6,"86,686"
Türkiye,TUR,EUR,Upper-middle,2022,3.7,386,75.2,24.8,19.5,2.7,,48.2,342,,"1,244","1,722","10,420",27.3,2.8,"87,058"
Türkiye,TUR,EUR,Upper-middle,2023,4.3,548,75.9,24.1,19.0,2.9,,46.2,654,,"2,477","3,869","12,814",33.2,3.2,"87,271"
Turkmenistan,TKM,EUR,Upper-middle,2000,4.0,76,46.6,53.3,50.0,3.3,0.0,0.0,3,0,39,37,"1,874",14.1,1.9,"4,583"
Turkmenistan,TKM,EUR,Upper-middle,2001,4.8,121,34.6,65.3,61.3,4.1,0.1,0.0,5,0,77,43,"2,536",12.3,1.6,"4,675"
Turkmenistan,TKM,EUR,Upper-middle,2002,4.1,128,34.6,65.2,61.1,4.1,0.2,0.0,6,0,81,46,"3,119",10.6,1.4,"4,769"
Turkmenistan,TKM,EUR,Upper-middle,2003,5.0,200,31.8,67.9,63.7,4.2,0.2,0.0,9,0,132,66,"4,016",11.3,1.6,"4,864"
Turkmenistan,TKM,EUR,Upper-middle,2004,6.2,303,22.9,77.0,72.2,4.8,0.1,0.0,15,0,227,72,"4,895",11.0,1.4,"4,958"
Turkmenistan,TKM,EUR,Upper-middle,2005,5.6,325,21.1,78.7,73.8,4.9,0.1,0.0,17,0,249,71,"5,812",11.5,1.2,"5,052"
Turkmenistan,TKM,EUR,Upper-middle,2006,4.9,350,18.4,81.5,76.4,5.1,0.1,0.0,19,0,278,67,"7,106",8.7,0.9,"5,147"
Turkmenistan,TKM,EUR,Upper-middle,2007,3.1,262,26.2,73.6,69.0,4.6,0.2,0.0,13,0,188,71,"8,465",7.9,0.8,"5,244"
Turkmenistan,TKM,EUR,Upper-middle,2008,3.5,236,16.0,83.7,78.5,5.2,0.3,0.0,30,0,429,88,"6,831",6.4,0.6,"5,345"
Turkmenistan,TKM,EUR,Upper-middle,2009,2.8,178,24.3,75.4,70.7,4.7,0.3,0.0,25,0,360,123,"6,340",7.8,0.7,"5,452"
Turkmenistan,TKM,EUR,Upper-middle,2010,3.2,203,24.1,75.7,71.0,4.7,0.2,0.0,29,0,410,139,"6,319",8.9,0.8,"5,564"
Turkmenistan,TKM,EUR,Upper-middle,2011,3.2,252,26.0,73.6,69.0,4.6,0.5,0.0,36,0,495,187,"7,814",9.6,0.8,"5,683"
Turkmenistan,TKM,EUR,Upper-middle,2012,3.3,289,26.7,72.8,68.3,4.6,0.4,0.0,41,0,563,220,"8,651",10.3,0.9,"5,809"
Turkmenistan,TKM,EUR,Upper-middle,2013,4.0,340,28.5,71.3,66.8,4.5,0.2,0.0,45,0,648,277,"8,564",13.0,1.1,"5,939"
Turkmenistan,TKM,EUR,Upper-middle,2014,4.3,394,27.0,72.8,68.2,4.5,0.3,0.0,54,0,766,303,"9,251",13.2,1.1,"6,075"
Turkmenistan,TKM,EUR,Upper-middle,2015,5.0,363,23.9,75.8,71.1,4.7,0.2,0.0,63,0,902,304,"7,231",13.8,1.2,"6,216"
Turkmenistan,TKM,EUR,Upper-middle,2016,5.6,377,18.6,81.2,76.2,5.1,0.2,0.0,69,0,"1,004",245,"6,741",11.9,1.0,"6,360"
Turkmenistan,TKM,EUR,Upper-middle,2017,5.8,411,22.0,77.9,73.1,4.9,0.1,0.0,71,0,"1,051",316,"7,054",14.7,1.3,"6,507"
Turkmenistan,TKM,EUR,Upper-middle,2018,5.6,411,17.8,81.7,76.6,5.1,0.4,0.0,80,0,"1,103",257,"7,407",11.4,1.0,"6,656"
Turkmenistan,TKM,EUR,Upper-middle,2019,5.6,433,18.2,81.7,76.6,5.1,0.1,0.0,79,0,"1,161",275,"7,795",11.6,1.0,"6,804"
Turkmenistan,TKM,EUR,Upper-middle,2020,5.6,420,18.4,81.5,76.4,5.1,0.2,0.0,77,0,"1,123",270,"7,537",11.8,1.0,"6,950"
Turkmenistan,TKM,EUR,Upper-middle,2021,5.5,472,17.2,82.6,77.5,5.2,0.2,0.0,87,1,"1,280",285,"8,592",10.9,0.9,"7,092"
Turkmenistan,TKM,EUR,Upper-middle,2022,5.4,579,14.9,84.5,79.2,5.3,0.6,0.0,111,9,"1,606",311,"10,783",9.4,0.8,"7,230"
Turkmenistan,TKM,EUR,Upper-middle,2023,5.5,581,17.1,82.6,77.4,5.2,0.3,0.0,107,4,"1,575",353,"10,575",10.9,0.9,"7,364"
Ukraine,UKR,EUR,Upper-middle,2000,5.3,35,47.3,52.5,48.4,0.5,0.1,0.0,8,,91,89,652,35.5,2.5,"49,557"
Ukraine,UKR,EUR,Upper-middle,2001,5.7,44,48.9,51.0,47.2,0.3,0.1,0.0,9,,112,116,771,36.7,2.8,"49,107"
Ukraine,UKR,EUR,Upper-middle,2002,6.0,52,51.2,48.6,45.1,0.2,0.1,0.0,10,,125,142,870,37.9,3.1,"48,677"
Ukraine,UKR,EUR,Upper-middle,2003,6.5,68,55.7,44.2,41.0,0.1,0.1,0.0,12,,148,202,"1,037",38.9,3.6,"48,315"
Ukraine,UKR,EUR,Upper-middle,2004,6.2,83,55.2,44.4,41.4,0.1,0.4,0.0,15,,183,244,"1,349",41.6,3.4,"47,980"
Ukraine,UKR,EUR,Upper-middle,2005,6.3,115,58.7,41.0,38.0,0.7,0.2,0.0,20,,223,345,"1,806",44.2,3.7,"47,586"
Ukraine,UKR,EUR,Upper-middle,2006,6.4,146,60.4,39.1,36.1,0.8,0.5,0.0,25,0,267,446,"2,279",44.6,3.9,"47,279"
Ukraine,UKR,EUR,Upper-middle,2007,6.0,183,59.2,40.1,36.5,0.9,0.7,0.0,40,0,337,548,"3,044",43.7,3.6,"47,063"
Ukraine,UKR,EUR,Upper-middle,2008,5.5,213,58.1,41.3,37.8,1.0,0.7,0.0,46,0,423,651,"3,870",47.1,3.2,"46,819"
Ukraine,UKR,EUR,Upper-middle,2009,6.6,166,58.2,40.9,37.4,1.1,0.8,0.0,55,1,484,754,"2,511",48.6,3.9,"46,624"
Ukraine,UKR,EUR,Upper-middle,2010,6.8,199,54.1,45.2,41.8,1.0,0.7,0.0,63,1,662,858,"2,928",49.2,3.7,"46,456"
Ukraine,UKR,EUR,Upper-middle,2011,6.8,240,50.2,49.3,46.3,1.0,0.4,0.0,65,1,886,962,"3,523",45.7,3.4,"46,308"
Ukraine,UKR,EUR,Upper-middle,2012,7.1,271,52.6,46.9,43.9,1.0,0.6,0.0,75,0,951,"1,138","3,804",49.0,3.7,"46,210"
Ukraine,UKR,EUR,Upper-middle,2013,6.9,276,48.1,51.2,48.2,1.1,0.7,0.0,81,1,"1,062","1,062","3,974",48.1,3.3,"46,127"
Ukraine,UKR,EUR,Upper-middle,2014,7.2,209,48.0,51.1,48.1,1.0,0.9,0.0,93,2,"1,195","1,195","2,904",44.8,3.5,"45,972"
Ukraine,UKR,EUR,Upper-middle,2015,7.8,155,47.4,50.9,48.2,0.9,1.7,0.0,119,29,"1,631","1,631","1,988",43.0,3.7,"45,785"
Ukraine,UKR,EUR,Upper-middle,2016,7.6,155,48.3,50.5,48.4,0.7,1.2,0.0,130,3,"1,910","1,910","2,047",40.8,3.6,"45,617"
Ukraine,UKR,EUR,Upper-middle,2017,7.4,184,47.3,51.1,49.2,0.7,1.7,0.0,147,27,"2,403","2,336","2,467",41.7,3.5,"45,436"
Ukraine,UKR,EUR,Upper-middle,2018,7.5,218,46.6,52.6,50.7,0.9,0.9,0.0,143,21,"3,000","2,779","2,895",41.9,3.5,"45,209"
Ukraine,UKR,EUR,Upper-middle,2019,7.1,243,44.8,54.5,51.1,1.1,0.7,0.3,214,43,"3,208","2,832","3,423",41.5,3.2,"44,957"
Ukraine,UKR,EUR,Upper-middle,2020,7.6,265,49.3,50.7,47.9,1.8,,0.1,204,,"3,420","3,513","3,505",45.6,3.7,"44,680"
Ukraine,UKR,EUR,Upper-middle,2021,8.2,370,52.1,47.9,45.3,1.6,,,261,,"4,572","5,244","4,510",40.5,4.3,"44,299"
Ukraine,UKR,EUR,Upper-middle,2022,,,,,,,,,,,,"5,658",,,,"41,049"
Ukraine,UKR,EUR,Upper-middle,2023,,,,,,,,,,,,"6,082",,,,"37,733"
United Kingdom of Great Britain and Northern Ireland,GBR,EUR,High,2000,7.1,"2,021",75.8,24.2,18.2,4.3,0.0,0.0,85,0,243,"1,007","28,283",33.9,5.4,"58,886"
United Kingdom of Great Britain and Northern Ireland,GBR,EUR,High,2001,7.4,"2,075",75.9,24.1,18.0,4.4,0.0,0.0,93,0,260,"1,088","27,912",34.7,5.6,"59,113"
United Kingdom of Great Britain and Northern Ireland,GBR,EUR,High,2002,7.9,"2,364",76.8,23.2,17.4,4.2,0.0,0.0,98,0,274,"1,205","30,079",35.9,6.0,"59,366"
United Kingdom of Great Britain and Northern Ireland,GBR,EUR,High,2003,8.1,"2,774",78.3,21.6,16.2,4.0,0.0,0.0,102,0,274,"1,323","34,450",37.2,6.3,"59,637"
United Kingdom of Great Britain and Northern Ireland,GBR,EUR,High,2004,8.3,"3,362",80.2,19.8,14.7,3.8,0.0,0.0,102,0,270,"1,464","40,394",38.0,6.7,"59,950"
United Kingdom of Great Britain and Northern Ireland,GBR,EUR,High,2005,8.4,"3,528",81.3,18.7,13.4,4.0,0.0,0.0,111,0,261,"1,568","42,097",38.4,6.8,"60,413"
United Kingdom of Great Britain and Northern Ireland,GBR,EUR,High,2006,8.5,"3,803",82.4,17.6,12.4,3.9,0.0,0.0,118,0,255,"1,693","44,528",38.4,7.0,"60,827"
United Kingdom of Great Britain and Northern Ireland,GBR,EUR,High,2007,8.8,"4,416",80.4,19.5,14.4,3.8,0.0,0.0,123,0,318,"1,766","50,403",38.7,7.0,"61,319"
United Kingdom of Great Britain and Northern Ireland,GBR,EUR,High,2008,9.0,"4,280",81.3,18.7,13.5,4.0,0.0,0.0,132,0,314,"1,883","47,386",41.0,7.3,"61,824"
United Kingdom of Great Britain and Northern Ireland,GBR,EUR,High,2009,9.8,"3,813",82.7,17.2,12.4,3.7,0.0,0.0,129,0,303,"2,015","38,752",44.6,8.1,"62,261"
United Kingdom of Great Britain and Northern Ireland,GBR,EUR,High,2010,9.8,"3,876",82.0,18.0,13.2,3.5,0.0,0.0,131,0,330,"2,047","39,603",44.7,8.0,"62,760"
United Kingdom of Great Britain and Northern Ireland,GBR,EUR,High,2011,9.8,"4,124",81.8,18.2,13.3,3.5,0.0,0.0,137,0,343,"2,093","42,092",43.5,8.0,"63,285"
United Kingdom of Great Britain and Northern Ireland,GBR,EUR,High,2012,9.9,"4,204",81.0,19.0,14.2,3.5,0.0,0.0,142,0,377,"2,142","42,494",43.6,8.0,"63,705"
United Kingdom of Great Britain and Northern Ireland,GBR,EUR,High,2013,10.0,"4,340",79.5,20.5,15.8,3.4,0.0,0.0,148,0,438,"2,191","43,441",41.8,7.9,"64,106"
United Kingdom of Great Britain and Northern Ireland,GBR,EUR,High,2014,10.0,"4,733",79.6,20.4,15.7,3.4,0.0,0.0,151,0,453,"2,273","47,443",41.2,7.9,"64,597"
United Kingdom of Great Britain and Northern Ireland,GBR,EUR,High,2015,9.9,"4,470",79.5,20.4,15.9,3.2,0.0,0.0,152,0,464,"2,309","44,969",40.4,7.9,"65,110"
United Kingdom of Great Britain and Northern Ireland,GBR,EUR,High,2016,9.9,"4,043",80.1,19.9,15.7,2.8,0.0,0.0,146,0,470,"2,379","40,963",39.6,7.9,"65,648"
United Kingdom of Great Britain and Northern Ireland,GBR,EUR,High,2017,9.7,"3,939",79.7,20.3,15.8,2.9,0.0,0.0,161,0,484,"2,414","40,585",39.2,7.7,"66,040"
United Kingdom of Great Britain and Northern Ireland,GBR,EUR,High,2018,9.8,"4,234",79.4,20.5,16.2,2.9,0.0,0.0,162,0,513,"2,498","43,223",38.9,7.8,"66,436"
United Kingdom of Great Britain and Northern Ireland,GBR,EUR,High,2019,10.0,"4,260",79.7,20.3,16.0,2.8,0.0,0.0,164,0,535,"2,638","42,688",38.8,8.0,"66,797"
United Kingdom of Great Britain and Northern Ireland,GBR,EUR,High,2020,12.1,"4,866",84.1,15.9,12.4,2.4,0.0,0.0,155,0,471,"3,169","40,202",50.0,10.2,"67,081"
United Kingdom of Great Britain and Northern Ireland,GBR,EUR,High,2021,12.1,"5,645",83.7,16.2,13.0,2.2,0.0,0.0,155,0,535,"3,415","46,720",45.8,10.1,"67,280"
United Kingdom of Great Britain and Northern Ireland,GBR,EUR,High,2022,11.1,"5,112",82.1,17.9,14.4,2.5,0.0,0.0,170,0,596,"3,381","46,066",44.1,9.1,"67,600"
United Kingdom of Great Britain and Northern Ireland,GBR,EUR,High,2023,11.0,"5,407",81.8,18.2,14.6,2.6,0.0,0.0,181,0,636,"3,533","49,195",44.8,9.0,"68,500"
United Kingdom of Great Britain and Northern Ireland,GBR,EUR,High,2024,11.1,"5,860",,,14.6,2.6,,0.0,190,,667,"3,728","52,637",44.0,,"69,226"
Uzbekistan,UZB,EUR,Lower-middle,2000,5.1,36,39.1,60.9,60.6,0.0,0.0,0.0,27,0,"5,120","3,304",696,32.9,2.0,"24,787"
Uzbekistan,UZB,EUR,Lower-middle,2001,5.2,30,38.8,61.2,60.8,,0.0,0.0,40,0,"7,842","5,006",582,30.6,2.0,"25,090"
Uzbekistan,UZB,EUR,Lower-middle,2002,5.1,25,37.6,62.4,62.1,,0.0,0.0,60,0,"11,735","7,110",477,34.6,1.9,"25,400"
Uzbekistan,UZB,EUR,Lower-middle,2003,5.2,26,36.5,59.6,59.3,,3.9,0.0,"1,022",16,"14,754","9,109",494,31.5,1.9,"25,711"
Uzbekistan,UZB,EUR,Lower-middle,2004,4.8,28,37.3,60.0,59.6,0.1,2.7,0.0,902,0,"17,024","10,657",579,29.4,1.8,"26,029"
Uzbekistan,UZB,EUR,Lower-middle,2005,4.8,33,38.0,58.1,57.6,0.1,4.0,0.0,"1,577",20,"20,870","13,769",680,28.1,1.8,"26,357"
Uzbekistan,UZB,EUR,Lower-middle,2006,4.8,38,40.6,57.3,56.9,0.1,2.1,0.0,875,296,"26,349","19,087",799,24.7,1.9,"26,699"
Uzbekistan,UZB,EUR,Lower-middle,2007,4.5,47,39.6,58.6,58.1,0.1,1.8,0.0,898,464,"34,460","23,922","1,032",24.8,1.8,"27,076"
Uzbekistan,UZB,EUR,Lower-middle,2008,4.7,61,40.7,57.8,57.3,0.1,1.5,0.0,807,777,"46,405","33,751","1,303",26.5,1.9,"27,495"
Uzbekistan,UZB,EUR,Lower-middle,2009,4.8,72,41.6,56.8,56.4,0.1,1.5,0.0,"1,125",926,"59,546","44,871","1,500",27.5,2.0,"27,939"
Uzbekistan,UZB,EUR,Lower-middle,2010,5.3,93,40.1,58.4,58.0,0.1,1.5,0.0,"1,358","1,438","85,541","60,471","1,753",26.4,2.1,"28,386"
Uzbekistan,UZB,EUR,Lower-middle,2011,5.3,110,39.7,58.6,58.2,0.1,1.7,0.0,"1,564","2,439","109,661","77,254","2,088",23.7,2.1,"28,823"
Uzbekistan,UZB,EUR,Lower-middle,2012,5.5,128,42.1,56.6,56.2,0.1,1.3,0.0,"2,480","1,509","136,069","103,369","2,306",23.9,2.3,"29,262"
Uzbekistan,UZB,EUR,Lower-middle,2013,5.7,141,42.0,56.4,56.1,0.1,1.6,0.0,"4,823",963,"165,340","124,811","2,460",25.2,2.4,"29,724"
Uzbekistan,UZB,EUR,Lower-middle,2014,4.4,118,52.2,45.9,45.4,0.1,1.9,0.0,"1,316","5,166","124,381","148,147","2,673",24.9,2.3,"30,223"
Uzbekistan,UZB,EUR,Lower-middle,2015,4.7,133,49.8,48.8,48.4,0.1,1.4,0.0,"2,403","1,828","165,053","171,539","2,800",24.6,2.4,"30,749"
Uzbekistan,UZB,EUR,Lower-middle,2016,4.7,130,43.6,55.4,54.7,0.1,1.0,0.0,"3,028","2,495","210,413","171,484","2,753",23.3,2.1,"31,285"
Uzbekistan,UZB,EUR,Lower-middle,2017,4.3,93,41.5,57.4,56.7,0.1,1.1,0.0,"3,675","3,352","273,634","205,368","2,168",19.9,1.8,"31,819"
Uzbekistan,UZB,EUR,Lower-middle,2018,4.6,83,38.2,61.0,60.3,0.1,0.8,0.0,"4,528","3,889","401,933","259,569","1,813",22.2,1.7,"32,373"
Uzbekistan,UZB,EUR,Lower-middle,2019,4.8,99,41.6,58.4,57.7,0.1,0.1,0.0,"5,891",,"503,150","363,196","2,040",24.3,2.0,"32,965"
Uzbekistan,UZB,EUR,Lower-middle,2020,6.1,120,46.2,53.8,53.1,0.1,0.0,0.0,"8,245",,"642,940","559,325","1,977",26.0,2.8,"33,586"
Uzbekistan,UZB,EUR,Lower-middle,2021,6.9,156,39.2,60.8,60.3,0.1,0.0,0.0,"7,690",,"1,001,155","651,082","2,258",27.4,2.7,"34,244"
Uzbekistan,UZB,EUR,Lower-middle,2022,6.6,171,33.8,66.0,65.5,0.1,0.2,0.0,"12,296",820,"1,235,750","637,456","2,579",31.4,2.2,"34,939"
Uzbekistan,UZB,EUR,Lower-middle,2023,6.7,192,35.4,64.5,64.1,0.1,0.1,0.0,"11,454","1,629","1,444,412","798,940","2,849",30.2,2.4,"35,652"
Bangladesh,BGD,SEAR,Lower-middle,2000,1.8,8,28.2,64.0,61.8,0.1,7.8,0.0,43,,267,122,458,9.8,0.5,"134,544"
Bangladesh,BGD,SEAR,Lower-middle,2001,1.8,8,21.7,68.5,65.8,0.1,9.8,0.0,57,,297,98,457,10.7,0.4,"136,806"
Bangladesh,BGD,SEAR,Lower-middle,2002,1.9,9,24.3,65.7,62.9,0.1,10.0,0.0,67,,330,127,468,10.4,0.5,"138,934"
Bangladesh,BGD,SEAR,Lower-middle,2003,2.0,10,24.6,65.7,63.0,0.1,9.7,0.0,72,,366,143,509,10.2,0.5,"140,970"
Bangladesh,BGD,SEAR,Lower-middle,2004,2.0,11,24.1,65.9,63.1,0.1,10.0,0.0,82,,405,155,540,9.9,0.5,"142,903"
Bangladesh,BGD,SEAR,Lower-middle,2005,2.1,11,21.9,68.7,65.4,0.1,9.5,0.0,93,,476,159,550,10.3,0.5,"144,716"
Bangladesh,BGD,SEAR,Lower-middle,2006,2.1,12,22.7,69.1,65.6,0.1,8.1,0.0,97,,546,189,573,10.1,0.5,"146,406"
Bangladesh,BGD,SEAR,Lower-middle,2007,2.2,14,22.5,69.5,66.4,0.1,8.1,0.0,107,,642,217,646,9.6,0.5,"147,989"
Bangladesh,BGD,SEAR,Lower-middle,2008,2.1,16,20.9,70.7,67.8,0.1,8.3,0.0,120,,724,223,734,11.5,0.4,"149,474"
Bangladesh,BGD,SEAR,Lower-middle,2009,2.2,18,19.9,70.7,67.9,0.1,9.4,0.0,148,,830,244,811,10.6,0.4,"150,874"
Bangladesh,BGD,SEAR,Lower-middle,2010,2.3,21,20.6,70.4,68.0,0.1,9.0,0.0,165,,976,295,901,10.6,0.5,"152,202"
Bangladesh,BGD,SEAR,Lower-middle,2011,2.4,23,20.4,71.0,68.2,0.1,8.6,0.0,193,,"1,151",345,963,11.5,0.5,"153,591"
Bangladesh,BGD,SEAR,Lower-middle,2012,2.4,23,20.0,70.9,68.3,0.1,9.1,0.0,226,,"1,310",383,996,11.7,0.5,"155,070"
Bangladesh,BGD,SEAR,Lower-middle,2013,2.3,27,19.0,71.9,69.6,0.1,9.0,0.0,239,,"1,467",401,"1,175",12.1,0.4,"156,532"
Bangladesh,BGD,SEAR,Lower-middle,2014,2.3,30,18.5,73.1,70.8,0.1,8.3,0.0,249,,"1,643",430,"1,312",11.7,0.4,"157,965"
Bangladesh,BGD,SEAR,Lower-middle,2015,2.3,33,17.1,75.1,72.7,0.1,7.8,0.0,265,,"1,881",443,"1,462",11.5,0.4,"159,383"
Bangladesh,BGD,SEAR,Lower-middle,2016,2.4,39,19.9,73.9,71.5,0.1,6.2,0.0,265,,"2,205",614,"1,645",11.6,0.5,"160,812"
Bangladesh,BGD,SEAR,Lower-middle,2017,2.4,42,21.2,72.7,70.1,0.1,6.1,0.0,295,,"2,378",720,"1,782",12.2,0.5,"162,186"
Bangladesh,BGD,SEAR,Lower-middle,2018,2.3,45,21.0,73.2,70.7,0.1,5.8,0.0,312,,"2,642",784,"1,934",13.0,0.5,"163,523"
Bangladesh,BGD,SEAR,Lower-middle,2019,2.1,45,17.0,79.2,76.5,0.1,3.8,0.0,250,,"2,911",646,"2,119",13.6,0.4,"164,913"
Bangladesh,BGD,SEAR,Lower-middle,2020,2.2,49,16.3,79.6,77.0,0.2,4.1,0.0,279,,"3,204",678,"2,246",13.3,0.4,"166,298"
Bangladesh,BGD,SEAR,Lower-middle,2021,2.3,56,17.1,78.7,76.1,0.2,4.1,0.0,321,,"3,634",817,"2,475",12.9,0.4,"167,659"
Bangladesh,BGD,SEAR,Lower-middle,2022,2.2,57,15.4,80.9,78.3,0.2,3.6,0.0,328,,"4,065",802,"2,556",13.0,0.3,"169,385"
Bangladesh,BGD,SEAR,Lower-middle,2023,2.2,53,14.5,82.0,79.3,0.2,3.5,0.0,353,,"4,508",823,"2,464",12.7,0.3,"171,467"
Bhutan,BTN,SEAR,Lower-middle,2000,4.1,31,79.7,12.2,11.5,0.0,8.1,0.0,9,112,159,"1,207",739,43.0,3.3,597
Bhutan,BTN,SEAR,Lower-middle,2001,4.6,35,71.6,9.4,8.0,0.0,19.1,0.0,22,112,133,"1,297",763,50.3,3.3,611
Bhutan,BTN,SEAR,Lower-middle,2002,4.0,33,78.4,12.0,11.2,0.0,9.6,0.0,14,85,179,"1,340",834,39.3,3.1,624
Bhutan,BTN,SEAR,Lower-middle,2003,3.8,37,69.2,19.4,19.0,0.0,11.5,0.0,6,137,329,"1,334",969,34.7,2.7,638
Bhutan,BTN,SEAR,Lower-middle,2004,4.3,46,66.1,16.6,16.3,0.0,17.4,0.0,7,94,339,"1,472","1,080",31.0,2.8,651
Bhutan,BTN,SEAR,Lower-middle,2005,3.8,47,63.9,17.1,16.8,0.0,19.0,0.0,6,162,346,"1,481","1,221",36.4,2.4,662
Bhutan,BTN,SEAR,Lower-middle,2006,4.1,54,55.9,15.0,14.8,0.0,29.1,0.0,5,256,363,"1,629","1,327",33.4,2.3,671
Bhutan,BTN,SEAR,Lower-middle,2007,3.8,65,64.6,14.5,14.3,0.0,20.9,0.0,5,191,384,"1,918","1,686",33.2,2.5,679
Bhutan,BTN,SEAR,Lower-middle,2008,3.1,58,69.1,15.9,15.5,0.0,15.0,0.0,10,255,388,"1,987","1,829",36.1,2.2,686
Bhutan,BTN,SEAR,Lower-middle,2009,3.3,60,73.9,17.0,16.6,0.0,9.1,0.0,13,240,480,"2,376","1,812",39.3,2.4,694
Bhutan,BTN,SEAR,Lower-middle,2010,3.3,72,72.1,16.9,16.5,0.0,11.0,0.0,15,340,546,"2,725","2,222",41.5,2.3,702
Bhutan,BTN,SEAR,Lower-middle,2011,3.0,78,73.4,16.8,16.3,0.1,9.8,0.0,17,332,593,"2,996","2,574",36.1,2.2,709
Bhutan,BTN,SEAR,Lower-middle,2012,3.3,84,69.6,21.7,20.5,0.3,8.7,0.0,54,218,922,"3,345","2,580",35.1,2.3,717
Bhutan,BTN,SEAR,Lower-middle,2013,3.3,86,68.9,21.4,20.3,0.3,9.7,0.0,56,284,"1,029","3,772","2,581",32.5,2.3,725
Bhutan,BTN,SEAR,Lower-middle,2014,3.2,87,69.0,22.3,21.2,0.3,8.7,0.0,62,303,"1,127","3,975","2,698",28.9,2.2,733
Bhutan,BTN,SEAR,Lower-middle,2015,3.4,97,74.3,20.7,19.8,0.2,5.1,0.0,77,315,"1,230","4,907","2,819",27.5,2.6,741
Bhutan,BTN,SEAR,Lower-middle,2016,3.3,97,74.0,21.3,20.1,0.2,4.8,0.0,96,312,"1,318","5,133","2,973",30.5,2.4,748
Bhutan,BTN,SEAR,Lower-middle,2017,3.1,104,74.5,14.3,13.3,0.2,11.2,0.0,68,321,898,"5,350","3,330",30.6,2.3,754
Bhutan,BTN,SEAR,Lower-middle,2018,3.1,102,79.5,14.4,13.2,0.1,6.1,0.0,86,298,918,"5,848","3,324",31.7,2.4,760
Bhutan,BTN,SEAR,Lower-middle,2019,3.4,116,73.6,19.5,17.8,0.2,7.0,0.0,137,285,"1,450","6,280","3,429",24.2,2.5,765
Bhutan,BTN,SEAR,Lower-middle,2020,4.1,134,78.0,16.9,15.4,0.2,5.1,0.0,142,213,"1,533","7,966","3,284",30.9,3.2,770
Bhutan,BTN,SEAR,Lower-middle,2021,4.8,161,48.4,29.7,28.5,0.1,21.8,0.0,"2,466",286,"3,405","6,065","3,374",36.6,2.3,775
Bhutan,BTN,SEAR,Lower-middle,2022,3.9,138,54.6,29.6,28.0,0.1,15.8,0.0,368,"1,520","3,039","7,441","3,523",32.1,2.1,781
Bhutan,BTN,SEAR,Lower-middle,2023,4.4,162,66.7,26.9,25.5,0.1,6.4,0.0,664,393,"3,411","9,322","3,673",28.8,2.9,786
India,IND,SEAR,Lower-middle,2000,4.1,18,20.7,76.6,71.7,0.8,2.7,1.6,48,17,595,174,450,27.8,0.8,"1,057,923"
India,IND,SEAR,Lower-middle,2001,4.3,20,18.9,78.8,74.1,0.8,2.3,1.6,49,18,690,178,455,28.2,0.8,"1,077,899"
India,IND,SEAR,Lower-middle,2002,4.3,20,18.2,79.4,73.4,0.8,2.5,1.6,64,20,719,181,467,28.3,0.8,"1,097,600"
India,IND,SEAR,Lower-middle,2003,4.1,22,18.7,79.8,73.4,0.8,1.5,1.6,69,13,749,185,537,28.5,0.8,"1,116,803"
India,IND,SEAR,Lower-middle,2004,4.0,25,18.0,79.8,72.5,1.7,2.2,1.5,89,21,819,205,619,27.3,0.7,"1,135,992"
India,IND,SEAR,Lower-middle,2005,3.9,27,20.1,78.3,73.1,1.6,1.5,1.8,69,16,887,235,713,26.4,0.8,"1,154,676"
India,IND,SEAR,Lower-middle,2006,3.7,29,20.5,78.1,72.3,2.1,1.4,1.9,84,16,962,260,801,26.1,0.8,"1,172,879"
India,IND,SEAR,Lower-middle,2007,3.6,36,20.9,77.6,70.8,2.9,1.5,2.0,107,19,"1,043",293,995,26.8,0.7,"1,190,676"
India,IND,SEAR,Lower-middle,2008,3.6,38,22.6,75.5,69.1,3.3,1.9,1.9,128,26,"1,133",346,"1,049",29.0,0.8,"1,207,931"
India,IND,SEAR,Lower-middle,2009,3.5,38,25.6,73.4,66.8,3.7,1.0,2.4,148,16,"1,230",421,"1,073",29.1,0.9,"1,225,525"
India,IND,SEAR,Lower-middle,2010,3.3,45,26.2,72.8,65.2,4.7,1.0,2.6,190,16,"1,335",470,"1,343",28.1,0.9,"1,243,482"
India,IND,SEAR,Lower-middle,2011,3.2,48,28.9,70.3,62.2,5.1,0.9,2.8,219,15,"1,399",567,"1,484",27.7,0.9,"1,261,225"
India,IND,SEAR,Lower-middle,2012,3.3,48,28.0,71.1,63.0,5.3,0.9,3.0,256,17,"1,631",624,"1,455",27.1,0.9,"1,278,675"
India,IND,SEAR,Lower-middle,2013,3.7,55,23.1,76.7,69.1,4.8,0.3,2.9,287,4,"2,245",625,"1,479",26.7,0.9,"1,295,830"
India,IND,SEAR,Lower-middle,2014,3.6,56,23.7,75.6,67.0,5.0,0.7,2.7,347,13,"2,305",693,"1,557",26.3,0.9,"1,312,277"
India,IND,SEAR,Lower-middle,2015,3.6,58,25.6,73.6,64.7,4.4,0.7,3.2,356,13,"2,411",805,"1,617",27.3,0.9,"1,328,024"
India,IND,SEAR,Lower-middle,2016,3.5,60,26.8,72.5,63.2,5.1,0.6,4.5,392,12,"2,537",904,"1,704",27.7,0.9,"1,343,944"
India,IND,SEAR,Lower-middle,2017,2.9,57,32.9,66.5,55.1,6.6,0.6,5.5,433,8,"2,034","1,019","1,930",26.4,1.0,"1,359,657"
India,IND,SEAR,Lower-middle,2018,2.9,57,34.3,65.2,53.2,7.3,0.5,6.0,485,7,"2,092","1,116","2,010",26.7,1.0,"1,374,659"
India,IND,SEAR,Lower-middle,2019,3.0,61,35.1,64.4,52.0,7.7,0.6,6.4,542,11,"2,223","1,237","2,055",26.9,1.0,"1,389,030"
India,IND,SEAR,Lower-middle,2020,3.3,64,36.3,63.1,49.5,8.1,0.7,5.7,655,19,"2,342","1,461","1,910",32.9,1.2,"1,402,618"
India,IND,SEAR,Lower-middle,2021,3.3,76,40.4,58.6,45.1,8.5,1.0,5.9,769,41,"2,519","1,968","2,257",30.3,1.4,"1,414,204"
India,IND,SEAR,Lower-middle,2022,3.4,82,40.4,58.5,44.5,9.0,1.1,1.4,922,43,"2,854","2,541","2,400",29.1,1.4,"1,425,423"
India,IND,SEAR,Lower-middle,2023,3.3,85,39.0,58.6,43.9,9.8,2.4,1.2,"1,052",143,"3,070","2,793","2,536",28.4,1.3,"1,438,070"
Maldives,MDV,SEAR,Upper-middle,2000,7.7,220,33.1,66.9,63.0,3.9,0.0,0.0,100,0,"1,630",858,"2,842",29.0,2.6,282
Maldives,MDV,SEAR,Upper-middle,2001,8.2,230,32.6,67.3,57.5,3.5,0.1,0.0,266,0,"1,617",917,"2,798",29.6,2.7,287
Maldives,MDV,SEAR,Upper-middle,2002,8.8,249,29.0,70.1,51.9,3.2,0.9,0.0,573,0,"1,657",927,"2,840",29.6,2.5,292
Maldives,MDV,SEAR,Upper-middle,2003,6.8,241,31.7,67.5,53.8,3.3,0.8,0.0,421,0,"1,657",976,"3,549",26.4,2.1,296
Maldives,MDV,SEAR,Upper-middle,2004,7.5,305,30.9,68.6,59.5,3.1,0.5,0.0,357,0,"2,320","1,204","4,070",24.1,2.3,301
Maldives,MDV,SEAR,Upper-middle,2005,8.8,335,33.6,65.8,55.7,3.0,0.6,0.0,376,7,"2,388","1,526","3,797",38.8,3.0,306
Maldives,MDV,SEAR,Upper-middle,2006,8.0,404,36.8,62.4,49.9,2.8,0.8,0.0,621,5,"2,581","1,968","5,019",35.0,3.0,314
Maldives,MDV,SEAR,Upper-middle,2007,8.3,478,47.1,52.6,47.2,2.7,0.2,0.0,265,6,"2,891","2,966","5,758",34.8,3.9,324
Maldives,MDV,SEAR,Upper-middle,2008,11.5,775,55.8,43.5,33.1,2.0,0.8,0.0,822,22,"3,284","5,815","6,757",35.6,6.4,336
Maldives,MDV,SEAR,Upper-middle,2009,10.1,680,57.7,41.8,34.3,2.2,0.5,0.0,236,36,"2,985","5,478","6,734",37.0,5.8,348
Maldives,MDV,SEAR,Upper-middle,2010,8.5,609,53.0,46.7,40.1,2.6,0.3,0.0,282,20,"3,124","4,388","7,174",33.2,4.5,361
Maldives,MDV,SEAR,Upper-middle,2011,7.9,588,46.4,52.9,39.7,2.9,0.7,0.0,846,20,"3,409","4,295","7,425",31.3,3.7,374
Maldives,MDV,SEAR,Upper-middle,2012,8.7,647,48.5,50.4,32.2,2.3,1.0,0.0,"1,562",17,"3,200","5,095","7,461",29.8,4.2,387
Maldives,MDV,SEAR,Upper-middle,2013,8.2,672,52.7,46.4,32.3,0.2,0.9,0.0,"1,431",1,"3,333","5,451","8,236",27.0,4.3,400
Maldives,MDV,SEAR,Upper-middle,2014,7.9,707,62.0,37.4,28.1,0.1,0.6,0.0,"1,003",3,"3,059","6,785","8,939",29.1,4.9,414
Maldives,MDV,SEAR,Upper-middle,2015,8.7,837,71.8,27.8,19.5,1.8,0.4,0.0,"1,084",0,"2,503","9,166","9,645",33.8,6.2,428
Maldives,MDV,SEAR,Upper-middle,2016,10.2,"1,018",72.1,27.5,18.9,1.6,0.5,0.0,"1,292",6,"2,962","11,251","9,948",37.3,7.4,443
Maldives,MDV,SEAR,Upper-middle,2017,9.1,962,71.2,28.4,20.6,2.1,0.4,0.0,"1,143",2,"3,046","10,457","10,510",30.4,6.5,458
Maldives,MDV,SEAR,Upper-middle,2018,7.3,833,77.3,21.5,19.8,2.7,1.2,0.0,410,91,"2,537","9,877","11,423",31.9,5.6,473
Maldives,MDV,SEAR,Upper-middle,2019,7.5,881,78.3,19.2,17.5,2.5,2.4,0.0,467,205,"2,366","10,716","11,740",32.9,5.9,488
Maldives,MDV,SEAR,Upper-middle,2020,11.4,846,80.0,18.3,16.9,2.2,1.7,0.0,360,149,"2,200","10,451","7,394",50.4,9.2,502
Maldives,MDV,SEAR,Upper-middle,2021,8.9,901,66.5,18.5,17.1,1.4,15.0,0.0,288,"1,986","2,371","11,193","10,180",40.6,5.9,516
Maldives,MDV,SEAR,Upper-middle,2022,7.5,884,74.3,22.0,20.3,1.7,3.7,0.0,452,282,"2,757","10,391","11,786",42.0,5.6,524
Maldives,MDV,SEAR,Upper-middle,2023,9.2,"1,159",78.9,19.6,18.0,1.5,1.5,0.0,421,122,"3,219","14,194","12,530",46.9,7.3,526
Myanmar,MMR,SEAR,Lower-middle,2000,2.0,4,13.2,85.7,85.7,0.0,1.2,0.3,1,13,"1,025",167,223,21.4,0.3,"45,291"
Myanmar,MMR,SEAR,Lower-middle,2001,2.2,5,11.3,85.9,85.9,0.0,2.8,0.3,29,17,"1,409",198,214,19.1,0.2,"45,771"
Myanmar,MMR,SEAR,Lower-middle,2002,2.6,7,13.9,82.2,82.2,0.0,3.8,0.3,79,34,"2,409",432,273,15.3,0.4,"46,233"
Myanmar,MMR,SEAR,Lower-middle,2003,2.4,7,10.2,83.2,83.2,0.0,6.6,0.1,194,64,"3,242",456,274,14.3,0.2,"46,667"
Myanmar,MMR,SEAR,Lower-middle,2004,2.3,7,10.9,78.9,78.9,0.0,10.2,0.2,405,80,"3,736",588,301,14.6,0.3,"47,069"
Myanmar,MMR,SEAR,Lower-middle,2005,2.3,8,7.3,82.5,82.5,0.0,10.2,0.1,557,56,"4,958",485,326,14.6,0.2,"47,438"
Myanmar,MMR,SEAR,Lower-middle,2006,2.3,8,11.9,75.0,75.0,0.0,13.0,0.2,919,106,"5,898","1,028",374,15.6,0.3,"47,785"
Myanmar,MMR,SEAR,Lower-middle,2007,2.0,10,10.0,82.2,82.2,0.0,7.8,0.2,614,140,"7,950","1,093",487,15.7,0.2,"48,125"
Myanmar,MMR,SEAR,Lower-middle,2008,2.1,15,8.1,82.5,82.5,0.0,9.4,0.2,861,335,"10,453","1,342",693,14.4,0.2,"48,391"
Myanmar,MMR,SEAR,Lower-middle,2009,2.2,19,8.7,82.3,82.3,0.0,9.1,0.2,929,402,"12,075","1,650",861,14.4,0.2,"48,660"
Myanmar,MMR,SEAR,Lower-middle,2010,2.0,20,9.8,80.7,80.7,0.0,9.4,0.6,950,444,"11,957","1,811","1,028",15.8,0.2,"49,024"
Myanmar,MMR,SEAR,Lower-middle,2011,2.0,27,12.0,77.3,77.3,0.0,10.8,0.5,"1,745",54,"12,919","1,965","1,405",15.6,0.2,"49,420"
Myanmar,MMR,SEAR,Lower-middle,2012,2.4,37,17.2,76.7,76.7,0.0,6.1,0.3,"1,340",112,"18,307","4,160","1,529",20.0,0.4,"49,837"
Myanmar,MMR,SEAR,Lower-middle,2013,3.1,38,18.9,72.2,72.2,0.0,8.9,0.2,"3,034",95,"25,413","6,654","1,211",23.9,0.6,"50,263"
Myanmar,MMR,SEAR,Lower-middle,2014,4.1,54,24.2,66.0,66.0,0.0,9.8,0.3,"3,462","1,763","35,284","14,533","1,308",24.7,1.0,"50,682"
Myanmar,MMR,SEAR,Lower-middle,2015,5.2,64,22.0,70.5,70.5,0.0,7.6,0.4,"5,204",386,"52,112","16,361","1,224",23.7,1.1,"51,089"
Myanmar,MMR,SEAR,Lower-middle,2016,4.8,60,14.0,76.7,76.7,0.0,9.3,0.6,"5,082","1,802","56,505","11,694","1,253",21.3,0.7,"51,496"
Myanmar,MMR,SEAR,Lower-middle,2017,4.7,60,14.8,75.7,75.7,0.0,9.5,0.6,"5,752","1,954","61,281","13,474","1,268",19.7,0.7,"51,895"
Myanmar,MMR,SEAR,Lower-middle,2018,4.5,61,14.8,76.4,76.4,0.0,8.7,0.7,"5,387","2,202","66,492","14,489","1,341",18.7,0.7,"52,272"
Myanmar,MMR,SEAR,Lower-middle,2019,3.8,54,16.0,76.6,76.6,0.0,7.4,0.9,"5,195",860,"62,448","13,166","1,408",20.5,0.6,"52,641"
Myanmar,MMR,SEAR,Lower-middle,2020,4.3,66,16.7,77.1,72.6,0.0,6.2,1.2,"4,506","1,183","66,200","19,411","1,543",21.2,0.7,"53,017"
Myanmar,MMR,SEAR,Lower-middle,2021,5.5,97,16.6,73.3,54.1,0.0,10.1,0.6,"10,012","1,382","60,936","40,984","1,750",20.6,0.9,"53,387"
Myanmar,MMR,SEAR,Lower-middle,2022,4.5,58,11.1,75.8,65.1,0.1,13.1,0.8,"12,934","1,740","72,629","25,103","1,291",21.2,0.5,"53,757"
Myanmar,MMR,SEAR,Lower-middle,2023,4.5,56,11.1,82.8,71.1,0.1,6.1,0.8,"7,131",424,"87,619","27,510","1,261",21.2,0.5,"54,134"
Nepal,NPL,SEAR,Lower-middle,2000,3.1,8,15.5,63.0,55.8,0.1,21.5,0.0,43,63,331,155,266,11.4,0.5,"24,547"
Nepal,NPL,SEAR,Lower-middle,2001,3.8,10,15.3,57.9,51.3,0.1,26.8,0.0,51,102,395,235,269,12.9,0.6,"24,947"
Nepal,NPL,SEAR,Lower-middle,2002,3.9,10,20.1,58.2,52.0,0.2,21.6,0.0,51,74,423,249,266,13.0,0.8,"25,329"
Nepal,NPL,SEAR,Lower-middle,2003,3.9,11,17.1,60.2,53.8,0.2,22.7,0.0,54,88,454,242,287,12.0,0.7,"25,689"
Nepal,NPL,SEAR,Lower-middle,2004,4.0,13,16.0,58.5,51.6,0.2,25.5,0.0,66,102,491,255,319,11.8,0.6,"26,017"
Nepal,NPL,SEAR,Lower-middle,2005,4.0,14,19.1,57.2,49.2,0.3,23.7,0.0,81,79,497,272,358,12.0,0.8,"26,309"
Nepal,NPL,SEAR,Lower-middle,2006,3.5,14,23.9,49.7,42.5,0.3,26.4,0.0,72,103,423,341,386,11.2,0.8,"26,565"
Nepal,NPL,SEAR,Lower-middle,2007,3.7,17,18.5,67.3,61.0,0.2,14.3,0.0,72,96,694,307,467,13.1,0.7,"26,788"
Nepal,NPL,SEAR,Lower-middle,2008,3.8,19,18.6,66.5,61.6,0.2,14.8,0.0,65,109,811,355,494,13.4,0.7,"26,990"
Nepal,NPL,SEAR,Lower-middle,2009,3.9,21,20.4,63.8,57.6,0.2,15.8,0.0,100,158,933,488,535,17.0,0.8,"27,173"
Nepal,NPL,SEAR,Lower-middle,2010,4.4,30,18.1,68.0,56.2,0.5,13.9,0.0,265,158,"1,220",573,679,16.5,0.8,"27,342"
Nepal,NPL,SEAR,Lower-middle,2011,4.5,34,17.9,71.4,58.4,0.4,10.7,0.0,336,135,"1,476",607,767,16.3,0.8,"27,464"
Nepal,NPL,SEAR,Lower-middle,2012,4.5,34,17.5,69.0,56.1,0.5,13.5,0.0,370,188,"1,608",710,749,16.8,0.8,"27,535"
Nepal,NPL,SEAR,Lower-middle,2013,4.6,35,16.3,71.7,63.5,0.6,11.9,0.0,271,209,"2,078",741,759,15.5,0.8,"27,590"
Nepal,NPL,SEAR,Lower-middle,2014,5.1,42,17.2,69.1,60.0,0.5,13.7,0.0,372,223,"2,459",924,827,16.6,0.9,"27,672"
Nepal,NPL,SEAR,Lower-middle,2015,5.5,46,16.6,69.0,59.4,0.4,14.4,0.0,458,245,"2,830","1,032",851,17.7,0.9,"27,824"
Nepal,NPL,SEAR,Lower-middle,2016,5.4,47,18.6,69.7,55.4,0.4,11.7,0.0,725,157,"2,805","1,094",869,19.0,1.0,"27,955"
Nepal,NPL,SEAR,Lower-middle,2017,4.7,50,22.6,62.0,57.4,0.6,15.4,0.2,897,147,"2,976","1,305","1,051",23.6,1.1,"28,011"
Nepal,NPL,SEAR,Lower-middle,2018,4.5,51,23.6,62.9,57.7,2.8,13.5,1.0,949,97,"3,217","1,352","1,130",28.0,1.1,"28,080"
Nepal,NPL,SEAR,Lower-middle,2019,4.4,54,24.8,63.3,57.9,3.1,11.9,1.6,941,66,"3,496","1,503","1,206",27.3,1.1,"28,414"
Nepal,NPL,SEAR,Lower-middle,2020,5.2,59,30.1,59.4,54.2,2.9,10.5,2.3,971,90,"3,788","2,073","1,134",27.6,1.6,"28,967"
Nepal,NPL,SEAR,Lower-middle,2021,5.5,69,31.9,55.8,53.1,1.2,12.3,3.1,666,521,"4,342","2,914","1,250",27.2,1.8,"29,475"
Nepal,NPL,SEAR,Lower-middle,2022,6.5,87,32.0,57.6,55.4,0.9,10.5,3.3,824,278,"6,061","3,694","1,338",26.1,2.1,"29,715"
Nepal,NPL,SEAR,Lower-middle,2023,6.2,84,31.3,61.7,59.4,1.2,6.9,5.5,930,66,"6,588","2,970","1,363",25.2,1.9,"29,695"
Sri Lanka,LKA,SEAR,Lower-middle,2000,4.1,43,53.6,45.5,40.0,1.5,0.9,0.5,177,30,"1,312","1,772","1,036",21.7,2.2,"19,293"
Sri Lanka,LKA,SEAR,Lower-middle,2001,4.1,40,52.6,46.7,41.1,1.5,0.7,0.5,200,25,"1,464","1,882",983,22.4,2.1,"19,600"
Sri Lanka,LKA,SEAR,Lower-middle,2002,4.0,41,53.5,46.4,40.5,2.0,0.2,0.6,233,8,"1,596","2,092","1,022",20.8,2.2,"19,806"
Sri Lanka,LKA,SEAR,Lower-middle,2003,3.6,41,55.1,43.9,37.6,1.9,1.1,0.6,246,41,"1,482","2,188","1,120",19.3,2.0,"19,952"
Sri Lanka,LKA,SEAR,Lower-middle,2004,4.0,49,52.7,46.8,41.0,1.9,0.5,0.6,286,25,"2,041","2,617","1,217",19.3,2.1,"20,088"
Sri Lanka,LKA,SEAR,Lower-middle,2005,3.9,55,52.6,46.5,40.5,2.2,0.8,0.7,335,47,"2,255","2,939","1,428",20.1,2.0,"20,217"
Sri Lanka,LKA,SEAR,Lower-middle,2006,3.9,63,51.0,46.6,40.9,1.8,2.5,0.6,369,161,"2,693","3,476","1,644",20.5,2.0,"20,352"
Sri Lanka,LKA,SEAR,Lower-middle,2007,3.8,71,48.5,50.4,44.9,1.7,1.1,0.6,438,87,"3,542","3,871","1,868",19.9,1.9,"20,493"
Sri Lanka,LKA,SEAR,Lower-middle,2008,3.9,90,43.2,55.9,50.6,1.5,0.9,0.5,515,83,"4,938","4,245","2,335",19.1,1.7,"20,629"
Sri Lanka,LKA,SEAR,Lower-middle,2009,4.1,97,40.6,58.2,53.3,1.3,1.2,0.4,549,134,"5,957","4,624","2,398",21.0,1.6,"20,756"
Sri Lanka,LKA,SEAR,Lower-middle,2010,3.7,105,40.4,58.4,53.3,1.3,1.2,0.4,607,137,"6,332","4,891","2,808",19.3,1.5,"20,879"
Sri Lanka,LKA,SEAR,Lower-middle,2011,3.6,116,42.5,56.9,51.2,1.7,0.5,0.4,731,65,"6,542","5,445","3,225",19.1,1.5,"21,009"
Sri Lanka,LKA,SEAR,Lower-middle,2012,3.3,110,42.2,57.4,51.9,1.7,0.4,0.4,767,53,"7,292","5,922","3,328",17.3,1.4,"21,169"
Sri Lanka,LKA,SEAR,Lower-middle,2013,3.7,133,45.4,53.9,48.9,1.6,0.6,0.4,860,110,"8,410","7,850","3,605",16.6,1.7,"21,359"
Sri Lanka,LKA,SEAR,Lower-middle,2014,3.5,133,44.7,54.1,48.7,1.9,1.2,0.4,933,209,"8,442","7,896","3,830",17.2,1.6,"21,547"
Sri Lanka,LKA,SEAR,Lower-middle,2015,3.7,144,44.0,54.7,48.9,2.0,1.4,0.4,"1,125",267,"9,592","8,809","3,918",19.3,1.6,"21,730"
Sri Lanka,LKA,SEAR,Lower-middle,2016,3.6,145,43.1,56.0,50.1,2.0,0.9,0.4,"1,246",183,"10,604","9,214","4,017",18.2,1.6,"21,911"
Sri Lanka,LKA,SEAR,Lower-middle,2017,3.3,142,41.0,56.1,49.3,2.6,2.9,0.8,"1,476",609,"10,686","9,324","4,273",17.9,1.4,"22,088"
Sri Lanka,LKA,SEAR,Lower-middle,2018,3.6,155,45.7,52.8,46.8,2.0,1.5,0.9,"1,506",347,"11,763","11,609","4,246",17.5,1.7,"22,253"
Sri Lanka,LKA,SEAR,Lower-middle,2019,3.7,147,46.9,51.0,44.3,2.8,2.1,0.8,"1,773",552,"11,640","12,648","3,972",19.5,1.7,"22,411"
Sri Lanka,LKA,SEAR,Lower-middle,2020,4.3,160,50.4,44.0,37.5,2.8,5.5,0.8,"2,003","1,569","11,119","16,277","3,737",22.1,2.2,"22,562"
Sri Lanka,LKA,SEAR,Lower-middle,2021,5.2,203,43.5,45.9,40.7,2.2,10.5,0.7,"2,241","3,683","16,418","20,947","3,903",20.0,2.3,"22,700"
Sri Lanka,LKA,SEAR,Lower-middle,2022,4.0,130,38.3,50.4,45.3,1.9,11.3,0.7,"2,268","4,617","19,008","20,390","3,266",18.6,1.5,"22,835"
Sri Lanka,LKA,SEAR,Lower-middle,2023,3.7,134,33.6,60.4,54.8,2.0,6.0,0.7,"2,661","2,445","24,097","16,886","3,645",19.5,1.2,"22,972"
Thailand,THA,SEAR,Upper-middle,2000,3.1,62,55.2,44.8,34.2,3.2,0.0,5.6,196,,853,"1,237","2,006",18.5,1.7,"63,008"
Thailand,THA,SEAR,Upper-middle,2001,3.0,57,55.0,45.0,34.0,3.3,0.0,7.0,204,,864,"1,221","1,890",19.9,1.7,"63,651"
Thailand,THA,SEAR,Upper-middle,2002,3.3,70,62.3,37.5,27.9,3.1,0.2,5.8,209,,835,"1,690","2,090",23.8,2.1,"64,266"
Thailand,THA,SEAR,Upper-middle,2003,3.2,76,63.1,36.7,27.2,3.3,0.2,6.4,222,,858,"1,791","2,348",17.9,2.0,"64,868"
Thailand,THA,SEAR,Upper-middle,2004,3.1,83,64.1,35.7,26.4,3.5,0.2,6.8,224,,881,"1,911","2,642",18.8,2.0,"65,452"
Thailand,THA,SEAR,Upper-middle,2005,3.2,91,63.7,36.2,27.6,3.4,0.1,8.2,229,,"1,005","2,022","2,868",19.2,2.0,"66,017"
Thailand,THA,SEAR,Upper-middle,2006,3.1,103,72.0,28.0,17.7,3.9,0.1,8.4,274,,691,"2,488","3,331",18.4,2.2,"66,568"
Thailand,THA,SEAR,Upper-middle,2007,3.2,125,75.6,24.3,14.8,3.8,0.1,7.8,272,,640,"2,930","3,919",19.5,2.4,"67,102"
Thailand,THA,SEAR,Upper-middle,2008,3.5,149,75.4,24.5,14.7,4.0,0.1,7.3,348,,730,"3,380","4,309",19.3,2.6,"67,620"
Thailand,THA,SEAR,Upper-middle,2009,3.6,150,73.1,26.8,15.9,5.4,0.1,8.1,436,,816,"3,337","4,135",21.2,2.6,"68,121"
Thailand,THA,SEAR,Upper-middle,2010,3.4,169,73.8,26.1,14.5,5.9,0.1,8.1,488,,775,"3,509","4,974",21.6,2.5,"68,579"
Thailand,THA,SEAR,Upper-middle,2011,3.6,192,76.4,23.4,13.0,4.9,0.2,7.8,464,,761,"4,013","5,374",21.2,2.7,"69,007"
Thailand,THA,SEAR,Upper-middle,2012,3.5,202,76.1,23.8,13.4,5.5,0.1,8.6,520,,842,"4,233","5,726",21.2,2.7,"69,436"
Thailand,THA,SEAR,Upper-middle,2013,3.5,208,76.0,23.7,12.5,6.2,0.3,8.5,570,,801,"4,310","6,018",21.6,2.6,"69,845"
Thailand,THA,SEAR,Upper-middle,2014,3.7,214,75.7,24.0,12.9,6.5,0.3,8.6,648,,893,"4,658","5,801",22.0,2.8,"70,216"
Thailand,THA,SEAR,Upper-middle,2015,3.9,219,71.4,28.4,11.9,10.6,0.3,8.4,"1,011",,894,"4,723","5,689",22.0,2.7,"70,541"
Thailand,THA,SEAR,Upper-middle,2016,3.9,230,72.4,27.5,10.8,10.7,0.1,8.2,"1,094",,877,"5,208","5,834",21.0,2.9,"70,860"
Thailand,THA,SEAR,Upper-middle,2017,3.9,247,72.0,27.9,11.8,10.8,0.1,8.4,"1,134",,993,"5,341","6,413",21.2,2.8,"71,160"
Thailand,THA,SEAR,Upper-middle,2018,3.9,275,70.9,29.0,10.1,13.5,0.1,8.4,"1,426",,897,"5,544","7,098",20.9,2.7,"71,376"
Thailand,THA,SEAR,Upper-middle,2019,3.8,288,71.7,28.2,8.7,13.8,0.1,9.2,"1,478",,776,"5,593","7,609",20.4,2.7,"71,522"
Thailand,THA,SEAR,Upper-middle,2020,4.4,304,70.4,29.6,10.5,14.1,0.1,8.8,"1,561",,"1,004","5,867","6,986",25.2,3.1,"71,641"
Thailand,THA,SEAR,Upper-middle,2021,5.2,364,70.4,29.5,9.0,16.5,0.1,12.8,"2,147",,"1,052","6,693","7,057",26.5,3.6,"71,727"
Thailand,THA,SEAR,Upper-middle,2022,5.4,370,72.7,27.2,9.2,14.7,0.1,9.4,"2,106",6,"1,195","8,217","6,909",24.3,3.9,"71,735"
Thailand,THA,SEAR,Upper-middle,2023,4.5,327,77.9,22.0,9.9,8.1,0.1,7.8,"1,120",8,"1,129","7,968","7,195",22.7,3.5,"71,702"
Timor-Leste,TLS,SEAR,Lower-middle,2003,2.8,15,45.9,46.7,40.9,0.0,7.5,0.0,1,0,6,8,534,80.2,1.3,917
Timor-Leste,TLS,SEAR,Lower-middle,2004,4.3,20,39.2,40.6,34.6,0.0,20.2,0.0,3,1,7,10,475,74.1,1.7,929
Timor-Leste,TLS,SEAR,Lower-middle,2005,5.3,26,40.2,39.4,33.2,0.0,20.4,0.0,4,1,9,13,487,58.4,2.1,948
Timor-Leste,TLS,SEAR,Lower-middle,2006,6.0,28,39.9,24.4,22.0,0.0,35.6,0.0,8,2,6,13,465,59.9,2.4,977
Timor-Leste,TLS,SEAR,Lower-middle,2007,5.6,31,17.1,18.7,18.3,0.0,64.2,0.0,17,2,6,7,540,75.9,1.0,"1,005"
Timor-Leste,TLS,SEAR,Lower-middle,2008,7.0,44,48.8,11.5,11.5,0.0,39.7,0.0,13,4,5,26,628,122.4,3.4,"1,032"
Timor-Leste,TLS,SEAR,Lower-middle,2009,7.3,50,44.4,9.0,8.8,0.0,46.6,0.0,21,2,4,25,687,121.9,3.2,"1,059"
Timor-Leste,TLS,SEAR,Lower-middle,2010,6.5,53,50.8,11.9,11.6,0.0,37.3,0.0,11,8,6,35,813,121.3,3.3,"1,085"
Timor-Leste,TLS,SEAR,Lower-middle,2011,6.9,64,52.0,10.4,9.9,0.0,37.7,0.0,13,11,6,45,939,133.3,3.6,"1,110"
Timor-Leste,TLS,SEAR,Lower-middle,2012,7.0,71,59.3,9.5,9.5,0.0,31.2,0.0,17,6,7,48,"1,022",129.4,4.1,"1,135"
Timor-Leste,TLS,SEAR,Lower-middle,2013,8.5,103,52.1,7.0,7.0,0.0,40.9,0.0,0,23,7,76,"1,205",96.1,4.4,"1,159"
Timor-Leste,TLS,SEAR,Lower-middle,2014,7.6,93,54.3,11.4,7.9,3.5,34.3,0.0,3,20,7,70,"1,225",110.9,4.1,"1,182"
Timor-Leste,TLS,SEAR,Lower-middle,2015,7.7,101,57.4,11.3,7.4,3.9,31.3,0.0,5,19,7,78,"1,319",98.1,4.4,"1,205"
Timor-Leste,TLS,SEAR,Lower-middle,2016,6.9,93,49.6,11.2,7.9,3.3,39.2,0.0,5,24,7,70,"1,335",112.2,3.4,"1,228"
Timor-Leste,TLS,SEAR,Lower-middle,2017,6.8,86,66.0,11.6,8.3,3.3,22.4,0.0,4,18,7,75,"1,266",87.3,4.5,"1,252"
Timor-Leste,TLS,SEAR,Lower-middle,2018,6.4,78,61.7,10.2,10.2,,28.1,0.0,2,20,8,68,"1,219",85.5,4.0,"1,276"
Timor-Leste,TLS,SEAR,Lower-middle,2019,5.0,78,57.7,10.5,10.5,,31.8,0.0,4,21,8,66,"1,563",68.7,2.9,"1,301"
Timor-Leste,TLS,SEAR,Lower-middle,2020,7.3,118,55.3,6.7,6.7,,38.0,0.0,1,44,8,110,"1,631",60.9,4.0,"1,326"
Timor-Leste,TLS,SEAR,Lower-middle,2021,4.9,132,63.4,5.9,5.9,,30.7,0.0,8,33,8,116,"2,685",44.8,3.1,"1,350"
Timor-Leste,TLS,SEAR,Lower-middle,2022,7.5,175,71.8,5.5,5.5,,22.7,0.0,29,11,10,137,"2,344",60.2,5.4,"1,369"
Timor-Leste,TLS,SEAR,Lower-middle,2023,9.6,144,77.7,7.0,7.0,,15.3,0.0,16,6,10,118,"1,503",81.4,7.5,"1,384"
Australia,AUS,WPR,High,2000,7.6,"1,627",71.8,28.2,21.0,7.7,0.0,0.0,298,0,589,"1,919","21,436",37.3,5.5,"19,132"
Australia,AUS,WPR,High,2001,7.7,"1,550",71.1,28.9,20.4,8.7,0.0,0.0,354,0,613,"2,031","20,203",37.1,5.5,"19,365"
Australia,AUS,WPR,High,2002,7.9,"1,753",71.9,28.1,19.9,8.7,0.0,0.0,370,0,643,"2,214","22,267",36.5,5.7,"19,595"
Australia,AUS,WPR,High,2003,7.9,"2,227",71.3,28.7,19.1,8.7,0.0,0.0,440,0,658,"2,337","28,275",36.3,5.6,"19,819"
Australia,AUS,WPR,High,2004,8.1,"2,744",71.7,28.3,19.2,8.3,0.0,0.0,464,0,717,"2,550","33,951",36.3,5.8,"20,047"
Australia,AUS,WPR,High,2005,8.0,"2,996",71.8,28.2,19.6,8.3,0.0,0.0,469,0,771,"2,683","37,614",36.0,5.7,"20,294"
Australia,AUS,WPR,High,2006,8.0,"3,175",71.7,28.3,19.7,8.3,0.0,0.0,504,0,833,"2,880","39,827",35.8,5.7,"20,591"
Australia,AUS,WPR,High,2007,8.1,"3,793",72.9,27.1,19.0,8.3,0.0,0.0,530,0,861,"3,141","47,106",35.6,5.9,"20,955"
Australia,AUS,WPR,High,2008,8.2,"4,083",72.3,27.7,19.0,8.5,0.0,0.0,582,0,927,"3,359","49,512",38.2,6.0,"21,371"
Australia,AUS,WPR,High,2009,8.5,"3,989",73.0,27.0,19.1,8.2,0.0,0.0,596,0,975,"3,545","46,700",39.3,6.2,"21,783"
Australia,AUS,WPR,High,2010,8.4,"4,948",72.4,27.6,19.7,8.2,0.0,0.0,626,0,"1,065","3,702","58,769",37.8,6.1,"22,142"
Australia,AUS,WPR,High,2011,8.5,"5,877",73.3,26.7,19.2,8.2,0.0,0.0,662,0,"1,092","3,943","68,862",38.3,6.3,"22,480"
Australia,AUS,WPR,High,2012,8.7,"6,039",71.2,28.8,19.9,8.9,0.0,0.0,731,0,"1,163","3,939","69,651",38.2,6.2,"22,853"
Australia,AUS,WPR,High,2013,8.7,"5,812",67.7,32.3,19.5,13.2,0.0,0.0,933,0,"1,176","3,840","66,447",38.5,5.9,"23,236"
Australia,AUS,WPR,High,2014,9.8,"6,098",70.1,29.9,17.8,12.4,0.0,0.0,987,0,"1,207","4,502","62,048",39.1,6.9,"23,596"
Australia,AUS,WPR,High,2015,10.1,"5,272",71.3,28.7,16.9,12.3,0.0,0.0,"1,002",0,"1,187","4,761","52,010",39.5,7.2,"23,948"
Australia,AUS,WPR,High,2016,10.1,"5,418",71.4,28.6,16.6,12.2,0.0,0.0,"1,040",0,"1,212","4,964","53,703",38.9,7.2,"24,330"
Australia,AUS,WPR,High,2017,10.1,"5,771",71.5,28.5,16.3,12.1,0.0,0.0,"1,084",0,"1,228","5,148","57,086",38.9,7.2,"24,731"
Australia,AUS,WPR,High,2018,10.1,"5,844",71.3,28.7,16.5,11.8,0.0,0.0,"1,109",0,"1,289","5,339","57,921",38.8,7.2,"25,120"
Australia,AUS,WPR,High,2019,10.3,"5,543",73.5,26.5,15.0,11.2,0.0,0.0,"1,062",0,"1,197","5,624","54,060",44.0,7.5,"25,483"
Australia,AUS,WPR,High,2020,10.7,"5,968",73.4,26.6,15.2,10.9,0.0,0.0,"1,138",0,"1,321","6,120","55,759",46.0,7.9,"25,744"
Australia,AUS,WPR,High,2021,10.5,"7,092",75.5,24.5,14.5,9.7,0.0,0.0,"1,094",0,"1,365","6,885","67,441",41.1,7.9,"25,956"
Australia,AUS,WPR,High,2022,9.9,"6,724",74.3,25.7,15.1,10.2,0.0,0.0,"1,170",0,"1,467","6,954","67,972",36.3,7.3,"26,201"
Australia,AUS,WPR,High,2023,10.4,"6,980",73.7,26.3,15.8,10.0,0.0,0.0,"1,248",0,"1,665","7,478","67,129",36.5,7.7,"26,451"
Brunei Darussalam,BRN,WPR,High,2000,2.5,519,84.2,15.8,15.8,0.1,0.0,0.0,0,0,142,753,"20,372",37.5,2.1,326
Brunei Darussalam,BRN,WPR,High,2001,2.5,474,83.2,16.8,16.8,0.1,0.0,0.0,0,0,143,707,"18,618",35.5,2.1,333
Brunei Darussalam,BRN,WPR,High,2002,2.5,483,83.6,16.4,16.4,0.1,0.0,0.0,0,0,142,722,"19,038",41.4,2.1,340
Brunei Darussalam,BRN,WPR,High,2003,2.6,546,82.9,17.1,17.1,0.1,0.0,0.0,1,0,162,788,"20,962",30.9,2.2,347
Brunei Darussalam,BRN,WPR,High,2004,2.6,631,83.1,16.9,16.9,0.1,0.0,0.0,1,0,180,886,"24,716",33.2,2.1,353
Brunei Darussalam,BRN,WPR,High,2005,2.2,657,83.7,16.3,16.3,0.1,0.0,0.0,1,0,179,915,"29,425",29.1,1.9,359
Brunei Darussalam,BRN,WPR,High,2006,1.9,665,85.3,14.7,14.7,0.1,0.0,0.0,1,0,155,901,"34,854",28.0,1.6,365
Brunei Darussalam,BRN,WPR,High,2007,1.9,710,87.2,12.8,12.8,0.1,0.0,0.0,1,0,137,934,"36,592",29.3,1.7,371
Brunei Darussalam,BRN,WPR,High,2008,1.9,792,89.9,10.1,10.1,0.1,0.0,0.0,1,0,113,"1,009","42,216",27.2,1.7,378
Brunei Darussalam,BRN,WPR,High,2009,2.4,739,90.5,9.5,9.5,0.1,0.0,0.0,1,0,102,973,"30,893",34.8,2.2,385
Brunei Darussalam,BRN,WPR,High,2010,2.3,796,91.7,8.3,8.3,0.1,0.0,0.0,1,0,90,996,"34,938",36.2,2.1,392
Brunei Darussalam,BRN,WPR,High,2011,1.9,865,91.5,8.5,8.5,0.1,0.0,0.0,1,0,92,995,"46,384",29.7,1.7,399
Brunei Darussalam,BRN,WPR,High,2012,1.9,869,91.1,8.9,8.9,0.1,0.0,0.0,1,0,96,990,"46,968",31.0,1.7,406
Brunei Darussalam,BRN,WPR,High,2013,1.9,835,90.6,9.4,9.4,0.1,0.0,0.0,1,0,98,947,"44,003",33.6,1.7,411
Brunei Darussalam,BRN,WPR,High,2014,1.9,785,92.7,7.3,7.3,0.1,0.0,0.0,1,0,73,922,"41,027",34.1,1.8,417
Brunei Darussalam,BRN,WPR,High,2015,2.4,731,95.0,5.0,5.0,0.1,0.0,0.0,1,0,50,955,"30,625",38.7,2.3,422
Brunei Darussalam,BRN,WPR,High,2016,2.5,679,95.0,5.0,5.0,0.1,0.0,0.0,1,0,47,892,"26,664",39.4,2.4,428
Brunei Darussalam,BRN,WPR,High,2017,2.3,636,94.5,5.4,5.4,0.1,0.0,0.0,1,0,48,831,"28,025",36.6,2.1,433
Brunei Darussalam,BRN,WPR,High,2018,2.4,749,95.0,5.0,4.9,0.1,0.0,0.0,1,0,49,960,"30,989",32.2,2.3,438
Brunei Darussalam,BRN,WPR,High,2019,2.2,679,94.4,5.6,5.5,0.1,0.0,0.0,1,0,51,874,"30,427",32.4,2.1,443
Brunei Darussalam,BRN,WPR,High,2020,2.5,658,94.1,5.9,5.8,0.1,0.0,0.0,1,0,53,855,"26,834",33.2,2.3,447
Brunei Darussalam,BRN,WPR,High,2021,2.1,666,93.0,7.0,6.9,0.0,0.0,0.0,0,0,62,832,"31,007",29.3,2.0,452
Brunei Darussalam,BRN,WPR,High,2022,1.8,649,92.1,7.9,7.9,0.1,0.0,0.0,1,0,70,824,"36,633",26.4,1.6,455
Brunei Darussalam,BRN,WPR,High,2023,2.2,733,92.5,7.5,7.4,0.1,0.0,0.0,1,0,73,911,"32,891",29.4,2.1,459
Cambodia,KHM,WPR,Lower-middle,2000,6.5,19,19.7,78.1,68.8,0.1,2.1,0.0,852,0,"50,908","14,607",297,14.9,1.3,"12,462"
Cambodia,KHM,WPR,Lower-middle,2001,6.8,22,16.8,76.0,62.4,0.1,7.1,0.0,868,786,"54,206","15,420",328,14.5,1.1,"12,658"
Cambodia,KHM,WPR,Lower-middle,2002,6.9,24,19.3,72.8,60.8,0.1,7.9,0.0,729,955,"57,730","19,238",351,16.1,1.3,"12,855"
Cambodia,KHM,WPR,Lower-middle,2003,6.5,25,21.2,68.1,61.9,0.1,10.6,0.0,"1,085",955,"61,502","22,048",387,14.5,1.4,"13,051"
Cambodia,KHM,WPR,Lower-middle,2004,6.5,29,19.2,64.8,56.7,0.1,16.0,0.0,"1,879","2,862","65,544","25,082",444,12.6,1.2,"13,245"
Cambodia,KHM,WPR,Lower-middle,2005,6.2,32,17.7,68.0,61.2,0.1,14.3,0.0,"2,105","2,136","81,048","25,526",526,11.0,1.1,"13,439"
Cambodia,KHM,WPR,Lower-middle,2006,5.4,33,15.6,64.8,52.7,0.1,19.6,0.0,"1,777","8,356","70,954","29,364",612,11.3,0.8,"13,639"
Cambodia,KHM,WPR,Lower-middle,2007,4.4,32,18.7,52.7,46.5,0.1,28.6,0.1,"1,715","5,930","61,140","30,356",732,12.3,0.8,"13,842"
Cambodia,KHM,WPR,Lower-middle,2008,5.6,49,15.5,68.2,51.1,0.2,16.2,0.0,"34,045",0,"100,687","30,291",866,13.1,0.9,"14,053"
Cambodia,KHM,WPR,Lower-middle,2009,6.3,55,16.1,67.7,50.5,0.2,16.2,0.0,"39,763",0,"115,502","36,242",876,17.0,1.0,"14,277"
Cambodia,KHM,WPR,Lower-middle,2010,5.6,54,19.7,66.4,51.9,0.2,13.9,0.1,"32,664",0,"116,408","43,867",952,17.0,1.1,"14,501"
Cambodia,KHM,WPR,Lower-middle,2011,6.0,65,17.1,71.8,59.7,0.2,11.1,0.1,"32,541",0,"158,539","44,658","1,089",16.5,1.0,"14,723"
Cambodia,KHM,WPR,Lower-middle,2012,5.8,69,18.7,64.2,59.6,0.1,17.0,0.0,"49,057","10,366","165,547","63,270","1,193",17.1,1.1,"14,945"
Cambodia,KHM,WPR,Lower-middle,2013,5.0,65,22.3,63.4,60.0,0.0,14.4,0.0,"27,481","17,838","157,971","77,914","1,306",16.4,1.1,"15,170"
Cambodia,KHM,WPR,Lower-middle,2014,4.4,63,23.0,62.1,58.1,0.0,14.8,0.0,"32,675","16,120","148,017","74,079","1,432",16.5,1.0,"15,397"
Cambodia,KHM,WPR,Lower-middle,2015,4.5,70,22.1,59.0,58.4,0.5,18.8,0.1,"40,733",,"166,895","77,708","1,547",14.5,1.0,"15,623"
Cambodia,KHM,WPR,Lower-middle,2016,4.5,75,23.2,65.0,56.1,0.6,11.8,0.2,"43,842","13,018","171,142","89,744","1,675",15.2,1.0,"15,853"
Cambodia,KHM,WPR,Lower-middle,2017,4.3,78,26.5,64.3,58.2,0.6,9.2,0.9,"36,990","13,551","183,930","92,152","1,826",16.2,1.1,"16,073"
Cambodia,KHM,WPR,Lower-middle,2018,4.5,92,26.9,66.6,61.0,0.7,6.5,1.9,"37,878","9,919","226,225","99,788","2,037",16.1,1.2,"16,275"
Cambodia,KHM,WPR,Lower-middle,2019,5.1,113,24.3,69.2,64.4,0.9,6.5,2.1,"33,641","20,723","294,413","119,784","2,226",17.6,1.2,"16,481"
Cambodia,KHM,WPR,Lower-middle,2020,5.1,107,27.3,61.1,60.2,0.6,11.6,3.0,"38,649","15,780","263,337","122,145","2,082",20.3,1.4,"16,725"
Cambodia,KHM,WPR,Lower-middle,2021,6.3,137,47.4,42.3,41.7,0.4,10.3,1.9,"37,804","22,776","234,641","279,951","2,167",21.0,3.0,"16,974"
Cambodia,KHM,WPR,Lower-middle,2022,4.5,104,26.4,62.5,61.0,0.8,11.1,2.6,"33,797","19,155","259,848","121,294","2,325",18.4,1.2,"17,202"
Cambodia,KHM,WPR,Lower-middle,2023,4.6,115,26.9,61.8,60.6,1.1,11.3,3.7,"42,193","16,526","285,388","125,711","2,481",18.7,1.2,"17,424"
China,CHN,WPR,Upper-middle,2000,4.5,43,22.0,78.0,60.1,0.4,0.0,9.7,63,0,213,43,961,16.1,1.0,"1,269,581"
China,CHN,WPR,Upper-middle,2001,4.2,44,22.9,76.9,64.2,0.5,0.2,10.2,47,0,236,47,"1,057",17.2,1.0,"1,278,725"
China,CHN,WPR,Upper-middle,2002,4.3,50,25.4,74.5,62.9,1.3,0.1,12.0,48,0,260,55,"1,155",18.2,1.1,"1,286,867"
China,CHN,WPR,Upper-middle,2003,4.4,57,28.4,71.5,60.7,1.8,0.1,14.6,50,0,284,64,"1,299",18.0,1.2,"1,294,517"
China,CHN,WPR,Upper-middle,2004,4.2,64,30.2,69.6,58.8,1.8,0.1,16.6,58,0,313,73,"1,520",17.6,1.3,"1,302,100"
China,CHN,WPR,Upper-middle,2005,4.1,73,32.8,67.0,57.7,2.0,0.2,18.2,56,0,345,87,"1,775",18.0,1.3,"1,310,027"
China,CHN,WPR,Upper-middle,2006,3.9,82,35.1,64.7,56.0,2.1,0.1,19.6,57,0,368,102,"2,122",18.1,1.4,"1,318,054"
China,CHN,WPR,Upper-middle,2007,3.6,99,39.0,60.8,51.3,1.0,0.2,20.6,71,0,385,138,"2,725",17.9,1.4,"1,325,814"
China,CHN,WPR,Upper-middle,2008,3.8,134,44.5,55.3,47.4,2.1,0.2,24.8,74,0,441,184,"3,489",22.2,1.7,"1,333,821"
China,CHN,WPR,Upper-middle,2009,4.3,165,49.4,50.5,43.5,2.0,0.1,28.7,79,0,489,233,"3,856",25.2,2.1,"1,342,523"
China,CHN,WPR,Upper-middle,2010,4.2,189,51.9,48.0,40.8,2.1,0.1,31.0,92,0,522,268,"4,542",24.7,2.2,"1,351,562"
China,CHN,WPR,Upper-middle,2011,4.3,239,53.7,46.2,40.3,2.2,0.1,34.1,92,0,622,303,"5,606",26.6,2.3,"1,360,251"
China,CHN,WPR,Upper-middle,2012,4.5,285,55.7,44.2,39.2,1.7,0.1,36.7,89,0,705,342,"6,340",27.7,2.5,"1,369,521"
China,CHN,WPR,Upper-middle,2013,4.6,329,57.1,42.9,38.2,2.1,0.1,38.9,97,0,778,370,"7,094",28.1,2.6,"1,379,008"
China,CHN,WPR,Upper-middle,2014,4.7,362,58.4,41.6,36.6,2.6,0.0,40.1,111,0,814,407,"7,710",28.4,2.7,"1,387,952"
China,CHN,WPR,Upper-middle,2015,4.9,393,60.2,39.8,35.1,3.3,0.0,40.4,116,0,859,483,"8,099",31.0,2.9,"1,396,134"
China,CHN,WPR,Upper-middle,2016,4.9,398,58.1,41.9,35.9,4.3,0.0,38.7,158,0,950,514,"8,154",31.7,2.8,"1,404,053"
China,CHN,WPR,Upper-middle,2017,5.0,440,56.7,43.3,36.1,4.7,0.0,38.5,216,0,"1,072",541,"8,853",32.0,2.8,"1,412,355"
China,CHN,WPR,Upper-middle,2018,5.1,504,56.4,43.6,35.8,5.4,0.0,38.5,255,0,"1,192",605,"9,944",32.6,2.9,"1,419,009"
China,CHN,WPR,Upper-middle,2019,5.3,539,56.0,44.0,35.2,6.4,0.0,39.3,322,0,"1,312",628,"10,237",33.6,2.9,"1,423,520"
China,CHN,WPR,Upper-middle,2020,5.5,583,54.7,45.3,34.8,7.2,0.0,35.5,418,0,"1,400",779,"10,591",34.8,3.0,"1,426,106"
China,CHN,WPR,Upper-middle,2021,5.3,670,54.1,45.9,34.4,8.6,0.0,36.7,496,0,"1,487",755,"12,752",31.9,2.8,"1,426,437"
China,CHN,WPR,Upper-middle,2022,5.9,755,57.7,42.3,31.6,7.5,0.0,33.9,543,0,"1,610","1,211","12,846",32.6,3.4,"1,425,180"
China,CHN,WPR,Upper-middle,2023,5.9,763,57.1,42.9,32.2,7.4,0.0,36.7,580,0,"1,740","1,105","12,843",32.7,3.4,"1,422,585"
Cook Islands,COK,WPR,High,2000,3.0,191,90.2,9.8,9.8,0.0,0.0,0.0,0,0,41,380,"6,306",28.4,2.7,16
Cook Islands,COK,WPR,High,2001,3.3,225,89.3,8.3,8.3,0.0,2.4,0.0,13,0,44,477,"6,893",30.2,2.9,15
Cook Islands,COK,WPR,High,2002,3.4,279,89.3,8.3,8.3,0.0,2.5,0.0,15,0,50,538,"8,106",30.3,3.1,15
Cook Islands,COK,WPR,High,2003,3.2,355,85.1,9.6,9.6,0.0,5.3,0.0,32,0,59,520,"11,093",28.3,2.7,15
Cook Islands,COK,WPR,High,2004,3.4,440,80.7,9.4,9.4,0.0,9.9,0.0,66,0,63,536,"12,916",28.6,2.8,15
Cook Islands,COK,WPR,High,2005,3.9,514,75.3,7.2,7.2,0.0,17.5,0.0,127,0,53,550,"13,164",30.5,2.9,15
Cook Islands,COK,WPR,High,2006,3.5,468,84.5,8.8,8.8,0.0,6.7,0.0,47,1,64,610,"13,480",30.4,2.9,15
Cook Islands,COK,WPR,High,2007,3.7,546,77.6,7.1,6.8,0.3,15.4,0.0,21,95,50,672,"14,628",30.1,2.9,15
Cook Islands,COK,WPR,High,2008,3.4,485,83.6,8.1,7.8,0.4,8.3,0.0,27,33,54,609,"14,108",29.8,2.9,16
Cook Islands,COK,WPR,High,2009,3.5,456,91.1,5.0,4.8,0.2,3.9,0.0,2,29,35,693,"13,085",29.2,3.2,16
Cook Islands,COK,WPR,High,2010,3.6,516,89.0,4.7,4.5,0.2,6.3,0.0,30,17,32,654,"14,184",33.9,3.2,17
Cook Islands,COK,WPR,High,2011,3.5,549,89.5,5.1,4.8,0.3,5.4,0.0,14,25,33,648,"15,581",35.8,3.2,17
Cook Islands,COK,WPR,High,2012,3.1,528,90.6,4.8,4.6,0.3,4.6,0.0,15,16,30,607,"16,952",33.9,2.8,18
Cook Islands,COK,WPR,High,2013,3.3,542,86.8,4.3,4.0,0.3,8.9,0.0,14,47,27,620,"16,427",35.5,2.9,18
Cook Islands,COK,WPR,High,2014,3.6,651,84.8,3.7,3.4,0.3,11.5,0.0,26,66,27,732,"18,221",33.2,3.0,18
Cook Islands,COK,WPR,High,2015,2.9,501,86.6,4.0,3.7,0.3,9.4,0.0,12,57,27,679,"17,320",34.6,2.5,17
Cook Islands,COK,WPR,High,2016,3.2,575,87.8,3.2,2.9,0.3,9.0,0.0,68,8,24,733,"17,877",34.6,2.8,17
Cook Islands,COK,WPR,High,2017,2.4,494,86.4,4.2,3.9,0.3,9.4,0.0,54,13,27,614,"20,274",29.0,2.1,17
Cook Islands,COK,WPR,High,2018,2.7,581,89.5,3.9,3.6,0.3,6.6,0.0,43,15,30,767,"21,855",31.1,2.4,17
Cook Islands,COK,WPR,High,2019,3.1,687,92.9,3.1,2.8,0.3,4.0,0.0,21,24,29,992,"22,121",30.9,2.9,16
Cook Islands,COK,WPR,High,2020,5.8,"1,056",94.4,1.8,1.6,0.3,3.7,0.0,37,28,26,"1,566","18,116",47.2,5.5,16
Cook Islands,COK,WPR,High,2021,7.0,"1,139",92.0,2.0,1.7,0.2,6.0,0.0,4,97,28,"1,579","16,268",78.3,6.4,15
Cook Islands,COK,WPR,High,2022,5.6,"1,108",94.5,2.7,2.5,0.2,2.8,0.0,4,49,43,"1,700","19,679",49.5,5.3,15
Cook Islands,COK,WPR,High,2023,4.2,"1,082",87.7,4.0,3.7,0.4,8.2,0.0,6,145,65,"1,690","25,750",35.9,3.7,14
Fiji,FJI,WPR,Upper-middle,2000,3.4,74,76.8,15.3,10.8,4.5,7.9,0.0,7,0,17,122,"2,169",24.9,2.6,841
Fiji,FJI,WPR,Upper-middle,2001,2.9,61,71.8,18.6,13.2,5.4,9.6,0.0,8,0,18,101,"2,117",26.4,2.1,850
Fiji,FJI,WPR,Upper-middle,2002,3.0,69,73.8,17.4,12.3,5.1,8.8,0.0,8,0,19,112,"2,326",27.4,2.2,858
Fiji,FJI,WPR,Upper-middle,2003,3.0,86,74.8,18.2,12.9,5.3,7.1,0.0,9,0,21,122,"2,896",25.8,2.2,866
Fiji,FJI,WPR,Upper-middle,2004,3.3,110,68.1,18.3,13.0,5.3,13.6,0.0,10,0,25,130,"3,379",24.0,2.2,874
Fiji,FJI,WPR,Upper-middle,2005,3.3,120,74.2,17.1,12.1,5.0,8.7,0.0,10,0,25,151,"3,691",23.3,2.4,882
Fiji,FJI,WPR,Upper-middle,2006,3.3,126,73.9,21.4,14.3,7.0,4.7,0.0,15,0,31,162,"3,775",24.8,2.5,890
Fiji,FJI,WPR,Upper-middle,2007,3.4,140,72.3,24.2,15.6,8.6,3.5,0.0,19,0,35,164,"4,108",23.3,2.5,898
Fiji,FJI,WPR,Upper-middle,2008,3.2,135,69.4,24.1,16.5,7.6,6.4,0.0,16,0,35,149,"4,223",22.6,2.2,903
Fiji,FJI,WPR,Upper-middle,2009,3.5,121,62.0,31.2,24.6,6.6,6.8,0.0,16,0,58,147,"3,424",26.2,2.2,907
Fiji,FJI,WPR,Upper-middle,2010,3.4,128,63.9,29.8,22.4,7.4,6.3,0.0,18,0,55,157,"3,736",24.8,2.2,910
Fiji,FJI,WPR,Upper-middle,2011,3.1,141,60.1,35.0,25.3,9.7,4.9,0.0,24,0,64,152,"4,484",25.3,1.9,913
Fiji,FJI,WPR,Upper-middle,2012,3.3,154,58.6,34.7,24.8,9.9,6.7,0.0,27,2,68,163,"4,703",25.5,1.9,915
Fiji,FJI,WPR,Upper-middle,2013,3.2,159,58.5,36.5,22.5,12.8,5.0,0.0,41,3,66,173,"4,953",25.1,1.9,916
Fiji,FJI,WPR,Upper-middle,2014,3.4,178,61.3,34.6,19.9,13.1,4.1,0.0,49,2,67,209,"5,293",29.1,2.1,918
Fiji,FJI,WPR,Upper-middle,2015,3.3,169,63.1,34.3,21.0,12.9,2.5,0.0,48,2,75,224,"5,097",29.8,2.1,919
Fiji,FJI,WPR,Upper-middle,2016,3.3,176,63.9,33.0,20.6,11.7,3.1,0.0,46,2,76,237,"5,364",31.4,2.1,919
Fiji,FJI,WPR,Upper-middle,2017,3.2,186,66.2,31.4,15.6,13.4,2.3,0.0,64,3,60,257,"5,827",27.3,2.1,919
Fiji,FJI,WPR,Upper-middle,2018,4.1,250,60.1,32.8,18.0,11.1,7.2,0.0,80,5,94,322,"6,086",31.8,2.5,917
Fiji,FJI,WPR,Upper-middle,2019,4.3,255,61.7,30.0,19.1,9.8,8.3,0.0,62,0,105,341,"5,951",30.3,2.6,915
Fiji,FJI,WPR,Upper-middle,2020,5.3,256,56.7,37.7,22.8,12.8,5.6,0.0,88,0,127,329,"4,844",34.6,3.0,915
Fiji,FJI,WPR,Upper-middle,2021,7.1,332,51.8,41.5,24.7,13.8,6.7,0.0,131,1,170,357,"4,696",35.5,3.7,917
Fiji,FJI,WPR,Upper-middle,2022,4.0,217,79.6,13.5,8.0,3.1,6.9,,60,0,38,380,"5,405",30.9,3.2,919
Fiji,FJI,WPR,Upper-middle,2023,3.6,213,74.8,13.6,8.3,3.1,11.6,,80,0,40,359,"5,889",29.0,2.7,924
Indonesia,IDN,WPR,Upper-middle,2000,1.9,15,29.7,67.4,45.2,4.9,2.9,2.2,"28,951","2,692","58,583","38,293",831,15.3,0.5,"216,078"
Indonesia,IDN,WPR,Upper-middle,2001,2.1,17,36.5,59.5,40.5,3.9,4.0,3.4,"33,121","1,160","70,106","58,371",796,19.5,0.8,"219,098"
Indonesia,IDN,WPR,Upper-middle,2002,2.0,19,34.0,64.6,46.4,2.0,1.4,2.9,"32,397",279,"81,956","55,297",958,16.9,0.7,"222,088"
Indonesia,IDN,WPR,Upper-middle,2003,2.2,26,36.4,62.4,46.0,2.1,1.3,3.1,"36,154",36,"100,689","72,743","1,135",18.2,0.8,"225,048"
Indonesia,IDN,WPR,Upper-middle,2004,2.1,26,35.3,62.7,45.9,1.7,1.9,3.4,"39,481",312,"106,630","74,598","1,226",17.8,0.7,"227,927"
Indonesia,IDN,WPR,Upper-middle,2005,2.5,34,28.9,69.5,55.3,1.5,1.6,4.9,"47,857",832,"183,086","80,273","1,347",17.4,0.7,"230,872"
Indonesia,IDN,WPR,Upper-middle,2006,2.6,44,31.7,66.9,53.4,1.3,1.4,7.1,"56,285","1,268","217,045","101,544","1,695",18.4,0.8,"233,952"
Indonesia,IDN,WPR,Upper-middle,2007,2.8,56,36.1,62.3,49.5,1.4,1.7,6.5,"66,438","2,848","253,607","154,268","1,983",18.7,1.0,"237,062"
Indonesia,IDN,WPR,Upper-middle,2008,2.5,59,35.2,63.6,49.4,1.6,1.2,5.6,"83,187","4,207","283,663","174,434","2,325",19.4,0.9,"240,158"
Indonesia,IDN,WPR,Upper-middle,2009,2.6,62,35.1,63.3,49.2,1.8,1.6,6.2,"92,579","6,823","319,129","194,732","2,379",17.0,0.9,"243,220"
Indonesia,IDN,WPR,Upper-middle,2010,2.8,86,23.7,75.5,60.6,3.4,0.9,6.0,"117,417","4,916","471,205","142,412","3,066",16.9,0.7,"246,305"
Indonesia,IDN,WPR,Upper-middle,2011,3.0,107,23.5,75.6,56.2,2.9,1.0,6.3,"185,613","4,870","527,648","166,382","3,579",17.7,0.7,"249,470"
Indonesia,IDN,WPR,Upper-middle,2012,2.9,106,26.3,72.7,53.6,2.6,1.0,6.9,"194,583","4,684","532,756","197,260","3,632",18.8,0.8,"252,699"
Indonesia,IDN,WPR,Upper-middle,2013,2.9,102,28.5,70.4,50.9,3.5,1.1,8.8,"213,666","4,109","544,927","217,899","3,567",18.8,0.8,"255,852"
Indonesia,IDN,WPR,Upper-middle,2014,3.0,102,33.5,64.5,45.2,3.3,2.0,15.1,"236,629","7,807","547,632","243,394","3,441",18.4,1.0,"258,877"
Indonesia,IDN,WPR,Upper-middle,2015,2.9,96,39.6,59.9,42.7,3.0,0.5,18.6,"227,284","3,349","549,959","270,724","3,288",17.6,1.2,"261,799"
Indonesia,IDN,WPR,Upper-middle,2016,3.0,106,45.5,53.9,38.1,3.2,0.5,20.5,"231,003","4,363","539,841","355,231","3,521",16.9,1.4,"264,627"
Indonesia,IDN,WPR,Upper-middle,2017,2.9,110,46.5,52.8,36.2,3.5,0.7,23.7,"253,091","7,645","534,076","339,226","3,799",16.4,1.3,"267,347"
Indonesia,IDN,WPR,Upper-middle,2018,2.9,111,48.7,50.9,35.2,3.3,0.4,24.2,"253,653","4,692","555,465","384,953","3,861",16.6,1.4,"269,952"
Indonesia,IDN,WPR,Upper-middle,2019,2.9,118,48.6,50.9,34.6,3.8,0.6,24.8,"280,601","7,771","577,881","399,143","4,107",16.4,1.4,"272,489"
Indonesia,IDN,WPR,Upper-middle,2020,3.4,132,55.2,44.3,31.2,3.0,0.5,17.6,"263,670","7,000","599,674","719,753","3,854",18.4,1.9,"274,815"
Indonesia,IDN,WPR,Upper-middle,2021,3.7,159,59.4,38.5,27.2,3.1,2.0,15.1,"267,850","44,952","617,657","1,044,675","4,287",18.1,2.2,"276,758"
Indonesia,IDN,WPR,Upper-middle,2022,2.7,127,51.8,47.3,33.0,4.6,1.0,23.4,"278,446","15,744","623,830","547,516","4,731",17.3,1.4,"278,831"
Indonesia,IDN,WPR,Upper-middle,2023,2.7,132,53.6,45.8,31.1,5.4,0.6,29.4,"305,636","6,641","624,121","488,434","4,876",17.0,1.4,"281,190"
Japan,JPN,WPR,High,2000,7.0,"2,751",80.4,19.6,15.9,2.5,0.0,72.3,"10,832",0,"47,193","24,155","39,112",37.5,5.7,"127,028"
Japan,JPN,WPR,High,2001,7.2,"2,489",81.0,19.0,15.8,2.4,0.0,72.6,"9,830",0,"47,743","25,270","34,376",36.8,5.9,"127,260"
Japan,JPN,WPR,High,2002,7.4,"2,412",80.8,19.2,16.0,2.4,0.0,72.3,"9,887",0,"48,332","25,694","32,811",37.0,5.9,"127,485"
Japan,JPN,WPR,High,2003,7.5,"2,650",80.0,20.0,16.9,2.4,0.0,71.5,"9,677",0,"51,885","26,144","35,400",36.6,6.0,"127,671"
Japan,JPN,WPR,High,2004,7.5,"2,885",80.3,19.7,16.6,2.4,0.0,71.8,"9,790",0,"51,774","26,558","38,283",35.2,6.0,"127,816"
Japan,JPN,WPR,High,2005,7.7,"2,893",81.2,18.8,15.7,2.5,0.0,72.9,"10,070",0,"49,970","26,430","37,771",35.0,6.2,"127,913"
Japan,JPN,WPR,High,2006,7.7,"2,764",80.3,19.7,16.4,2.6,0.0,72.0,"10,466",0,"52,780","26,769","35,951",34.6,6.2,"127,997"
Japan,JPN,WPR,High,2007,7.8,"2,781",81.2,18.8,15.5,2.6,0.0,73.0,"10,598",0,"50,817","27,030","35,755",34.7,6.3,"128,088"
Japan,JPN,WPR,High,2008,8.1,"3,223",81.2,18.8,15.2,2.5,0.0,72.4,"11,964",0,"50,767","29,244","39,847",36.3,6.6,"128,156"
Japan,JPN,WPR,High,2009,9.0,"3,697",81.3,18.7,15.2,2.5,0.0,72.1,"12,268",0,"52,434","31,894","41,262",40.3,7.3,"128,192"
Japan,JPN,WPR,High,2010,9.1,"4,072",81.9,18.1,14.6,2.4,0.0,72.5,"12,518",0,"52,078","33,620","44,928",39.2,7.4,"128,185"
Japan,JPN,WPR,High,2011,10.5,"5,103",83.7,16.3,13.1,2.2,0.0,74.9,"12,779",0,"53,443","35,828","48,660",40.5,8.8,"128,096"
Japan,JPN,WPR,High,2012,10.7,"5,232",83.9,16.1,13.0,2.2,0.0,75.2,"12,930",0,"54,159","36,622","49,030",40.3,9.0,"127,928"
Japan,JPN,WPR,High,2013,10.7,"4,356",84.3,15.7,12.7,2.2,0.0,75.8,"12,915",0,"53,998","35,952","40,809",40.5,9.0,"127,724"
Japan,JPN,WPR,High,2014,10.7,"4,121",84.1,15.9,12.9,2.2,0.0,75.4,"13,153",0,"56,192","38,000","38,412",40.0,9.0,"127,487"
Japan,JPN,WPR,High,2015,10.7,"3,754",84.1,15.9,12.9,2.2,0.0,75.7,"13,493",0,"58,837","38,215","34,924",39.0,9.0,"127,276"
Japan,JPN,WPR,High,2016,10.7,"4,194",84.0,16.0,12.9,2.2,0.0,75.5,"14,184",0,"58,655","38,982","39,349",38.6,9.0,"127,160"
Japan,JPN,WPR,High,2017,10.7,"4,135",84.2,15.8,12.7,2.3,0.0,75.8,"14,520",0,"58,698","39,146","38,806",36.7,9.0,"127,065"
Japan,JPN,WPR,High,2018,10.7,"4,266",83.8,16.2,13.0,2.3,0.0,75.7,"15,236",0,"61,210","38,147","39,719",36.7,9.0,"126,913"
Japan,JPN,WPR,High,2019,11.0,"4,431",84.0,16.0,12.9,2.2,0.0,75.9,"15,140",,"62,323","39,176","40,395",37.3,9.2,"126,699"
Japan,JPN,WPR,High,2020,11.4,"4,582",85.4,14.6,11.6,2.2,0.0,73.6,"14,892",0,"56,545","57,703","40,015",44.5,9.8,"126,305"
Japan,JPN,WPR,High,2021,12.1,"4,844",86.3,13.7,10.8,2.1,0.0,71.3,"15,505",0,"57,522","79,508","40,095",42.5,10.4,"125,679"
Japan,JPN,WPR,High,2022,12.3,"4,202",86.0,14.0,11.1,2.0,0.0,71.1,"15,645",0,"61,596","82,487","34,098",41.8,10.6,"124,998"
Japan,JPN,WPR,High,2023,10.7,"3,638",84.8,15.2,12.2,2.1,0.0,77.3,"15,021",0,"62,541","38,612","33,876",39.1,9.1,"124,371"
Kiribati,KIR,WPR,Lower-middle,2000,7.8,66,96.7,3.3,0.2,,,0.0,4,,0,109,844,65.9,7.5,89
Kiribati,KIR,WPR,Lower-middle,2001,11.9,86,96.3,1.9,0.1,,1.5,0.0,6,,0,160,721,100.8,11.5,90
Kiribati,KIR,WPR,Lower-middle,2002,11.4,93,95.8,2.1,0.1,,1.8,0.0,7,,0,164,813,96.4,11.0,92
Kiribati,KIR,WPR,Lower-middle,2003,10.1,102,96.1,2.8,0.1,,1.3,0.0,6,,0,151,"1,019",84.5,9.6,94
Kiribati,KIR,WPR,Lower-middle,2004,12.2,132,97.1,2.2,0.1,,0.7,0.0,5,,0,175,"1,087",103.5,11.8,96
Kiribati,KIR,WPR,Lower-middle,2005,11.4,132,96.4,2.7,0.1,,1.0,0.0,6,,0,166,"1,161",96.0,10.9,98
Kiribati,KIR,WPR,Lower-middle,2006,11.3,127,83.1,2.0,0.1,,14.7,0.0,28,0,0,140,"1,122",82.6,9.4,100
Kiribati,KIR,WPR,Lower-middle,2007,10.9,148,80.5,2.2,0.2,,17.2,0.0,21,14,0,156,"1,353",77.6,8.8,102
Kiribati,KIR,WPR,Lower-middle,2008,13.5,190,74.4,2.2,0.2,,23.1,0.0,21,36,0,205,"1,408",79.4,10.1,104
Kiribati,KIR,WPR,Lower-middle,2009,12.7,168,63.8,2.9,0.4,,33.4,0.0,9,68,1,205,"1,319",74.4,8.1,106
Kiribati,KIR,WPR,Lower-middle,2010,8.8,133,90.8,4.0,0.6,,5.3,0.0,9,4,1,135,"1,519",76.1,7.9,109
Kiribati,KIR,WPR,Lower-middle,2011,8.0,142,94.0,4.0,0.7,,1.7,0.0,6,1,1,130,"1,771",81.1,7.5,111
Kiribati,KIR,WPR,Lower-middle,2012,7.9,147,88.7,4.8,0.6,,6.9,0.0,12,3,1,128,"1,844",84.0,7.0,112
Kiribati,KIR,WPR,Lower-middle,2013,8.7,154,81.7,3.4,0.5,,14.5,0.0,20,8,1,139,"1,772",78.0,7.1,114
Kiribati,KIR,WPR,Lower-middle,2014,9.0,155,82.5,3.8,0.5,,13.9,0.0,22,8,1,150,"1,735",101.4,7.4,115
Kiribati,KIR,WPR,Lower-middle,2015,7.2,118,84.2,4.8,1.1,,10.8,0.0,18,5,2,138,"1,640",91.0,6.1,117
Kiribati,KIR,WPR,Lower-middle,2016,9.0,158,85.1,3.7,0.8,,11.1,0.0,12,18,2,198,"1,744",98.9,7.7,118
Kiribati,KIR,WPR,Lower-middle,2017,9.7,180,85.6,3.1,0.7,,11.0,0.0,14,18,2,219,"1,854",92.1,8.3,120
Kiribati,KIR,WPR,Lower-middle,2018,10.9,209,80.6,3.0,0.6,,16.4,0.0,12,41,2,266,"1,916",108.6,8.8,122
Kiribati,KIR,WPR,Lower-middle,2019,10.2,178,90.8,3.2,0.6,,6.0,0.0,11,10,2,243,"1,750",108.3,9.2,124
Kiribati,KIR,WPR,Lower-middle,2020,13.7,239,69.7,2.8,0.7,,27.7,0.0,61,42,2,285,"1,752",102.2,9.5,126
Kiribati,KIR,WPR,Lower-middle,2021,11.8,263,75.0,3.0,0.7,,22.0,0.0,35,51,2,313,"2,224",83.9,8.9,128
Kiribati,KIR,WPR,Lower-middle,2022,10.5,218,80.9,3.3,0.8,,15.8,,8,50,2,303,"2,068",87.7,8.5,130
Kiribati,KIR,WPR,Lower-middle,2023,10.9,238,78.5,12.3,2.9,,9.2,,34,33,10,314,"2,176",95.4,8.6,133
Lao People's Democratic Republic,LAO,WPR,Lower-middle,2000,4.3,14,28.8,61.3,44.8,0.1,9.8,1.0,"26,768","2,575","49,813","33,497",330,19.9,1.2,"5,431"
Lao People's Democratic Republic,LAO,WPR,Lower-middle,2001,4.3,14,31.0,48.5,44.0,0.1,20.5,1.1,"31,178","1,258","56,962","40,015",337,18.8,1.3,"5,521"
Lao People's Democratic Republic,LAO,WPR,Lower-middle,2002,3.7,13,27.6,56.8,49.7,0.4,15.6,1.6,"27,866","1,695","64,461","35,416",349,16.6,1.0,"5,611"
Lao People's Democratic Republic,LAO,WPR,Lower-middle,2003,4.5,18,24.5,61.6,54.8,0.3,13.9,1.5,"35,878","2,732","101,810","45,439",393,16.0,1.1,"5,698"
Lao People's Democratic Republic,LAO,WPR,Lower-middle,2004,3.5,16,22.4,55.2,47.3,0.4,22.4,2.1,"40,997","6,620","81,206","41,486",458,13.6,0.8,"5,782"
Lao People's Democratic Republic,LAO,WPR,Lower-middle,2005,3.3,17,27.2,52.6,43.7,0.4,20.2,2.1,"43,860","9,884","80,739","56,276",519,15.3,0.9,"5,870"
Lao People's Democratic Republic,LAO,WPR,Lower-middle,2006,2.9,19,21.9,50.2,41.1,0.4,27.8,2.2,"46,520","25,747","80,192","64,186",656,14.7,0.6,"5,963"
Lao People's Democratic Republic,LAO,WPR,Lower-middle,2007,3.1,25,18.8,57.4,35.2,0.3,23.7,2.2,"72,708","55,965","82,971","62,757",785,15.1,0.6,"6,056"
Lao People's Democratic Republic,LAO,WPR,Lower-middle,2008,2.8,27,18.5,59.5,31.4,0.4,22.0,1.1,"89,544","27,523","73,360","68,232",967,16.1,0.5,"6,149"
Lao People's Democratic Republic,LAO,WPR,Lower-middle,2009,3.5,36,33.1,47.3,26.9,0.3,19.6,1.1,"85,534","36,096","81,702","133,356","1,031",20.1,1.1,"6,242"
Lao People's Democratic Republic,LAO,WPR,Lower-middle,2010,2.9,35,20.7,62.6,36.0,0.4,16.7,1.6,"29,656","37,659","102,476","92,143","1,186",22.4,0.6,"6,334"
Lao People's Democratic Republic,LAO,WPR,Lower-middle,2011,1.9,27,18.9,53.5,52.6,0.9,27.6,1.2,"27,567","33,043","114,539","71,195","1,395",20.2,0.4,"6,427"
Lao People's Democratic Republic,LAO,WPR,Lower-middle,2012,2.1,32,21.0,51.9,48.6,3.3,27.0,1.6,"41,976","32,172","126,413","87,444","1,564",24.7,0.4,"6,519"
Lao People's Democratic Republic,LAO,WPR,Lower-middle,2013,2.4,43,29.7,51.3,48.7,0.3,19.0,1.4,"11,229","16,623","165,946","158,622","1,813",24.2,0.7,"6,611"
Lao People's Democratic Republic,LAO,WPR,Lower-middle,2014,2.3,46,29.7,53.5,50.9,0.2,16.8,1.8,"12,471","19,449","186,320","160,984","1,981",25.0,0.7,"6,703"
Lao People's Democratic Republic,LAO,WPR,Lower-middle,2015,2.5,52,35.2,47.8,45.4,0.2,17.0,1.7,"14,669","17,461","191,886","209,132","2,121",25.8,0.9,"6,802"
Lao People's Democratic Republic,LAO,WPR,Lower-middle,2016,2.4,54,32.4,49.5,46.4,0.1,18.1,2.4,"17,127","53,862","205,168","209,005","2,303",21.1,0.8,"6,909"
Lao People's Democratic Republic,LAO,WPR,Lower-middle,2017,2.5,61,35.2,48.1,46.2,,16.7,2.4,"27,489",,"234,153","232,702","2,432",21.8,0.9,"7,018"
Lao People's Democratic Republic,LAO,WPR,Lower-middle,2018,2.2,57,38.7,48.9,48.5,0.1,12.5,2.4,"11,696","48,913","233,172","223,687","2,545",20.7,0.9,"7,128"
Lao People's Democratic Republic,LAO,WPR,Lower-middle,2019,2.6,68,36.9,41.9,41.8,0.0,21.2,1.1,"13,194","111,381","245,364","321,813","2,596",18.6,1.0,"7,238"
Lao People's Democratic Republic,LAO,WPR,Lower-middle,2020,2.1,52,38.5,43.9,41.1,0.0,17.7,4.3,"29,477",,"193,002","227,516","2,523",18.4,0.8,"7,347"
Lao People's Democratic Republic,LAO,WPR,Lower-middle,2021,2.7,69,26.2,35.8,30.7,,38.0,2.3,"55,745",,"204,328","385,703","2,501",15.7,0.7,"7,453"
Lao People's Democratic Republic,LAO,WPR,Lower-middle,2022,2.0,41,31.0,32.7,28.7,,36.3,3.6,"78,726",,"166,471","314,207","2,049",14.7,0.6,"7,559"
Lao People's Democratic Republic,LAO,WPR,Lower-middle,2023,1.3,27,39.8,44.8,44.8,,15.4,5.2,"33,249",,"217,473","208,866","2,067",16.5,0.5,"7,665"
Malaysia,MYS,WPR,Upper-middle,2000,2.5,112,46.7,53.3,40.7,6.1,0.0,0.6,53,0,173,196,"4,448",25.6,1.2,"22,968"
Malaysia,MYS,WPR,Upper-middle,2001,2.7,115,50.5,49.5,35.7,6.6,0.0,0.6,59,0,156,218,"4,295",28.2,1.4,"23,527"
Malaysia,MYS,WPR,Upper-middle,2002,2.7,122,51.2,48.8,34.6,7.3,0.0,0.6,64,0,160,234,"4,557",27.1,1.4,"24,102"
Malaysia,MYS,WPR,Upper-middle,2003,2.9,142,51.9,48.1,34.5,8.0,0.0,0.6,72,0,186,278,"4,863",28.1,1.5,"24,680"
Malaysia,MYS,WPR,Upper-middle,2004,2.9,154,50.9,49.1,36.1,8.0,0.0,0.6,74,0,211,295,"5,380",25.9,1.5,"25,257"
Malaysia,MYS,WPR,Upper-middle,2005,2.8,162,48.9,51.1,38.0,7.6,0.0,0.6,78,0,234,297,"5,819",24.5,1.4,"25,836"
Malaysia,MYS,WPR,Upper-middle,2006,3.1,201,53.9,46.1,34.7,7.1,0.0,0.5,82,0,256,392,"6,451",25.6,1.7,"26,418"
Malaysia,MYS,WPR,Upper-middle,2007,3.1,231,52.9,47.1,35.1,7.3,0.0,0.5,93,0,278,415,"7,509",25.9,1.6,"26,998"
Malaysia,MYS,WPR,Upper-middle,2008,3.0,264,53.1,46.9,35.5,7.7,0.0,0.4,98,0,313,464,"8,769",26.9,1.6,"27,570"
Malaysia,MYS,WPR,Upper-middle,2009,3.3,246,55.6,44.4,32.2,8.9,0.0,0.4,105,0,279,477,"7,533",30.9,1.8,"28,125"
Malaysia,MYS,WPR,Upper-middle,2010,3.2,286,53.1,46.9,34.1,9.4,,0.5,117,,314,483,"9,026",26.6,1.7,"28,656"
Malaysia,MYS,WPR,Upper-middle,2011,3.3,343,53.2,46.8,34.0,9.3,,0.5,133,,357,554,"10,362",27.1,1.8,"29,162"
Malaysia,MYS,WPR,Upper-middle,2012,3.5,372,53.9,46.1,33.0,9.0,,0.5,148,,379,613,"10,751",28.5,1.9,"29,663"
Malaysia,MYS,WPR,Upper-middle,2013,3.5,382,53.9,46.1,33.7,8.8,,0.6,148,,405,641,"10,866",27.8,1.9,"30,174"
Malaysia,MYS,WPR,Upper-middle,2014,3.7,414,54.7,45.3,33.0,8.7,,0.6,164,,448,734,"11,170",26.0,2.0,"30,696"
Malaysia,MYS,WPR,Upper-middle,2015,3.8,369,53.2,46.8,33.7,9.4,,0.6,187,,485,758,"9,649",24.7,2.0,"31,233"
Malaysia,MYS,WPR,Upper-middle,2016,3.7,351,51.0,49.0,35.9,10.1,,0.7,188,,523,733,"9,477",22.9,1.9,"31,790"
Malaysia,MYS,WPR,Upper-middle,2017,3.7,366,51.7,48.3,35.9,9.7,,0.6,192,,566,805,"9,863",22.0,1.9,"32,356"
Malaysia,MYS,WPR,Upper-middle,2018,3.8,410,51.3,48.7,36.6,9.6,,0.8,198,,606,835,"10,902",22.8,1.9,"32,911"
Malaysia,MYS,WPR,Upper-middle,2019,3.8,419,52.3,47.7,36.1,10.0,,0.7,199,,626,897,"10,920",23.6,2.0,"33,441"
Malaysia,MYS,WPR,Upper-middle,2020,4.1,407,53.3,46.7,34.2,10.2,0.0,0.7,210,,585,899,"9,958",25.0,2.2,"33,890"
Malaysia,MYS,WPR,Upper-middle,2021,4.4,477,56.2,43.8,32.1,9.7,0.0,0.6,228,,634,"1,098","10,903",24.5,2.5,"34,282"
Malaysia,MYS,WPR,Upper-middle,2022,3.9,458,50.6,49.4,37.9,10.9,0.0,0.7,230,,764,"1,006","11,748",24.7,2.0,"34,695"
Malaysia,MYS,WPR,Upper-middle,2023,4.0,450,50.0,50.0,37.1,11.3,0.0,1.1,262,0,762,"1,006","11,379",24.9,2.0,"35,126"
Marshall Islands,MHL,WPR,Upper-middle,2000,13.5,307,60.6,2.4,1.4,1.0,37.0,37.8,3,114,4,183,"2,268",56.5,8.2,51
Marshall Islands,MHL,WPR,Upper-middle,2001,11.2,269,57.2,2.9,1.7,1.2,40.0,30.7,5,106,5,177,"2,406",58.5,6.4,51
Marshall Islands,MHL,WPR,Upper-middle,2002,12.1,310,62.9,2.7,1.6,1.1,34.4,33.0,5,105,5,197,"2,567",55.3,7.6,51
Marshall Islands,MHL,WPR,Upper-middle,2003,13.3,338,63.2,2.4,1.5,1.0,34.4,36.7,4,115,5,205,"2,537",52.7,8.4,52
Marshall Islands,MHL,WPR,Upper-middle,2004,14.2,363,40.9,2.4,1.5,0.9,56.8,28.6,48,162,5,206,"2,568",54.1,5.8,52
Marshall Islands,MHL,WPR,Upper-middle,2005,18.5,491,30.0,1.9,1.2,0.7,68.2,21.1,180,158,6,201,"2,659",85.5,5.5,52
Marshall Islands,MHL,WPR,Upper-middle,2006,22.3,613,29.3,1.5,0.9,0.6,69.2,20.9,273,155,6,206,"2,750",61.5,6.5,52
Marshall Islands,MHL,WPR,Upper-middle,2007,16.8,485,38.3,2.0,1.2,0.8,59.7,26.7,138,155,6,211,"2,883",67.3,6.4,52
Marshall Islands,MHL,WPR,Upper-middle,2008,19.0,536,31.6,1.8,1.1,0.7,66.5,23.4,150,211,6,255,"2,825",63.9,6.0,52
Marshall Islands,MHL,WPR,Upper-middle,2009,18.7,544,33.1,1.8,1.1,0.7,65.1,24.1,163,195,6,244,"2,903",62.9,6.2,52
Marshall Islands,MHL,WPR,Upper-middle,2010,17.7,549,27.2,1.8,1.1,0.7,71.0,18.3,186,207,6,257,"3,094",59.0,4.8,52
Marshall Islands,MHL,WPR,Upper-middle,2011,11.4,376,45.7,2.8,1.7,1.1,51.5,31.3,4,194,6,248,"3,314",55.8,5.2,52
Marshall Islands,MHL,WPR,Upper-middle,2012,11.7,410,45.6,2.7,1.6,1.1,51.7,32.5,8,209,6,263,"3,520",53.0,5.3,51
Marshall Islands,MHL,WPR,Upper-middle,2013,12.1,445,50.5,2.6,1.5,1.1,46.9,34.5,9,205,7,276,"3,670",55.4,6.1,51
Marshall Islands,MHL,WPR,Upper-middle,2014,12.0,450,41.8,2.6,1.5,1.1,55.6,27.8,9,246,7,309,"3,735",49.5,5.0,50
Marshall Islands,MHL,WPR,Upper-middle,2015,14.8,557,40.7,2.1,1.2,0.9,57.2,30.6,6,318,7,374,"3,770",56.0,6.0,49
Marshall Islands,MHL,WPR,Upper-middle,2016,14.6,619,44.2,2.0,1.2,0.9,53.7,31.2,14,324,7,405,"4,234",56.9,6.5,48
Marshall Islands,MHL,WPR,Upper-middle,2017,12.0,553,40.6,2.5,1.4,1.1,56.9,22.7,14,306,8,405,"4,599",63.6,4.9,47
Marshall Islands,MHL,WPR,Upper-middle,2018,14.5,703,45.0,2.1,1.2,0.9,52.9,27.8,18,361,8,481,"4,858",60.5,6.5,45
Marshall Islands,MHL,WPR,Upper-middle,2019,15.0,794,44.5,2.0,1.1,0.9,53.5,26.1,10,422,9,568,"5,295",65.7,6.7,44
Marshall Islands,MHL,WPR,Upper-middle,2020,12.1,687,43.3,2.4,1.3,1.1,54.3,27.5,13,367,9,476,"5,667",67.8,5.3,43
Marshall Islands,MHL,WPR,Upper-middle,2021,12.5,782,41.7,2.2,1.2,1.0,56.1,26.6,21,426,9,544,"6,261",69.9,5.2,41
Marshall Islands,MHL,WPR,Upper-middle,2022,13.6,859,43.0,2.0,1.0,1.0,55.0,29.9,12,469,9,582,"6,313",68.0,5.8,40
Marshall Islands,MHL,WPR,Upper-middle,2023,13.4,894,75.0,2.0,1.1,1.0,22.9,29.5,25,189,9,597,"6,671",66.0,10.1,39
Micronesia (Federated States of),FSM,WPR,Lower-middle,2000,7.8,161,22.5,5.3,4.8,,72.2,20.3,1,117,8,120,"2,080",67.4,1.7,112
Micronesia (Federated States of),FSM,WPR,Lower-middle,2001,8.5,181,21.6,5.3,4.8,,73.2,17.6,2,132,9,139,"2,136",64.2,1.8,112
Micronesia (Federated States of),FSM,WPR,Lower-middle,2002,8.0,170,21.5,5.9,5.4,,72.6,17.6,2,122,9,129,"2,134",59.6,1.7,112
Micronesia (Federated States of),FSM,WPR,Lower-middle,2003,9.7,209,22.0,5.3,4.9,,72.7,18.9,2,151,10,158,"2,164",67.5,2.1,112
Micronesia (Federated States of),FSM,WPR,Lower-middle,2004,12.2,258,9.4,14.7,4.4,10.0,76.0,7.1,61,162,11,167,"2,109",72.0,1.1,112
Micronesia (Federated States of),FSM,WPR,Lower-middle,2005,17.9,398,6.2,12.2,3.2,8.8,81.6,5.7,176,185,13,187,"2,217",60.3,1.1,111
Micronesia (Federated States of),FSM,WPR,Lower-middle,2006,10.9,245,9.9,19.9,5.0,14.5,70.3,9.7,37,171,12,172,"2,258",61.2,1.1,111
Micronesia (Federated States of),FSM,WPR,Lower-middle,2007,11.2,259,9.1,18.1,4.5,13.1,72.8,9.0,35,188,12,189,"2,303",60.1,1.0,110
Micronesia (Federated States of),FSM,WPR,Lower-middle,2008,12.1,290,13.2,15.8,4.1,11.3,71.0,8.3,36,203,12,218,"2,396",59.8,1.6,109
Micronesia (Federated States of),FSM,WPR,Lower-middle,2009,12.7,326,7.9,13.6,3.7,9.5,78.5,7.4,32,256,12,257,"2,566",64.3,1.0,108
Micronesia (Federated States of),FSM,WPR,Lower-middle,2010,13.3,362,9.1,11.9,3.2,8.4,79.0,6.7,36,282,12,290,"2,715",68.5,1.2,108
Micronesia (Federated States of),FSM,WPR,Lower-middle,2011,13.2,378,14.3,12.2,3.0,8.9,73.5,7.5,40,272,11,298,"2,860",65.9,1.9,108
Micronesia (Federated States of),FSM,WPR,Lower-middle,2012,12.4,372,11.4,12.8,2.9,9.6,75.9,7.8,47,272,11,285,"3,003",65.7,1.4,108
Micronesia (Federated States of),FSM,WPR,Lower-middle,2013,12.2,355,12.7,12.9,2.7,10.1,74.4,8.8,43,257,10,271,"2,904",60.2,1.6,108
Micronesia (Federated States of),FSM,WPR,Lower-middle,2014,11.8,345,17.1,14.1,2.6,11.4,68.9,8.2,50,227,9,258,"2,915",54.7,2.0,108
Micronesia (Federated States of),FSM,WPR,Lower-middle,2015,12.6,362,15.0,13.4,2.6,10.8,71.6,9.1,49,250,10,271,"2,870",56.4,1.9,109
Micronesia (Federated States of),FSM,WPR,Lower-middle,2016,13.3,400,15.0,13.9,2.4,11.5,71.1,8.3,56,274,10,301,"2,998",62.7,2.0,109
Micronesia (Federated States of),FSM,WPR,Lower-middle,2017,12.4,409,12.3,16.1,2.6,13.5,71.6,7.0,62,286,10,308,"3,297",64.8,1.5,109
Micronesia (Federated States of),FSM,WPR,Lower-middle,2018,11.9,428,11.8,17.1,2.7,14.4,71.1,5.7,69,297,11,323,"3,585",56.6,1.4,110
Micronesia (Federated States of),FSM,WPR,Lower-middle,2019,11.9,425,14.7,16.3,2.7,13.6,69.0,6.9,67,284,11,317,"3,582",57.2,1.7,110
Micronesia (Federated States of),FSM,WPR,Lower-middle,2020,12.0,403,14.7,12.6,2.7,10.0,72.7,5.0,50,283,11,323,"3,363",60.6,1.8,111
Micronesia (Federated States of),FSM,WPR,Lower-middle,2021,11.4,399,10.1,9.9,2.8,7.1,79.9,3.7,43,305,11,331,"3,512",66.6,1.2,112
Micronesia (Federated States of),FSM,WPR,Lower-middle,2022,12.6,469,12.3,10.3,2.6,7.7,77.4,3.8,46,353,12,392,"3,711",56.3,1.6,112
Micronesia (Federated States of),FSM,WPR,Lower-middle,2023,12.9,508,14.2,14.3,2.6,11.7,71.5,6.4,67,355,13,396,"3,942",53.4,1.8,113
Mongolia,MNG,WPR,Upper-middle,2000,6.1,28,75.9,23.1,18.5,0.0,1.0,15.2,"1,379",317,"5,608","18,707",463,34.5,4.6,"2,455"
Mongolia,MNG,WPR,Upper-middle,2001,5.4,28,71.4,25.2,20.8,0.0,3.4,22.6,"2,018",362,"6,350","15,295",512,35.2,3.9,"2,478"
Mongolia,MNG,WPR,Upper-middle,2002,5.5,31,70.5,24.9,21.0,0.0,4.6,25.3,"2,518",383,"7,151","15,773",559,35.5,3.9,"2,500"
Mongolia,MNG,WPR,Upper-middle,2003,4.3,27,69.4,26.9,23.9,0.0,3.7,23.3,"1,646",438,"7,457","14,803",633,33.7,3.0,"2,522"
Mongolia,MNG,WPR,Upper-middle,2004,4.3,34,65.1,28.6,24.7,0.0,6.3,19.6,"3,217",869,"9,852","19,064",783,31.8,2.8,"2,543"
Mongolia,MNG,WPR,Upper-middle,2005,3.9,38,61.6,34.6,31.5,0.0,3.8,19.0,"2,609",540,"14,441","20,103",984,25.1,2.4,"2,563"
Mongolia,MNG,WPR,Upper-middle,2006,3.7,50,66.4,29.3,25.6,0.0,4.3,16.9,"3,146","1,530","14,932","30,478","1,321",26.2,2.5,"2,585"
Mongolia,MNG,WPR,Upper-middle,2007,4.1,66,70.7,26.5,23.3,0.0,2.8,13.7,"3,326","1,323","18,032","45,508","1,624",35.3,2.9,"2,608"
Mongolia,MNG,WPR,Upper-middle,2008,4.6,97,70.6,23.5,21.4,0.0,5.9,16.9,"4,336","4,683","24,295","65,595","2,135",37.6,3.2,"2,634"
Mongolia,MNG,WPR,Upper-middle,2009,4.5,77,69.5,24.8,22.8,0.2,5.7,20.2,"5,101","3,381","25,099","57,776","1,720",35.5,3.1,"2,665"
Mongolia,MNG,WPR,Upper-middle,2010,3.7,100,65.4,30.3,28.1,0.2,4.3,21.6,"4,510","4,356","37,886","63,475","2,661",31.6,2.4,"2,702"
Mongolia,MNG,WPR,Upper-middle,2011,3.6,136,59.4,34.4,32.0,0.2,6.2,18.8,"5,800","8,908","55,077","78,870","3,792",37.9,2.1,"2,745"
Mongolia,MNG,WPR,Upper-middle,2012,3.9,170,60.8,33.4,31.5,0.2,5.8,17.7,"6,685","11,061","72,571","110,341","4,397",36.1,2.3,"2,795"
Mongolia,MNG,WPR,Upper-middle,2013,4.1,180,55.9,39.0,37.1,0.2,5.1,15.9,"7,693","11,633","102,002","121,408","4,412",32.2,2.3,"2,852"
Mongolia,MNG,WPR,Upper-middle,2014,4.2,177,57.1,36.8,34.7,0.3,6.0,19.4,"9,103","17,155","111,387","138,527","4,197",32.1,2.4,"2,913"
Mongolia,MNG,WPR,Upper-middle,2015,4.2,165,56.9,38.6,36.4,0.4,4.5,21.0,"9,390","12,404","118,395","129,383","3,904",31.2,2.4,"2,977"
Mongolia,MNG,WPR,Upper-middle,2016,4.6,168,56.0,35.9,34.8,0.5,8.1,23.6,"18,101",853,"125,502","117,457","3,677",39.7,2.6,"3,041"
Mongolia,MNG,WPR,Upper-middle,2017,4.3,160,52.1,39.2,38.0,0.5,8.7,21.2,"21,580","1,270","148,979","122,123","3,698",32.2,2.3,"3,104"
Mongolia,MNG,WPR,Upper-middle,2018,4.5,189,46.2,45.3,43.9,0.6,8.5,19.7,"27,452","2,790","204,941","126,276","4,160",28.4,2.1,"3,168"
Mongolia,MNG,WPR,Upper-middle,2019,4.5,198,47.2,44.5,43.1,0.7,8.3,17.5,"33,679",957,"226,850","156,883","4,395",30.8,2.1,"3,232"
Mongolia,MNG,WPR,Upper-middle,2020,4.7,189,55.1,44.9,43.7,1.2,,19.0,"6,526",,"232,138","191,568","4,046",37.1,2.6,"3,291"
Mongolia,MNG,WPR,Upper-middle,2021,7.2,330,58.4,31.9,30.9,0.5,9.7,45.7,"93,444","2,938","290,299","126,725","4,577",35.9,4.2,"3,340"
Mongolia,MNG,WPR,Upper-middle,2022,8.9,448,35.2,40.3,38.9,0.4,24.5,31.8,"362,359",,"548,306","49,186","5,064",33.7,3.1,"3,386"
Mongolia,MNG,WPR,Upper-middle,2023,6.1,360,45.0,51.2,48.8,0.6,3.8,39.9,"77,264",,"608,191","63,282","5,922",31.9,2.7,"3,432"
Nauru,NRU,WPR,High,2000,19.0,464,87.9,4.4,2.6,0.0,7.7,0.0,15,62,20,765,"2,445",69.5,16.7,10
Nauru,NRU,WPR,High,2001,16.2,349,79.9,5.2,3.0,0.0,14.9,0.0,15,101,20,640,"2,151",59.0,13.0,10
Nauru,NRU,WPR,High,2002,13.8,299,71.1,6.5,3.8,0.0,22.4,0.0,15,123,21,514,"2,165",49.5,9.8,10
Nauru,NRU,WPR,High,2003,10.0,274,74.9,8.4,4.9,0.0,16.7,0.0,15,71,21,387,"2,743",35.0,7.5,10
Nauru,NRU,WPR,High,2004,6.9,216,71.1,12.4,7.2,0.0,16.6,0.0,15,49,21,258,"3,143",23.1,4.9,10
Nauru,NRU,WPR,High,2005,10.8,329,89.9,7.6,4.4,0.0,2.5,0.0,14,11,19,398,"3,040",38.3,9.7,10
Nauru,NRU,WPR,High,2006,12.4,363,87.6,6.8,4.0,0.0,5.7,0.0,41,0,19,423,"2,927",41.7,10.9,10
Nauru,NRU,WPR,High,2007,24.2,587,69.4,4.1,2.3,0.0,26.5,0.0,198,0,16,487,"2,422",66.1,16.8,10
Nauru,NRU,WPR,High,2008,23.0,810,54.8,4.3,2.2,0.0,40.9,0.0,415,0,21,529,"3,520",94.6,12.6,10
Nauru,NRU,WPR,High,2009,12.3,575,51.3,6.9,3.1,0.0,41.8,0.0,336,0,23,379,"4,672",68.3,6.3,10
Nauru,NRU,WPR,High,2010,12.7,626,59.8,6.4,2.4,0.0,33.8,0.0,258,0,17,408,"4,932",74.1,7.6,10
Nauru,NRU,WPR,High,2011,10.0,672,56.9,7.0,1.9,0.0,36.1,0.0,264,4,12,375,"6,742",45.5,5.7,10
Nauru,NRU,WPR,High,2012,8.8,874,45.5,6.0,0.8,0.0,48.5,0.0,99,355,7,739,"9,883",45.9,4.0,10
Nauru,NRU,WPR,High,2013,9.6,808,55.9,8.3,1.1,0.0,35.8,0.0,92,268,9,736,"8,445",66.3,5.4,11
Nauru,NRU,WPR,High,2014,8.1,736,75.9,10.4,1.4,0.0,13.7,0.0,122,64,11,684,"9,062",61.1,6.2,11
Nauru,NRU,WPR,High,2015,13.9,973,60.6,4.5,1.1,0.0,34.9,0.0,85,411,14,"1,197","6,996",85.3,8.4,11
Nauru,NRU,WPR,High,2016,11.0,978,90.1,4.5,1.1,0.0,5.3,0.0,114,2,15,"1,188","8,934",95.5,9.9,11
Nauru,NRU,WPR,High,2017,11.5,"1,127",73.4,3.5,0.9,0.0,23.1,0.0,126,253,13,"1,332","9,814",102.1,8.4,11
Nauru,NRU,WPR,High,2018,11.1,"1,220",88.2,3.0,0.7,0.0,8.8,0.0,108,73,12,"1,513","11,001",91.1,9.8,11
Nauru,NRU,WPR,High,2019,11.6,"1,214",89.5,3.2,0.8,0.0,7.3,0.0,121,48,14,"1,611","10,499",105.7,10.3,12
Nauru,NRU,WPR,High,2020,11.6,"1,271",85.5,3.1,0.8,0.0,11.4,0.0,239,15,14,"1,593","10,994",109.1,9.9,12
Nauru,NRU,WPR,High,2021,10.9,"1,636",86.7,2.7,0.7,0.0,10.6,0.0,189,85,15,"1,974","15,077",93.2,9.4,12
Nauru,NRU,WPR,High,2022,18.3,"2,264",86.9,1.9,0.5,,11.2,0.0,218,194,15,"3,031","12,343",134.8,15.9,12
Nauru,NRU,WPR,High,2023,18.2,"2,292",83.6,2.9,0.7,,13.4,0.0,385,154,25,"3,040","12,588",118.2,15.2,12
New Zealand,NZL,WPR,High,2000,7.5,"1,054",74.5,25.5,15.4,6.3,,10.5,154,,356,"1,566","14,114",37.8,5.6,"3,858"
New Zealand,NZL,WPR,High,2001,7.6,"1,054",73.2,26.8,17.0,6.3,,9.7,165,,426,"1,673","13,903",36.5,5.5,"3,892"
New Zealand,NZL,WPR,High,2002,7.9,"1,250",74.9,25.1,16.1,5.7,,8.8,163,,434,"1,867","15,824",36.4,5.9,"3,951"
New Zealand,NZL,WPR,High,2003,7.7,"1,611",75.5,24.5,15.4,5.7,,8.5,174,,427,"1,938","20,860",35.9,5.8,"4,023"
New Zealand,NZL,WPR,High,2004,7.9,"1,982",77.0,23.0,14.1,5.5,,7.7,187,,422,"2,150","25,085",35.8,6.1,"4,084"
New Zealand,NZL,WPR,High,2005,8.3,"2,295",76.9,23.1,14.1,5.2,,8.1,204,,459,"2,333","27,745",36.6,6.4,"4,135"
New Zealand,NZL,WPR,High,2006,8.6,"2,304",77.2,22.8,13.8,5.1,,8.5,216,,492,"2,544","26,672",37.2,6.7,"4,182"
New Zealand,NZL,WPR,High,2007,8.3,"2,706",79.3,20.7,11.5,5.1,,9.2,226,,422,"2,693","32,485",36.4,6.6,"4,223"
New Zealand,NZL,WPR,High,2008,8.7,"2,709",77.9,22.1,12.9,4.4,,10.2,223,,496,"2,739","31,309",38.5,6.7,"4,262"
New Zealand,NZL,WPR,High,2009,9.1,"2,582",77.7,22.3,12.0,4.6,,10.6,276,,498,"2,924","28,266",39.8,7.1,"4,304"
New Zealand,NZL,WPR,High,2010,9.1,"3,073",78.0,22.0,11.8,4.8,,9.4,300,,503,"3,062","33,784",42.5,7.1,"4,348"
New Zealand,NZL,WPR,High,2011,9.1,"3,501",78.7,21.3,11.7,4.8,,8.5,323,,521,"3,213","38,443",42.0,7.2,"4,383"
New Zealand,NZL,WPR,High,2012,9.2,"3,683",78.6,21.4,11.8,4.9,,8.2,339,,538,"3,294","40,021",39.4,7.2,"4,412"
New Zealand,NZL,WPR,High,2013,8.9,"3,834",77.8,22.2,11.9,5.0,,8.5,362,,554,"3,363","42,887",37.8,7.0,"4,454"
New Zealand,NZL,WPR,High,2014,9.0,"3,997",77.1,22.9,12.8,5.1,,8.8,377,,619,"3,401","44,554",37.4,6.9,"4,523"
New Zealand,NZL,WPR,High,2015,8.9,"3,434",74.0,26.0,13.8,5.0,,9.3,383,,680,"3,405","38,627",36.7,6.6,"4,614"
New Zealand,NZL,WPR,High,2016,8.8,"3,517",73.1,26.9,14.6,5.3,,9.5,404,,738,"3,428","40,108",35.8,6.4,"4,715"
New Zealand,NZL,WPR,High,2017,8.6,"3,702",74.3,25.7,14.5,5.2,,9.6,413,,758,"3,541","42,958",35.1,6.4,"4,813"
New Zealand,NZL,WPR,High,2018,8.6,"3,707",72.7,27.3,14.6,5.4,,9.9,435,,781,"3,613","43,255",35.6,6.2,"4,901"
New Zealand,NZL,WPR,High,2019,8.6,"3,680",72.2,27.8,14.4,5.5,,10.0,454,,804,"3,768","42,692",38.4,6.2,"4,989"
New Zealand,NZL,WPR,High,2020,9.3,"3,888",74.2,25.8,14.2,5.0,,9.5,447,,851,"4,125","42,018",41.4,6.9,"5,070"
New Zealand,NZL,WPR,High,2021,9.6,"4,749",74.4,25.6,13.6,5.2,,9.5,497,,911,"4,668","49,724",41.2,7.1,"5,108"
New Zealand,NZL,WPR,High,2022,10.6,"5,138",81.9,18.1,11.9,4.3,,7.9,499,,967,"5,997","48,621",41.0,8.7,"5,132"
New Zealand,NZL,WPR,High,2023,10.1,"4,997",77.7,22.3,12.6,4.9,,8.3,558,,"1,025","5,878","49,334",41.0,7.9,"5,173"
New Zealand,NZL,WPR,High,2024,10.1,"5,022",,,12.7,5.6,,8.5,624,,"1,053","5,913","49,912",42.3,,"5,214"
Niue,NIU,WPR,High,2000,7.9,295,98.5,1.5,1.5,0.0,0.0,0.0,0,0,10,640,"3,726",119.1,7.8,2
Niue,NIU,WPR,High,2001,38.1,"1,348",99.6,0.4,0.4,0.0,0.0,0.0,0,0,12,"3,195","3,535",125.7,38.0,2
Niue,NIU,WPR,High,2002,11.1,430,98.6,1.4,1.4,0.0,0.0,0.0,0,0,13,916,"3,868",110.8,11.0,2
Niue,NIU,WPR,High,2003,9.5,517,88.4,1.4,1.4,0.0,10.3,0.0,91,0,12,786,"5,424",89.8,8.4,2
Niue,NIU,WPR,High,2004,17.3,"1,093",68.1,0.7,0.7,0.0,31.2,0.0,21,493,12,"1,616","6,302",118.2,11.8,2
Niue,NIU,WPR,High,2005,11.7,873,69.6,1.1,1.1,0.0,29.3,0.0,188,176,13,"1,039","7,492",113.2,8.1,2
Niue,NIU,WPR,High,2006,79.7,"5,909",53.3,0.2,0.2,0.0,46.5,0.0,118,"4,122",15,"8,979","7,411",107.1,42.5,2
Niue,NIU,WPR,High,2007,16.0,"1,418",79.1,0.8,0.8,0.0,20.1,0.0,0,388,16,"1,914","8,844",107.1,12.7,2
Niue,NIU,WPR,High,2008,25.7,"2,316",59.5,0.5,0.5,0.0,40.0,0.0,46,"1,272",17,"3,231","8,994",97.0,15.3,2
Niue,NIU,WPR,High,2009,31.1,"2,476",56.9,0.5,0.5,0.0,42.6,0.0,0,"1,688",19,"3,944","7,974",93.1,17.7,2
Niue,NIU,WPR,High,2010,13.1,"1,311",80.2,1.1,1.1,0.0,18.7,0.0,146,194,20,"1,653","9,999",151.6,10.5,2
Niue,NIU,WPR,High,2011,20.5,"2,449",78.5,0.7,0.7,0.0,20.8,0.0,219,428,21,"2,860","11,943",176.6,16.1,2
Niue,NIU,WPR,High,2012,9.3,"1,198",81.8,1.5,1.5,0.0,16.8,0.0,60,189,22,"1,398","12,942",157.0,7.6,2
Niue,NIU,WPR,High,2013,9.9,"1,423",70.6,1.2,1.2,0.0,28.2,0.0,262,226,21,"1,452","14,395",124.9,7.0,2
Niue,NIU,WPR,High,2014,10.9,"1,676",63.4,1.0,1.0,0.0,35.5,0.0,49,669,21,"1,950","15,335",115.0,6.9,2
Niue,NIU,WPR,High,2015,8.6,"1,148",66.3,0.8,0.8,0.0,32.9,0.0,26,515,14,"1,606","13,290",102.4,5.7,2
Niue,NIU,WPR,High,2016,7.6,"1,061",71.0,0.9,0.9,0.0,28.1,0.0,212,216,14,"1,298","13,919",108.7,5.4,2
Niue,NIU,WPR,High,2017,8.5,"1,285",63.8,0.8,0.8,0.0,35.4,0.0,236,404,15,"1,558","15,087",108.7,5.4,2
Niue,NIU,WPR,High,2018,8.0,"1,394",66.9,0.9,0.9,0.0,32.2,0.0,206,444,18,"1,791","17,499",108.7,5.3,2
Niue,NIU,WPR,High,2019,7.2,"1,232",72.9,1.0,1.0,0.0,26.1,0.0,28,461,18,"1,825","17,031",108.7,5.3,2
Niue,NIU,WPR,High,2020,9.1,"1,451",68.5,0.8,0.8,0.0,30.7,0.0,69,617,17,"2,151","15,876",108.7,6.3,2
Niue,NIU,WPR,High,2021,15.1,"2,239",51.4,0.5,0.5,,48.1,0.0,63,"1,461",15,"3,088","14,844",108.7,7.8,2
Niue,NIU,WPR,High,2022,17.2,"2,292",41.3,0.4,0.4,,58.3,0.0,83,"2,024",15,"3,517","13,289",108.7,7.1,2
Niue,NIU,WPR,High,2023,16.1,"2,299",45.2,0.4,0.4,,54.4,0.0,1,"2,035",15,"3,729","14,247",108.7,7.3,2
Palau,PLW,WPR,High,2000,8.6,676,53.1,21.3,16.2,5.2,25.5,0.0,35,173,109,531,"7,821",56.7,4.6,19
Palau,PLW,WPR,High,2001,7.8,641,50.8,22.3,16.9,5.4,26.9,0.0,35,172,108,498,"8,216",49.7,4.0,19
Palau,PLW,WPR,High,2002,7.3,609,49.2,28.7,18.5,6.4,22.2,0.0,62,135,113,435,"8,358",48.5,3.6,20
Palau,PLW,WPR,High,2003,8.1,638,48.8,28.4,18.0,6.8,22.8,0.0,66,146,115,457,"7,884",48.4,3.9,20
Palau,PLW,WPR,High,2004,9.1,765,45.4,25.1,15.6,6.4,29.5,0.0,72,226,119,573,"8,375",48.8,4.1,20
Palau,PLW,WPR,High,2005,8.6,810,40.2,27.2,16.6,7.3,32.6,0.0,86,211,134,537,"9,385",40.3,3.5,20
Palau,PLW,WPR,High,2006,8.7,852,41.6,29.6,17.6,8.5,28.8,0.0,102,238,150,593,"9,748",45.5,3.6,20
Palau,PLW,WPR,High,2007,8.8,897,38.5,31.1,18.0,9.4,30.4,0.0,117,273,162,619,"10,154",49.0,3.4,19
Palau,PLW,WPR,High,2008,8.4,881,36.1,33.4,19.4,10.1,30.5,0.0,123,264,171,583,"10,469",44.2,3.0,19
Palau,PLW,WPR,High,2009,9.6,947,41.5,33.7,19.6,10.2,24.8,0.0,134,235,186,628,"9,835",42.4,4.0,19
Palau,PLW,WPR,High,2010,10.9,"1,093",38.0,30.5,17.7,9.2,31.5,0.0,140,334,194,750,"10,002",47.8,4.2,18
Palau,PLW,WPR,High,2011,9.9,"1,073",43.2,31.9,18.5,9.6,25.0,2.4,143,263,199,687,"10,787",43.6,4.3,18
Palau,PLW,WPR,High,2012,10.2,"1,240",47.1,28.6,16.6,8.7,24.3,6.2,149,284,206,729,"12,102",43.3,4.8,18
Palau,PLW,WPR,High,2013,10.9,"1,399",50.2,27.5,16.0,8.3,22.3,7.4,162,297,224,785,"12,806",40.3,5.5,18
Palau,PLW,WPR,High,2014,10.7,"1,481",52.0,27.0,15.7,8.2,21.0,9.9,168,286,232,772,"13,830",40.0,5.6,18
Palau,PLW,WPR,High,2015,9.8,"1,555",50.6,29.3,17.3,9.0,20.0,11.3,188,294,268,765,"15,926",35.3,4.9,18
Palau,PLW,WPR,High,2016,10.0,"1,705",52.3,29.5,17.2,8.9,18.2,10.0,211,290,292,839,"17,025",37.6,5.2,18
Palau,PLW,WPR,High,2017,10.9,"1,775",51.9,29.2,17.0,8.8,18.9,10.8,217,320,301,873,"16,281",34.8,5.7,18
Palau,PLW,WPR,High,2018,11.2,"1,809",54.1,27.6,16.5,8.6,18.2,10.7,200,315,299,901,"16,167",37.8,6.1,18
Palau,PLW,WPR,High,2019,12.2,"1,929",57.9,25.3,14.8,7.7,16.9,14.2,201,320,286,953,"15,844",42.6,7.0,18
Palau,PLW,WPR,High,2020,13.3,"1,938",51.7,27.4,16.1,8.4,20.9,9.1,220,400,312,"1,030","14,557",58.3,6.9,18
Palau,PLW,WPR,High,2021,14.6,"1,931",52.1,27.4,16.1,8.4,20.5,11.1,219,376,311,969,"13,271",64.8,7.6,18
Palau,PLW,WPR,High,2022,14.9,"2,078",51.8,27.8,16.3,8.5,20.4,10.2,239,417,339,"1,086","13,965",60.5,7.7,18
Palau,PLW,WPR,High,2023,10.9,"1,684",60.9,20.6,12.1,6.3,18.5,11.5,143,259,204,911,"15,513",49.8,6.6,18
Papua New Guinea,PNG,WPR,Lower-middle,2000,2.0,19,84.3,9.4,9.4,,6.3,0.0,7,1,5,40,933,20.5,1.7,"5,537"
Papua New Guinea,PNG,WPR,Lower-middle,2001,2.3,18,72.5,8.9,8.9,,18.7,0.0,16,1,5,40,791,21.6,1.7,"5,728"
Papua New Guinea,PNG,WPR,Lower-middle,2002,2.8,21,63.6,8.7,8.7,,27.7,0.0,27,1,7,46,740,20.8,1.8,"5,924"
Papua New Guinea,PNG,WPR,Lower-middle,2003,2.5,22,58.1,8.8,8.8,,33.1,0.0,30,1,7,41,896,18.7,1.4,"6,124"
Papua New Guinea,PNG,WPR,Lower-middle,2004,2.6,26,65.5,8.5,8.5,,26.0,0.0,27,0,7,48,992,19.4,1.7,"6,328"
Papua New Guinea,PNG,WPR,Lower-middle,2005,2.4,27,65.9,8.2,8.2,,25.9,0.0,27,1,7,51,"1,123",20.6,1.6,"6,536"
Papua New Guinea,PNG,WPR,Lower-middle,2006,2.4,30,67.1,8.1,8.1,,24.7,0.0,26,3,7,58,"1,238",19.4,1.6,"6,748"
Papua New Guinea,PNG,WPR,Lower-middle,2007,2.4,33,67.5,7.8,7.8,,24.7,0.0,26,5,8,64,"1,371",18.0,1.6,"6,963"
Papua New Guinea,PNG,WPR,Lower-middle,2008,2.1,35,70.9,8.7,8.7,,20.4,0.0,20,6,8,66,"1,625",19.8,1.5,"7,183"
Papua New Guinea,PNG,WPR,Lower-middle,2009,2.3,37,66.8,10.4,10.4,,22.8,0.0,21,10,10,70,"1,569",24.7,1.6,"7,406"
Papua New Guinea,PNG,WPR,Lower-middle,2010,2.1,39,61.7,12.3,12.3,,26.0,0.0,23,12,13,71,"1,867",18.4,1.3,"7,634"
Papua New Guinea,PNG,WPR,Lower-middle,2011,2.3,52,65.3,12.2,12.2,,22.5,0.0,24,12,15,85,"2,288",19.7,1.5,"7,859"
Papua New Guinea,PNG,WPR,Lower-middle,2012,2.7,70,68.3,9.2,9.2,,22.5,0.0,38,6,14,95,"2,635",22.4,1.8,"8,081"
Papua New Guinea,PNG,WPR,Lower-middle,2013,3.0,77,66.2,6.6,6.6,,27.2,0.0,51,8,11,110,"2,561",27.6,2.0,"8,303"
Papua New Guinea,PNG,WPR,Lower-middle,2014,3.3,89,61.8,6.0,6.0,,32.3,0.0,82,3,13,124,"2,723",27.1,2.0,"8,523"
Papua New Guinea,PNG,WPR,Lower-middle,2015,1.8,45,75.8,12.4,12.4,,11.9,0.0,28,2,15,81,"2,485",22.8,1.4,"8,743"
Papua New Guinea,PNG,WPR,Lower-middle,2016,2.3,54,72.0,10.1,10.1,,17.9,0.0,41,3,17,111,"2,316",20.9,1.7,"8,962"
Papua New Guinea,PNG,WPR,Lower-middle,2017,2.2,55,75.4,9.0,9.0,,15.6,0.0,39,2,16,121,"2,478",18.4,1.7,"9,179"
Papua New Guinea,PNG,WPR,Lower-middle,2018,2.3,59,70.2,9.6,9.6,,20.2,0.0,39,13,19,136,"2,566",20.3,1.6,"9,395"
Papua New Guinea,PNG,WPR,Lower-middle,2019,2.3,60,58.3,9.5,9.5,,32.1,0.0,37,40,19,146,"2,576",21.3,1.4,"9,609"
Papua New Guinea,PNG,WPR,Lower-middle,2020,2.3,56,68.7,10.4,10.4,,20.8,0.0,50,3,20,124,"2,430",23.5,1.6,"9,816"
Papua New Guinea,PNG,WPR,Lower-middle,2021,2.3,61,50.0,10.4,10.4,,39.6,0.0,46,52,22,146,"2,608",22.0,1.2,"10,013"
Papua New Guinea,PNG,WPR,Lower-middle,2022,2.6,81,58.5,9.3,9.3,,32.2,0.0,99,20,26,160,"3,102",21.9,1.5,"10,203"
Papua New Guinea,PNG,WPR,Lower-middle,2023,2.9,85,73.3,8.6,8.6,,18.2,0.0,71,9,26,209,"2,966",22.3,2.1,"10,390"
Philippines,PHL,WPR,Lower-middle,2000,3.1,32,44.4,52.1,41.2,5.9,3.5,7.1,154,50,584,580,"1,051",20.8,1.4,"79,625"
Philippines,PHL,WPR,Lower-middle,2001,2.8,28,40.6,55.6,44.6,5.9,3.8,7.8,155,53,628,515,970,21.0,1.2,"81,401"
Philippines,PHL,WPR,Lower-middle,2002,2.6,27,37.0,60.1,47.8,6.9,2.8,8.5,171,39,660,433,"1,015",20.6,1.0,"83,069"
Philippines,PHL,WPR,Lower-middle,2003,3.1,32,36.2,60.4,47.7,8.0,3.4,7.7,218,58,817,545,"1,027",20.4,1.1,"84,732"
Philippines,PHL,WPR,Lower-middle,2004,3.0,34,35.7,60.4,47.8,7.7,3.9,7.5,236,73,897,602,"1,100",19.4,1.1,"86,395"
Philippines,PHL,WPR,Lower-middle,2005,3.7,46,33.1,62.7,52.1,7.2,4.2,6.5,266,106,"1,311",774,"1,220",18.7,1.2,"88,016"
Philippines,PHL,WPR,Lower-middle,2006,3.8,54,32.1,64.1,54.0,6.8,3.8,5.6,278,106,"1,494",839,"1,426",18.3,1.2,"89,509"
Philippines,PHL,WPR,Lower-middle,2007,3.8,64,31.3,66.7,56.0,7.5,2.0,4.6,319,58,"1,660",849,"1,713",18.2,1.2,"91,075"
Philippines,PHL,WPR,Lower-middle,2008,3.9,76,30.1,68.4,57.4,7.7,1.5,4.4,367,50,"1,927",913,"1,959",17.9,1.2,"92,699"
Philippines,PHL,WPR,Lower-middle,2009,4.2,78,30.6,67.0,55.6,8.2,2.3,4.7,424,86,"2,057","1,045","1,864",19.2,1.3,"94,384"
Philippines,PHL,WPR,Lower-middle,2010,4.1,89,31.9,66.3,54.8,8.5,1.8,4.8,462,72,"2,211","1,163","2,163",18.3,1.3,"96,337"
Philippines,PHL,WPR,Lower-middle,2011,4.0,96,26.4,72.7,58.9,10.6,1.0,5.1,572,40,"2,448",923,"2,384",17.2,1.1,"98,249"
Philippines,PHL,WPR,Lower-middle,2012,4.2,109,26.3,72.7,58.3,10.9,1.0,5.2,663,47,"2,689","1,020","2,615",17.7,1.1,"100,176"
Philippines,PHL,WPR,Lower-middle,2013,4.3,119,26.2,72.0,57.6,11.2,1.7,4.6,730,88,"2,905","1,177","2,781",17.3,1.1,"102,076"
Philippines,PHL,WPR,Lower-middle,2014,3.7,106,34.1,64.4,52.4,10.1,1.5,15.8,531,70,"2,469",969,"2,867",16.8,1.3,"103,767"
Philippines,PHL,WPR,Lower-middle,2015,3.9,113,37.7,60.9,51.2,7.8,1.4,18.3,460,74,"2,642","1,118","2,910",17.8,1.5,"105,313"
Philippines,PHL,WPR,Lower-middle,2016,4.0,118,37.3,60.5,50.5,8.1,2.3,17.1,512,127,"2,831","1,307","2,985",19.0,1.5,"106,736"
Philippines,PHL,WPR,Lower-middle,2017,4.0,120,37.4,60.4,50.1,8.6,2.2,16.2,588,133,"3,041","1,452","3,038",19.5,1.5,"108,120"
Philippines,PHL,WPR,Lower-middle,2018,4.0,125,38.9,60.8,50.4,8.7,0.3,15.6,646,21,"3,327","1,592","3,169",20.9,1.5,"109,465"
Philippines,PHL,WPR,Lower-middle,2019,4.2,142,40.6,59.0,48.8,8.6,0.4,16.5,708,30,"3,581","1,843","3,401",21.7,1.7,"110,805"
Philippines,PHL,WPR,Lower-middle,2020,5.2,167,45.2,54.1,44.6,8.2,0.7,14.6,739,61,"3,685","2,640","3,228",25.9,2.3,"112,081"
Philippines,PHL,WPR,Lower-middle,2021,6.0,208,44.7,50.2,41.2,8.0,5.1,12.8,903,520,"4,227","3,816","3,484",27.2,2.7,"113,101"
Philippines,PHL,WPR,Lower-middle,2022,5.2,183,45.1,54.6,44.6,9.0,0.3,13.4,979,31,"4,448","3,198","3,548",25.9,2.3,"113,964"
Philippines,PHL,WPR,Lower-middle,2023,5.1,194,42.4,57.5,44.4,12.1,0.1,10.2,"1,404",10,"4,789","3,505","3,804",24.7,2.2,"114,891"
Republic of Korea,KOR,WPR,High,2000,3.7,475,50.6,49.4,43.3,1.5,0.0,40.4,"13,229",0,"232,735","54,692","12,783",22.7,1.9,"46,767"
Republic of Korea,KOR,WPR,High,2001,4.2,503,54.2,45.8,41.3,1.6,0.0,44.7,"11,472",0,"268,350","61,499","12,067",24.3,2.3,"47,043"
Republic of Korea,KOR,WPR,High,2002,3.9,537,54.8,45.2,40.8,1.7,0.0,44.6,"12,683",0,"273,940","68,229","13,737",24.0,2.1,"47,299"
Republic of Korea,KOR,WPR,High,2003,4.5,685,50.3,49.7,45.2,1.8,0.0,40.9,"16,047",0,"369,100","76,429","15,332",30.0,2.2,"47,514"
Republic of Korea,KOR,WPR,High,2004,4.4,764,50.8,49.2,44.8,2.0,0.0,41.3,"18,421",0,"392,827","83,327","17,246",27.1,2.3,"47,697"
Republic of Korea,KOR,WPR,High,2005,4.7,945,51.2,48.8,44.4,1.9,0.0,41.1,"20,408",0,"429,764","98,489","20,303",26.8,2.4,"47,852"
Republic of Korea,KOR,WPR,High,2006,5.0,"1,131",53.1,46.9,42.5,2.0,0.0,42.5,"23,496",0,"459,298","114,600","22,800",27.5,2.6,"48,007"
Republic of Korea,KOR,WPR,High,2007,5.0,"1,256",54.9,45.1,40.6,2.4,0.0,44.5,"29,863",0,"473,764","121,425","25,338",26.9,2.7,"48,178"
Republic of Korea,KOR,WPR,High,2008,5.2,"1,186",53.4,46.6,41.6,3.0,0.0,42.9,"41,749",0,"543,310","137,273","22,613",28.6,2.8,"48,356"
Republic of Korea,KOR,WPR,High,2009,5.7,"1,151",55.0,45.0,39.2,4.0,0.0,44.0,"61,058",0,"575,937","161,593","20,245",31.0,3.1,"48,547"
Republic of Korea,KOR,WPR,High,2010,5.8,"1,417",55.3,44.7,38.8,4.3,0.0,44.9,"71,806",0,"635,515","170,184","24,459",28.4,3.2,"48,769"
Republic of Korea,KOR,WPR,High,2011,5.9,"1,571",54.5,45.5,39.0,4.9,0.0,44.6,"88,363",0,"677,980","172,867","26,606",29.1,3.2,"49,128"
Republic of Korea,KOR,WPR,High,2012,6.0,"1,604",54.3,45.7,38.7,5.4,0.0,44.5,"100,212",0,"698,930","177,910","26,922",29.5,3.2,"49,600"
Republic of Korea,KOR,WPR,High,2013,6.1,"1,739",54.7,45.3,38.3,5.7,0.0,44.8,"110,444",0,"728,529","188,082","28,653",28.8,3.3,"50,071"
Republic of Korea,KOR,WPR,High,2014,6.2,"1,923",54.5,45.5,37.6,6.3,0.0,44.6,"129,424",0,"760,270","201,866","30,793",29.0,3.4,"50,539"
Republic of Korea,KOR,WPR,High,2015,6.5,"1,951",54.3,45.7,37.7,6.3,0.0,44.2,"143,251",0,"831,941","223,082","30,190",29.0,3.5,"50,984"
Republic of Korea,KOR,WPR,High,2016,6.6,"2,043",55.0,45.0,36.5,6.8,0.0,45.2,"165,687",0,"865,101","233,833","30,784",28.8,3.7,"51,298"
Republic of Korea,KOR,WPR,High,2017,6.8,"2,258",55.7,44.3,35.8,6.9,0.0,45.6,"178,916",0,"914,047","257,976","33,217",28.8,3.8,"51,486"
Republic of Korea,KOR,WPR,High,2018,7.1,"2,523",56.5,43.5,34.7,7.2,0.0,46.8,"203,399",0,"962,535","270,727","35,326",29.4,4.0,"51,641"
Republic of Korea,KOR,WPR,High,2019,7.7,"2,602",57.6,42.4,32.8,7.9,0.0,47.7,"243,887",0,"995,893","300,893","33,825",31.9,4.4,"51,768"
Republic of Korea,KOR,WPR,High,2020,8.0,"2,700",58.2,41.8,31.8,8.4,0.0,46.4,"271,300",0,"1,013,131","376,178","33,631",35.9,4.7,"51,858"
Republic of Korea,KOR,WPR,High,2021,8.3,"3,126",60.8,39.2,29.7,7.9,0.0,44.7,"288,141",0,"1,062,635","576,486","37,461",35.4,5.1,"51,848"
Republic of Korea,KOR,WPR,High,2022,8.9,"3,079",62.3,37.7,29.3,7.0,0.0,44.6,"281,592",0,"1,163,919","703,549","34,748",37.0,5.5,"51,783"
Republic of Korea,KOR,WPR,High,2023,8.6,"3,044",58.6,41.4,31.8,8.2,0.0,47.1,"329,425",0,"1,261,983","458,188","35,538",32.1,5.0,"51,749"
Republic of Korea,KOR,WPR,High,2024,8.7,"3,137",56.6,43.4,33.7,8.2,,45.7,"355,993",,"1,442,851","466,901","36,152",31.7,4.9,"51,718"
Samoa,WSM,WPR,Lower-middle,2000,4.3,60,83.7,12.0,12.0,0.0,4.4,0.0,9,,24,166,"1,412",30.4,3.6,182
Samoa,WSM,WPR,Lower-middle,2001,3.8,56,81.7,15.0,14.1,0.1,3.3,0.0,8,,27,159,"1,469",30.0,3.1,183
Samoa,WSM,WPR,Lower-middle,2002,4.5,72,76.1,14.2,13.3,0.1,9.8,0.0,26,,33,186,"1,612",30.8,3.4,184
Samoa,WSM,WPR,Lower-middle,2003,4.2,82,67.5,15.4,14.4,0.1,17.1,0.0,25,20,35,184,"1,964",28.5,2.8,185
Samoa,WSM,WPR,Lower-middle,2004,4.5,104,66.7,13.8,13.0,0.1,19.4,0.0,44,15,38,209,"2,307",27.4,3.0,186
Samoa,WSM,WPR,Lower-middle,2005,4.6,121,68.6,13.9,13.1,0.1,17.5,0.0,47,13,43,239,"2,617",30.5,3.2,187
Samoa,WSM,WPR,Lower-middle,2006,4.9,133,70.5,13.7,12.8,0.1,15.9,0.0,54,8,48,270,"2,731",27.7,3.4,188
Samoa,WSM,WPR,Lower-middle,2007,4.7,148,69.1,14.0,13.1,0.1,16.9,0.0,45,24,51,292,"3,116",31.1,3.3,189
Samoa,WSM,WPR,Lower-middle,2008,4.5,157,76.5,15.2,14.3,0.1,8.3,0.0,36,3,59,320,"3,461",27.7,3.5,190
Samoa,WSM,WPR,Lower-middle,2009,5.1,172,77.7,13.4,12.6,0.1,8.9,0.0,11,35,59,401,"3,363",31.4,4.0,192
Samoa,WSM,WPR,Lower-middle,2010,5.2,185,75.4,13.5,12.6,0.1,11.1,0.0,14,42,58,389,"3,599",29.4,3.9,193
Samoa,WSM,WPR,Lower-middle,2011,5.4,212,68.1,13.1,12.3,0.1,18.8,0.0,10,87,60,421,"3,936",33.7,3.7,195
Samoa,WSM,WPR,Lower-middle,2012,5.0,197,78.5,14.8,13.9,0.1,6.8,0.0,15,19,63,374,"3,950",33.6,3.9,196
Samoa,WSM,WPR,Lower-middle,2013,6.2,247,64.8,11.8,11.1,0.1,23.4,0.1,17,121,63,491,"3,979",30.7,4.0,198
Samoa,WSM,WPR,Lower-middle,2014,6.4,252,76.7,11.5,10.9,0.1,11.8,0.1,24,56,64,500,"3,966",35.4,4.9,200
Samoa,WSM,WPR,Lower-middle,2015,6.0,233,69.9,11.3,10.6,0.1,18.8,0.0,40,76,63,492,"3,867",30.5,4.2,202
Samoa,WSM,WPR,Lower-middle,2016,5.6,238,67.6,12.0,11.3,0.1,20.4,0.1,40,89,69,501,"4,226",27.3,3.8,203
Samoa,WSM,WPR,Lower-middle,2017,5.2,221,76.0,12.8,12.0,0.1,11.2,0.0,39,29,68,457,"4,277",30.9,3.9,205
Samoa,WSM,WPR,Lower-middle,2018,4.8,200,77.4,13.8,13.0,0.1,8.7,0.0,43,8,67,408,"4,197",30.0,3.7,208
Samoa,WSM,WPR,Lower-middle,2019,5.6,243,76.6,11.9,11.2,0.1,11.6,0.2,71,9,72,500,"4,301",31.8,4.3,210
Samoa,WSM,WPR,Lower-middle,2020,6.1,253,73.0,13.8,13.3,0.0,13.2,0.1,80,14,90,503,"4,150",30.5,4.4,212
Samoa,WSM,WPR,Lower-middle,2021,7.2,286,70.6,13.1,12.3,0.3,16.3,0.1,105,21,90,535,"3,969",34.7,5.1,214
Samoa,WSM,WPR,Lower-middle,2022,6.9,260,69.9,14.0,13.2,0.3,16.0,0.1,99,20,93,507,"3,749",33.2,4.8,215
Samoa,WSM,WPR,Lower-middle,2023,6.8,293,69.2,14.2,13.4,0.3,16.5,0.1,117,22,108,576,"4,318",32.1,4.7,217
Singapore,SGP,WPR,High,2000,3.3,796,36.3,63.7,48.2,2.0,0.0,1.8,213,0,661,474,"23,809",16.4,1.2,"4,035"
Singapore,SGP,WPR,High,2001,3.2,690,27.9,72.1,55.6,2.3,0.0,1.5,204,0,687,326,"21,815",18.1,0.9,"4,116"
Singapore,SGP,WPR,High,2002,3.4,749,31.3,68.7,53.1,2.2,0.0,1.5,209,0,712,401,"22,315",16.1,1.1,"4,147"
Singapore,SGP,WPR,High,2003,3.6,851,37.1,62.9,48.5,2.0,0.0,4.4,215,0,719,485,"23,596",16.1,1.3,"4,138"
Singapore,SGP,WPR,High,2004,3.2,868,32.5,67.5,51.0,2.3,0.0,4.4,243,0,749,412,"27,568",14.3,1.0,"4,173"
Singapore,SGP,WPR,High,2005,3.0,908,33.0,67.0,50.0,2.2,0.0,5.6,257,0,756,414,"29,943",12.7,1.0,"4,268"
Singapore,SGP,WPR,High,2006,2.9,990,33.9,66.1,48.8,2.0,0.0,6.0,271,0,768,439,"33,725",12.7,1.0,"4,407"
Singapore,SGP,WPR,High,2007,2.8,"1,117",33.5,66.5,48.5,2.2,0.0,5.0,304,0,816,480,"39,365",9.2,1.0,"4,597"
Singapore,SGP,WPR,High,2008,3.2,"1,287",37.3,62.7,46.5,2.2,0.0,6.3,296,0,846,565,"40,280",13.8,1.2,"4,807"
Singapore,SGP,WPR,High,2009,3.4,"1,326",34.9,65.1,43.3,2.3,0.0,3.3,298,0,836,611,"39,076",16.6,1.2,"4,969"
Singapore,SGP,WPR,High,2010,3.2,"1,511",35.9,64.1,41.5,2.6,0.0,3.7,331,0,855,664,"47,234",10.5,1.1,"5,077"
Singapore,SGP,WPR,High,2011,3.2,"1,700",37.2,62.8,39.6,2.9,0.0,4.3,358,0,846,702,"53,907",9.8,1.2,"5,182"
Singapore,SGP,WPR,High,2012,3.3,"1,853",39.3,60.7,37.7,3.0,0.0,4.8,387,0,873,799,"55,748",9.9,1.3,"5,293"
Singapore,SGP,WPR,High,2013,3.7,"2,103",41.7,58.3,36.2,2.3,0.0,4.9,432,0,953,968,"57,111",11.0,1.5,"5,386"
Singapore,SGP,WPR,High,2014,3.9,"2,233",45.0,55.0,33.3,2.3,0.0,5.7,457,0,942,"1,113","57,690",12.8,1.7,"5,458"
Singapore,SGP,WPR,High,2015,4.2,"2,330",47.1,52.9,33.1,2.2,0.0,6.3,473,0,"1,060","1,308","55,743",14.5,2.0,"5,525"
Singapore,SGP,WPR,High,2016,4.4,"2,510",47.4,52.6,32.6,2.0,0.0,7.6,526,0,"1,131","1,378","57,306",15.6,2.1,"5,578"
Singapore,SGP,WPR,High,2017,4.4,"2,674",48.4,51.6,32.1,2.0,0.0,8.1,551,0,"1,184","1,485","61,326",13.8,2.1,"5,604"
Singapore,SGP,WPR,High,2018,4.1,"2,726",50.1,49.9,29.1,2.1,0.0,8.5,581,0,"1,070","1,532","66,933",14.0,2.0,"5,634"
Singapore,SGP,WPR,High,2019,4.4,"2,924",51.8,48.2,28.4,2.0,0.0,8.8,596,0,"1,133","1,719","66,348",14.0,2.3,"5,670"
Singapore,SGP,WPR,High,2020,5.7,"3,541",59.9,40.1,24.4,1.4,0.0,8.0,588,0,"1,190","2,536","62,128",24.6,3.4,"5,620"
Singapore,SGP,WPR,High,2021,5.1,"4,051",60.9,39.1,23.5,1.3,0.0,8.3,650,0,"1,277","2,860","78,718",16.4,3.1,"5,546"
Singapore,SGP,WPR,High,2022,4.3,"3,902",60.1,39.9,23.5,1.5,0.0,8.9,670,0,"1,263","2,756","90,094",15.0,2.6,"5,650"
Singapore,SGP,WPR,High,2023,4.5,"3,922",58.5,41.5,25.4,1.7,0.0,8.6,642,0,"1,338","2,627","87,309",15.1,2.6,"5,789"
Solomon Islands,SLB,WPR,Lower-middle,2000,4.8,46,92.0,5.4,5.4,0.0,2.5,0.0,2,4,13,219,953,18.7,4.4,440
Solomon Islands,SLB,WPR,Lower-middle,2001,6.6,60,91.1,4.7,4.6,0.0,4.1,0.0,9,5,15,294,912,18.1,6.0,449
Solomon Islands,SLB,WPR,Lower-middle,2002,10.1,76,56.7,2.6,2.6,0.0,40.6,0.0,69,140,13,433,757,16.6,5.7,458
Solomon Islands,SLB,WPR,Lower-middle,2003,7.1,54,74.0,2.9,2.9,0.0,23.0,0.0,93,0,12,297,756,14.9,5.2,466
Solomon Islands,SLB,WPR,Lower-middle,2004,7.7,65,63.3,2.7,2.7,0.0,34.0,0.0,141,24,13,330,838,14.7,4.9,475
Solomon Islands,SLB,WPR,Lower-middle,2005,9.0,89,71.0,2.2,2.2,0.0,26.8,0.0,180,0,15,476,987,17.0,6.4,483
Solomon Islands,SLB,WPR,Lower-middle,2006,8.0,88,65.6,2.7,2.7,0.0,31.7,0.0,149,63,18,501,"1,096",19.9,5.3,492
Solomon Islands,SLB,WPR,Lower-middle,2007,7.2,89,69.0,3.0,2.9,0.0,28.0,0.0,48,143,20,614,"1,240",23.7,5.0,500
Solomon Islands,SLB,WPR,Lower-middle,2008,5.5,76,57.3,3.7,3.7,0.0,38.9,0.0,75,154,22,490,"1,374",27.0,3.2,509
Solomon Islands,SLB,WPR,Lower-middle,2009,6.6,94,47.0,2.8,2.7,0.0,50.3,0.0,220,160,21,515,"1,420",24.8,3.1,518
Solomon Islands,SLB,WPR,Lower-middle,2010,4.7,74,63.2,4.2,4.1,0.1,32.7,0.0,104,92,24,470,"1,589",23.9,2.9,533
Solomon Islands,SLB,WPR,Lower-middle,2011,5.0,96,57.1,3.3,3.2,0.1,39.6,0.0,78,212,24,628,"1,899",27.0,2.9,553
Solomon Islands,SLB,WPR,Lower-middle,2012,4.9,101,60.4,3.1,3.0,0.1,36.5,0.0,54,217,22,665,"2,066",29.4,2.9,574
Solomon Islands,SLB,WPR,Lower-middle,2013,4.6,99,60.5,3.2,3.2,0.1,36.2,0.0,49,213,23,651,"2,161",41.8,2.8,595
Solomon Islands,SLB,WPR,Lower-middle,2014,4.9,106,60.5,3.0,2.9,0.1,36.6,0.0,73,213,23,685,"2,165",39.8,3.0,617
Solomon Islands,SLB,WPR,Lower-middle,2015,4.5,91,68.9,3.1,3.1,0.1,27.9,0.0,71,131,22,628,"2,046",41.5,3.1,639
Solomon Islands,SLB,WPR,Lower-middle,2016,4.5,94,69.6,3.0,3.0,0.1,27.3,0.0,103,102,22,624,"2,083",39.6,3.2,662
Solomon Islands,SLB,WPR,Lower-middle,2017,4.2,89,74.3,3.2,3.1,0.1,22.5,0.0,48,110,22,634,"2,144",40.4,3.1,686
Solomon Islands,SLB,WPR,Lower-middle,2018,3.9,88,76.7,3.7,3.6,0.1,19.6,0.0,43,95,25,632,"2,278",34.8,3.0,709
Solomon Islands,SLB,WPR,Lower-middle,2019,4.4,99,73.4,3.6,3.6,0.1,22.9,0.0,68,117,29,709,"2,224",35.6,3.3,728
Solomon Islands,SLB,WPR,Lower-middle,2020,4.9,101,74.0,3.5,3.4,0.1,22.5,0.0,63,124,28,738,"2,063",40.4,3.6,744
Solomon Islands,SLB,WPR,Lower-middle,2021,4.9,99,69.7,3.7,3.6,0.1,26.6,0.0,75,136,29,690,"1,997",37.8,3.5,763
Solomon Islands,SLB,WPR,Lower-middle,2022,4.8,97,68.9,3.8,3.7,0.1,27.4,0.0,130,87,29,630,"2,005",40.8,3.3,781
Solomon Islands,SLB,WPR,Lower-middle,2023,5.4,111,62.9,3.2,3.2,0.1,33.9,0.0,94,222,29,809,"2,076",40.1,3.4,800
Tonga,TON,WPR,Upper-middle,2000,2.9,53,79.3,19.5,14.5,0.1,1.2,0.0,6,0,14,74,"1,839",20.2,2.3,103
Tonga,TON,WPR,Upper-middle,2001,3.4,55,71.4,16.2,12.1,0.1,12.3,0.0,19,0,14,84,"1,614",19.2,2.4,103
Tonga,TON,WPR,Upper-middle,2002,3.6,63,72.2,16.6,12.4,0.1,11.2,0.0,21,0,17,100,"1,745",21.4,2.6,104
Tonga,TON,WPR,Upper-middle,2003,3.4,68,70.5,17.2,12.8,0.1,12.3,0.0,24,0,19,103,"1,981",20.0,2.4,104
Tonga,TON,WPR,Upper-middle,2004,4.5,103,54.5,13.4,10.0,0.1,32.1,0.0,72,0,20,110,"2,278",19.3,2.5,105
Tonga,TON,WPR,Upper-middle,2005,4.4,108,59.5,15.8,10.6,1.5,24.6,0.0,52,10,22,136,"2,469",19.9,2.6,106
Tonga,TON,WPR,Upper-middle,2006,5.5,149,52.1,12.9,7.9,2.1,35.0,0.0,115,6,24,163,"2,727",25.6,2.9,106
Tonga,TON,WPR,Upper-middle,2007,4.7,135,67.2,15.2,9.8,2.2,17.6,0.0,55,6,26,184,"2,843",23.2,3.2,107
Tonga,TON,WPR,Upper-middle,2008,6.1,191,47.8,11.0,7.5,1.3,41.2,0.0,156,10,28,187,"3,151",24.0,2.9,107
Tonga,TON,WPR,Upper-middle,2009,4.0,119,76.6,18.1,11.4,2.0,5.4,0.0,20,6,28,194,"2,989",23.9,3.0,107
Tonga,TON,WPR,Upper-middle,2010,4.8,167,59.3,14.6,8.5,1.5,26.1,0.0,91,11,27,200,"3,459",28.4,2.9,107
Tonga,TON,WPR,Upper-middle,2011,4.7,193,57.9,12.7,7.7,1.4,29.4,0.0,25,25,26,283,"4,081",32.7,2.7,108
Tonga,TON,WPR,Upper-middle,2012,8.1,318,34.2,7.6,4.7,0.9,58.1,0.0,87,59,26,435,"3,913",32.1,2.8,107
Tonga,TON,WPR,Upper-middle,2013,4.2,172,66.6,14.5,8.9,1.6,18.9,0.0,29,36,27,248,"4,123",34.2,2.8,107
Tonga,TON,WPR,Upper-middle,2014,5.2,211,55.5,11.8,7.2,1.3,32.7,0.0,89,48,28,273,"4,058",31.4,2.9,107
Tonga,TON,WPR,Upper-middle,2015,4.8,182,57.8,13.0,7.9,1.5,29.3,0.0,39,77,30,314,"3,805",37.4,2.8,106
Tonga,TON,WPR,Upper-middle,2016,5.2,209,57.2,11.3,6.9,1.3,31.5,0.0,60,82,32,370,"3,990",37.2,3.0,106
Tonga,TON,WPR,Upper-middle,2017,5.6,246,51.7,10.4,6.3,1.2,37.9,0.0,70,97,34,439,"4,376",39.7,2.9,105
Tonga,TON,WPR,Upper-middle,2018,6.1,278,52.3,10.0,6.1,1.1,37.7,0.0,55,84,38,530,"4,549",39.7,3.2,106
Tonga,TON,WPR,Upper-middle,2019,5.7,267,52.2,10.3,6.2,1.2,37.5,0.0,71,108,38,501,"4,642",39.9,3.0,106
Tonga,TON,WPR,Upper-middle,2020,5.6,263,53.7,10.1,6.1,1.1,36.2,0.0,85,133,37,482,"4,723",37.9,3.0,106
Tonga,TON,WPR,Upper-middle,2021,7.1,349,46.4,8.4,5.1,0.9,45.2,0.0,93,152,40,657,"4,939",44.7,3.3,105
Tonga,TON,WPR,Upper-middle,2022,8.0,383,48.3,6.6,3.9,0.7,45.2,0.0,112,208,35,744,"4,813",44.4,3.8,105
Tonga,TON,WPR,Upper-middle,2023,7.4,358,46.3,9.5,5.9,1.1,44.2,0.0,113,185,50,683,"4,858",48.2,3.4,105
Tuvalu,TUV,WPR,Upper-middle,2000,22.3,352,99.9,0.1,0.1,0.4,0.0,0.0,0,0,1,606,"1,579",186.5,22.3,10
Tuvalu,TUV,WPR,Upper-middle,2001,18.0,262,94.6,0.7,0.7,0.0,4.6,0.0,23,0,4,479,"1,457",148.4,17.0,10
Tuvalu,TUV,WPR,Upper-middle,2002,11.8,207,92.9,1.2,1.2,0.0,5.9,0.0,22,0,5,354,"1,750",97.7,11.0,10
Tuvalu,TUV,WPR,Upper-middle,2003,13.7,275,90.8,1.3,1.3,0.0,7.9,0.0,34,0,5,385,"2,007",96.8,12.4,10
Tuvalu,TUV,WPR,Upper-middle,2004,9.3,217,94.9,1.5,1.5,0.0,3.6,0.0,11,0,4,280,"2,322",74.2,8.9,10
Tuvalu,TUV,WPR,Upper-middle,2005,10.1,232,95.8,1.7,1.7,0.0,2.5,0.0,6,1,5,292,"2,305",83.3,9.6,10
Tuvalu,TUV,WPR,Upper-middle,2006,12.2,292,81.2,3.0,3.0,0.0,15.8,0.0,53,9,12,323,"2,396",100.0,9.9,10
Tuvalu,TUV,WPR,Upper-middle,2007,10.5,292,90.3,4.7,4.7,0.0,5.0,0.0,15,3,16,318,"2,794",88.2,9.4,10
Tuvalu,TUV,WPR,Upper-middle,2008,10.3,319,90.3,8.0,8.0,0.0,1.8,0.0,5,2,30,346,"3,088",84.2,9.3,10
Tuvalu,TUV,WPR,Upper-middle,2009,13.0,349,77.1,6.2,6.2,0.0,16.7,0.0,17,58,28,403,"2,684",100.0,10.0,10
Tuvalu,TUV,WPR,Upper-middle,2010,16.2,490,81.4,5.8,5.8,0.0,12.8,0.0,44,25,31,460,"3,025",94.3,13.2,11
Tuvalu,TUV,WPR,Upper-middle,2011,14.7,536,80.7,7.2,7.2,0.0,12.1,0.0,18,45,37,465,"3,636",78.9,11.9,11
Tuvalu,TUV,WPR,Upper-middle,2012,13.9,499,85.3,6.0,6.0,0.0,8.7,0.0,10,32,29,444,"3,598",76.3,11.8,11
Tuvalu,TUV,WPR,Upper-middle,2013,13.8,485,71.6,5.2,5.2,0.0,23.2,0.0,37,80,26,439,"3,511",80.0,9.9,11
Tuvalu,TUV,WPR,Upper-middle,2014,14.5,513,83.2,3.6,3.6,0.0,13.3,0.0,54,22,20,495,"3,529",95.3,12.1,11
Tuvalu,TUV,WPR,Upper-middle,2015,13.4,451,75.5,3.3,3.3,0.0,21.2,0.0,32,95,20,549,"3,358",116.3,10.1,11
Tuvalu,TUV,WPR,Upper-middle,2016,18.3,698,83.6,0.8,0.7,0.1,15.7,0.0,89,59,7,844,"3,809",117.9,15.3,11
Tuvalu,TUV,WPR,Upper-middle,2017,24.5,"1,017",78.4,0.6,0.6,0.1,21.0,0.0,83,197,8,"1,237","4,160",106.8,19.2,11
Tuvalu,TUV,WPR,Upper-middle,2018,18.4,819,84.2,0.5,0.5,0.0,15.2,0.0,38,130,5,"1,054","4,448",126.6,15.5,11
Tuvalu,TUV,WPR,Upper-middle,2019,22.2,"1,139",77.3,0.4,0.4,0.0,22.3,0.0,37,330,6,"1,596","5,125",112.8,17.2,11
Tuvalu,TUV,WPR,Upper-middle,2020,17.9,900,83.7,0.3,0.3,0.0,16.0,0.0,86,124,4,"1,218","5,029",119.7,15.0,10
Tuvalu,TUV,WPR,Upper-middle,2021,18.6,"1,122",53.3,0.2,0.2,0.0,46.5,0.0,189,506,3,"1,302","6,043",113.4,9.9,10
Tuvalu,TUV,WPR,Upper-middle,2022,21.3,"1,300",77.3,0.1,0.0,0.0,22.6,0.0,164,260,1,"1,710","6,109",102.3,16.5,10
Tuvalu,TUV,WPR,Upper-middle,2023,27.1,"1,724",72.8,0.1,0.0,0.0,27.1,0.0,204,500,1,"2,389","6,362",112.8,19.7,10
Vanuatu,VUT,WPR,Lower-middle,2000,3.3,48,74.7,10.4,10.4,,14.9,0.0,992,0,691,"4,963","1,460",25.4,2.5,186
Vanuatu,VUT,WPR,Lower-middle,2001,3.4,46,74.3,10.9,10.9,,14.8,0.0,985,0,724,"4,936","1,350",22.3,2.5,191
Vanuatu,VUT,WPR,Lower-middle,2002,3.9,52,67.2,8.9,8.9,0.0,23.9,0.0,"1,745",0,646,"4,896","1,341",22.3,2.6,196
Vanuatu,VUT,WPR,Lower-middle,2003,3.5,55,71.0,13.2,9.6,3.5,15.8,0.0,"1,286",15,646,"4,781","1,567",18.8,2.5,201
Vanuatu,VUT,WPR,Lower-middle,2004,3.5,63,65.7,12.9,9.4,3.5,21.5,0.0,"1,749",1,661,"4,612","1,774",18.5,2.3,206
Vanuatu,VUT,WPR,Lower-middle,2005,3.3,62,64.8,13.4,9.8,3.6,21.8,0.0,"1,722",0,664,"4,384","1,874",18.3,2.1,211
Vanuatu,VUT,WPR,Lower-middle,2006,3.3,68,64.6,12.5,9.1,3.3,22.9,0.0,"1,839",130,681,"4,960","2,035",20.1,2.1,216
Vanuatu,VUT,WPR,Lower-middle,2007,3.1,73,71.5,12.9,9.4,3.5,15.6,0.0,"1,080",334,700,"5,649","2,334",22.5,2.2,221
Vanuatu,VUT,WPR,Lower-middle,2008,3.1,82,72.4,12.3,8.9,3.3,15.2,0.0,"1,234",300,740,"6,302","2,604",27.8,2.3,227
Vanuatu,VUT,WPR,Lower-middle,2009,3.3,83,61.6,12.3,8.9,3.3,26.2,0.0,"1,134","1,470",791,"6,914","2,546",27.6,2.0,233
Vanuatu,VUT,WPR,Lower-middle,2010,3.5,99,55.0,12.1,8.9,3.3,32.9,0.0,"1,263","2,212",852,"7,509","2,815",28.3,1.9,238
Vanuatu,VUT,WPR,Lower-middle,2011,3.6,114,65.6,11.6,8.5,3.1,22.8,0.0,"1,236","1,401",867,"8,083","3,163",25.1,2.4,243
Vanuatu,VUT,WPR,Lower-middle,2012,3.9,118,58.4,11.0,8.0,2.9,30.6,0.0,"1,450","2,226",876,"8,627","3,005",24.5,2.3,249
Vanuatu,VUT,WPR,Lower-middle,2013,4.4,131,51.1,9.9,7.2,2.7,39.0,0.0,"2,334","2,817",896,"9,144","2,980",22.9,2.2,254
Vanuatu,VUT,WPR,Lower-middle,2014,3.6,108,16.1,12.1,8.9,3.3,71.8,0.0,"2,233","5,652",930,"7,347","2,973",23.3,0.6,260
Vanuatu,VUT,WPR,Lower-middle,2015,4.2,119,48.6,10.5,7.6,2.8,41.0,0.0,"1,883","3,784",988,"10,068","2,855",42.4,2.0,266
Vanuatu,VUT,WPR,Lower-middle,2016,3.0,88,43.1,14.4,10.5,3.9,42.5,0.0,"2,587","1,856","1,007","5,991","2,956",35.2,1.3,272
Vanuatu,VUT,WPR,Lower-middle,2017,2.9,91,51.1,14.2,10.4,3.8,34.8,0.0,"1,725","2,061","1,017","7,073","3,160",37.1,1.5,279
Vanuatu,VUT,WPR,Lower-middle,2018,3.4,110,62.2,11.3,8.3,3.0,26.5,0.0,"1,706","1,883","1,004","9,444","3,207",33.3,2.1,285
Vanuatu,VUT,WPR,Lower-middle,2019,3.5,112,54.5,10.5,7.7,2.8,35.1,0.0,"2,394","2,480",985,"9,487","3,207",39.8,1.9,292
Vanuatu,VUT,WPR,Lower-middle,2020,4.1,125,62.4,11.5,8.4,3.1,26.1,0.0,"2,621","1,603","1,215","10,634","3,043",43.4,2.6,299
Vanuatu,VUT,WPR,Lower-middle,2021,4.6,143,26.9,10.7,7.8,2.9,62.5,0.0,"3,905","6,290","1,218","10,482","3,107",44.4,1.2,306
Vanuatu,VUT,WPR,Lower-middle,2022,4.1,137,39.9,11.3,8.2,3.0,48.8,0.0,"3,263","4,915","1,299","11,218","3,370",42.0,1.6,313
Vanuatu,VUT,WPR,Lower-middle,2023,4.1,143,56.6,11.5,8.4,3.1,32.0,,"2,984","3,002","1,432","12,669","3,483",41.6,2.3,320
Viet Nam,VNM,WPR,Lower-middle,2000,4.1,21,41.1,55.0,34.6,1.7,3.9,28.3,"33,652","4,867","103,238","42,959",513,17.8,1.7,"77,154"
Viet Nam,VNM,WPR,Lower-middle,2001,4.8,26,32.8,63.5,29.7,1.5,3.7,23.6,"37,689","5,116","111,767","39,519",532,19.2,1.6,"77,969"
Viet Nam,VNM,WPR,Lower-middle,2002,3.9,22,44.0,51.7,34.5,1.7,4.4,32.7,"38,944","5,534","115,466","43,203",565,19.7,1.7,"78,772"
Viet Nam,VNM,WPR,Lower-middle,2003,3.9,25,40.3,55.1,34.5,1.7,4.5,28.6,"45,975","6,075","133,314","51,244",631,22.2,1.6,"79,564"
Viet Nam,VNM,WPR,Lower-middle,2004,4.1,32,41.3,53.6,34.7,1.7,5.1,28.2,"61,911","9,037","174,594","74,941",782,19.4,1.7,"80,339"
Viet Nam,VNM,WPR,Lower-middle,2005,4.3,39,41.4,54.9,34.6,1.7,3.7,27.2,"69,030","9,432","214,092","97,510",902,20.6,1.8,"81,088"
Viet Nam,VNM,WPR,Lower-middle,2006,4.6,47,39.4,56.9,34.7,1.7,3.7,23.6,"84,878","10,391","260,104","128,711","1,026",20.5,1.8,"82,168"
Viet Nam,VNM,WPR,Lower-middle,2007,4.6,54,38.2,58.4,34.7,1.7,3.3,22.0,"95,588","12,362","303,781","154,726","1,175",22.3,1.8,"83,633"
Viet Nam,VNM,WPR,Lower-middle,2008,4.4,64,39.8,58.1,34.6,1.7,2.0,22.9,"101,703","13,861","363,193","191,360","1,478",21.4,1.7,"85,176"
Viet Nam,VNM,WPR,Lower-middle,2009,4.5,70,38.2,59.6,34.6,1.7,2.3,20.8,"119,105","14,950","412,718","221,360","1,557",25.0,1.7,"86,460"
Viet Nam,VNM,WPR,Lower-middle,2010,5.1,85,40.3,57.7,34.7,1.7,2.1,22.1,"153,379","22,300","550,907","310,249","1,683",23.7,2.0,"87,455"
Viet Nam,VNM,WPR,Lower-middle,2011,5.0,97,38.9,59.0,34.7,1.7,2.2,20.0,"197,141","25,163","690,450","400,119","1,951",21.2,1.9,"88,468"
Viet Nam,VNM,WPR,Lower-middle,2012,5.0,109,44.6,52.9,40.8,1.8,2.4,23.7,"241,832","32,720","928,288","508,914","2,185",23.5,2.2,"89,510"
Viet Nam,VNM,WPR,Lower-middle,2013,4.4,104,45.2,52.2,41.6,2.0,2.6,20.4,"247,783","39,377","906,338","581,161","2,360",24.5,2.0,"90,573"
Viet Nam,VNM,WPR,Lower-middle,2014,4.7,119,44.3,52.6,41.0,2.5,3.1,19.2,"310,842","60,867","1,036,386","694,449","2,546",22.8,2.1,"91,680"
Viet Nam,VNM,WPR,Lower-middle,2015,4.7,121,43.6,54.3,42.1,2.6,2.1,20.7,"337,308","39,145","1,110,164","642,229","2,578",24.2,2.1,"92,823"
Viet Nam,VNM,WPR,Lower-middle,2016,4.9,133,43.8,54.1,41.4,3.5,2.1,23.6,"383,187","50,280","1,208,294","641,395","2,735",22.2,2.1,"94,000"
Viet Nam,VNM,WPR,Lower-middle,2017,5.0,148,43.5,55.4,42.6,3.9,1.0,29.9,"443,329","14,244","1,405,360","464,411","2,956",21.5,2.2,"95,177"
Viet Nam,VNM,WPR,Lower-middle,2018,5.0,162,41.6,57.4,44.6,4.1,1.0,32.1,"502,622","2,265","1,632,133","351,562","3,222",20.5,2.1,"96,237"
Viet Nam,VNM,WPR,Lower-middle,2019,5.0,171,40.6,58.4,45.1,4.5,1.0,32.3,"560,540","2,140","1,779,931","329,479","3,441",19.8,2.0,"97,174"
Viet Nam,VNM,WPR,Lower-middle,2020,4.3,153,41.3,57.0,42.4,4.4,1.7,30.6,"551,969","25,902","1,506,692","406,954","3,534",21.3,1.8,"98,079"
Viet Nam,VNM,WPR,Lower-middle,2021,4.5,168,43.2,55.6,40.5,4.9,1.2,23.7,"604,065","31,981","1,575,258","792,720","3,704",20.1,2.0,"98,935"
Viet Nam,VNM,WPR,Lower-middle,2022,4.5,188,43.4,55.0,39.6,5.5,1.6,25.8,"701,740","40,707","1,735,741","814,632","4,148",18.2,2.0,"99,681"
Viet Nam,VNM,WPR,Lower-middle,2023,4.6,197,44.3,54.6,39.2,5.5,1.1,25.6,"746,849","26,837","1,838,877","902,943","4,323",19.3,2.0,"100,352"
